,freqs,psd_p03,psd_p05,psd_p09,psd_p14,psd_p16,psd_p18,psd_p20,psd_p21,psd_p22,psd_p30,psd_pthal101,psd_pthal103,psd_pthal104,psd_pthal106
0,0.00390625,0.9238902133759559,0.6325226031078408,0.33866402425960596,0.062045642534548556,0.7539215451571336,0.05372439284385789,0.1700302836717004,0.19054022685997257,0.766661477753565,0.09443931021274359,0.29073203302094364,0.33157129804609253,0.27144825159806846,0.6141789803456126
1,0.0078125,0.49174675431375015,0.799363106337348,0.25391968933616854,0.044477294721703316,0.6626300501363555,0.07049741538366765,0.23316659122958483,0.17176143550564485,0.653930455022553,0.07490711411167474,0.5257813818803712,0.3347027537155529,0.21161568381335294,0.28710694756780114
2,0.01171875,0.2461279935013158,0.5038132104576556,0.17728304021569716,0.04025164414798487,0.4732287771623775,0.06945053600446503,0.23011488460179655,0.14877220243283787,0.4067509074153081,0.08375446129231252,0.31596449544138083,0.2696610339867868,0.2267605659702179,0.1747222328950695
3,0.015625,0.2527196388499314,0.28214793430870766,0.17851032258836746,0.04962729930004983,0.3248115090218943,0.034588071167100616,0.2582318532346652,0.1472615339516406,0.34284265239354067,0.07955891126178002,0.15096746806199474,0.224556724668581,0.13638489133631937,0.21214478795155234
4,0.01953125,0.2242921750992037,0.37169884089452065,0.14251724902493257,0.04284275139833756,0.3142627952420747,0.014010939293447322,0.16585156832736478,0.10948145649044629,0.31124919799227563,0.07987828348869261,0.22740800581085646,0.2079823332298497,0.07710198150450391,0.28788879419741864
5,0.0234375,0.22272012186008058,0.3314485362849502,0.13580552740316693,0.027933619374248937,0.2593731261042363,0.01364505876589726,0.14217085809869323,0.07372884270346883,0.26908343993450534,0.0678996933318223,0.2755955197972659,0.18745714072454583,0.06185843491669878,0.18719921694963165
6,0.02734375,0.3768076212522612,0.19939700547346095,0.11350835872043173,0.03946973230384502,0.2497429568522901,0.013336652971152108,0.2724123860452352,0.056718530174733196,0.2645608297521561,0.13841818774713555,0.2201131712958492,0.21360767516048756,0.053835072984130275,0.1129664008614941
7,0.03125,0.4222524459683115,0.25766292854926015,0.1271962383121931,0.03884885874969271,0.1928735579083723,0.020337883552286495,0.21647681366298177,0.07255726681762714,0.2717679089629401,0.20542890935546287,0.3302916767028908,0.1720835687696567,0.07137333203496085,0.28573389664866156
8,0.03515625,0.2601224644187811,0.23070036603803284,0.14643416540768864,0.027802441803926485,0.19126888567505806,0.01840271335437475,0.2012609873687751,0.13629442066987843,0.23924584529167872,0.11511840064388341,0.18790171263713945,0.1480831937727657,0.04541334857339775,0.25419641747782895
9,0.0390625,0.17569003768677185,0.20174675296356095,0.14853737929051408,0.0393451478528525,0.23921499633524626,0.015516598262909975,0.21551538552206737,0.12743332338262336,0.22179729114787453,0.06593164747989202,0.2575149127788522,0.13983420932500884,0.05975031008255749,0.21040897224549357
10,0.04296875,0.20702864326572104,0.17657098643264665,0.1813276377612472,0.03196259164547751,0.26487869724692936,0.01719209288882137,0.17359675590460458,0.10235286107873179,0.2253208259764918,0.0675396898185017,0.22673193502239739,0.12895100344404312,0.0888713087193519,0.20826787135548255
11,0.046875,0.21470284842159523,0.18026999619825493,0.1531828983307329,0.048370650727387415,0.2616646635298745,0.012714822721090467,0.12132477915510705,0.1276439655819202,0.1730969836001509,0.05981495217537349,0.2315158682877764,0.11730586062480326,0.07700844585344718,0.10352026300289034
12,0.05078125,0.2831481157975412,0.2577381659881136,0.1396338943519888,0.050838165289653826,0.274371443007901,0.01767150992358001,0.07209194475282213,0.07996193583730278,0.1632209628622966,0.10365986685319836,0.36309428692621337,0.12013418744301506,0.09506836610048713,0.13470836024363697
13,0.0546875,0.3290566556742572,0.24508305314326811,0.1712652823488261,0.03661711432554589,0.23957070134249303,0.02048990077573875,0.09865145121100445,0.059361420973333585,0.19125342156800176,0.12945614262296243,0.30960627165456145,0.13071700046731569,0.08737516259842132,0.07076127805276587
14,0.05859375,0.2288966078837303,0.14299396973453277,0.11493341174935505,0.03619047470490866,0.22702031245294702,0.023170574174302655,0.10730354171430319,0.05853433082941972,0.1521766674528164,0.09526017831389445,0.2902144556539189,0.11487837748583886,0.07227355597130429,0.05974430996038166
15,0.0625,0.14891942288621451,0.16509628346821367,0.11227373744290996,0.029941857168039227,0.18929117058871955,0.0072861003276551,0.14492238111558542,0.07062487713616704,0.2191802862849194,0.06910563295402676,0.20889776264611667,0.10505736053614212,0.06283476713385103,0.08757369704119174
16,0.06640625,0.1742289747031211,0.18558746965032663,0.1334777946607261,0.03558435967844829,0.12529700013617967,0.012573023785960579,0.09377692840690331,0.05492267178802698,0.19564781621371352,0.06689263497698436,0.1534513788762005,0.1176603759366242,0.07339411065820547,0.10313374382297721
17,0.0703125,0.11832433953621309,0.1956560771448496,0.13196458745802628,0.04767046977331639,0.14357239346874925,0.011680463992318278,0.1116644677936263,0.03742791200214089,0.14548982032721292,0.06639895543280967,0.1392370616587684,0.09594895095339952,0.08461504475238693,0.09608823842332105
18,0.07421875,0.13470983043610224,0.14468628170931228,0.11941405382601405,0.04944337564697925,0.13135946981223545,0.04501439135494415,0.06821206023599174,0.02886321376745607,0.1396909986361277,0.06966588672577081,0.07112306526748151,0.09202152513677088,0.07721119442589137,0.08508566892026186
19,0.078125,0.10333404348083272,0.14218560458900684,0.11110763738336578,0.04195852957738447,0.13339496570811288,0.06619651578053136,0.05416265925883363,0.05916240635232763,0.160051829796002,0.06918827977618287,0.11369684899855201,0.08430827259854531,0.10311244043658524,0.11476692240847174
20,0.08203125,0.11268366462255108,0.11924460519176967,0.11030885063243251,0.031049621608420737,0.13783061834630111,0.036383123451913996,0.08715204913820547,0.06134050795604511,0.1525297813320346,0.08043293728656961,0.12522961687438025,0.09074178326675103,0.09007606703154139,0.09460396982061177
21,0.0859375,0.15000616067912675,0.07498217169656662,0.09047026392105294,0.03845799911901029,0.13333598905807573,0.027108668044065226,0.08142344415939513,0.0413879526344205,0.1292930891180387,0.09391620837341101,0.1156647485323988,0.07522855189415062,0.06081570371283281,0.10177603120598865
22,0.08984375,0.14983829962594092,0.10054328391599791,0.07728935716293626,0.030975387758048818,0.12346873899928137,0.035605473429280804,0.05789245661056585,0.03059423988642703,0.12047099879017203,0.061344452452704326,0.16688948168275825,0.08035649701392236,0.039352080402720827,0.13929658551676583
23,0.09375,0.07772829328662531,0.08428271355280556,0.0894580523604262,0.04486900706206442,0.13511439740972117,0.02187788653111844,0.058512167725296695,0.05319368343684975,0.13742559410234406,0.06018509590786149,0.09654834839787099,0.06536713706968598,0.030981306268880678,0.12577414825967628
24,0.09765625,0.10301966108725032,0.0985527448694441,0.09402029636165125,0.043965423887086436,0.12150497702353301,0.015021994440157033,0.050535287989584,0.07146470600814588,0.14134597452801612,0.06402262357287909,0.07129862232201088,0.06588576455252272,0.037671590748597245,0.08596751849679922
25,0.1015625,0.12542373449473013,0.12145448103358707,0.08841651608254184,0.04042896965222797,0.10803494959310278,0.03437047066482868,0.06872936104396794,0.060976650262782865,0.15766882396171913,0.05693316943121949,0.10105443613163638,0.06589306026949211,0.05936060564346244,0.09330340918016392
26,0.10546875,0.13220447350130057,0.1503510268305983,0.08613612227624673,0.03213227305913445,0.10098712076175931,0.021426289558772238,0.10811970284736994,0.05113258188088415,0.11411683082314647,0.05339949905314727,0.12997063978665924,0.07937194874591157,0.03878580575889183,0.11444217492407605
27,0.109375,0.12195195641983426,0.13662832978756223,0.08231450432405282,0.019319807231789103,0.1294717843187143,0.021476882417405387,0.09300794359812459,0.05099991186858662,0.1170898619405377,0.06560013761665791,0.10967541141111811,0.07527363974094944,0.031203220869141072,0.071505720215383
28,0.11328125,0.1253647529027159,0.1456895299320024,0.08023537558585661,0.027515668818293856,0.10584485792353723,0.02863878538320058,0.06371799872101847,0.05087246688225873,0.13221301774902303,0.07472362353013408,0.10722068141874683,0.06945641235418233,0.037369942369754744,0.08142679651195339
29,0.1171875,0.12205715232588187,0.13185585356511656,0.06243558028119214,0.0244056281931349,0.10327470981376187,0.01902057355490034,0.07207910581122749,0.06944384305587345,0.1265416586546279,0.07732263110289309,0.12730472801356804,0.06715018623899056,0.03113516129084806,0.07963925945275142
30,0.12109375,0.0659725466779877,0.11343179767630895,0.06534215947607354,0.028337329743646795,0.10334600972226526,0.012501449578769483,0.09735337966734575,0.043714665602109,0.1275762454897324,0.0296573662973052,0.07828045584719015,0.05906704883629263,0.06191247264367307,0.08318272034585997
31,0.125,0.07416910057660651,0.09745382169994601,0.060970535218555014,0.02484606869868221,0.09782921831791888,0.01832690755110147,0.08007863507796537,0.02550951789961811,0.11959946555942129,0.04685590056834769,0.13298165262185918,0.048218146041288885,0.050994185670174,0.07853892320466609
32,0.12890625,0.0716972790770405,0.10193721096572972,0.0648803470874551,0.031214472251370935,0.08960980035075704,0.0038157852327270277,0.07222510695971036,0.03394977710380975,0.11205295433015826,0.04826689513646101,0.2108159492538569,0.05775606054834279,0.0681010319693567,0.0677097468907253
33,0.1328125,0.09633015240049578,0.060871366212138234,0.08283831137910613,0.03278484117421562,0.10066695243180782,0.024147056444603927,0.04418431438539897,0.03255327913519128,0.1038021114913415,0.03983569740297248,0.1454027156635005,0.05927417577451747,0.05881069517450251,0.13791703285708296
34,0.13671875,0.12045325088610423,0.06747189791816052,0.07622256209120705,0.03264337879468505,0.1042306577041019,0.03609556464509492,0.045647647831237974,0.05206728110401217,0.14583587688734204,0.034092886561035575,0.15883653681304807,0.0611698406357484,0.04982930621998984,0.1591297487704449
35,0.140625,0.13527830986971973,0.0643482710727872,0.05426970241631194,0.030022038927532437,0.07881444516748147,0.011763522249036281,0.0340747184582015,0.04115149326770517,0.14240769641563203,0.0551502538645955,0.15035424726272695,0.0713098881011698,0.07445798813063771,0.10319135754900066
36,0.14453125,0.11056738484299757,0.07559134939139231,0.06504185683333814,0.03501526752344007,0.110994719371181,0.018738615505921423,0.04796716706696772,0.027701435546583983,0.1567188414390223,0.05732391828689574,0.12923523724969674,0.06313704629015639,0.068818775777606,0.10343674483855933
37,0.1484375,0.10746974003297849,0.10507801172502644,0.07282663740249815,0.03743916124638233,0.10554184834950193,0.01121123320872703,0.06660044359687992,0.031005903196005026,0.10941520252214328,0.030711566029533354,0.17171870539586784,0.05661991323315912,0.07883212180863504,0.08929199481717057
38,0.15234375,0.07947988605469088,0.12873739874194573,0.07091694418119278,0.036401267894369434,0.08426434778073945,0.005817168278309421,0.06309721503940818,0.04349875448402764,0.12148801113341355,0.02047248071559762,0.1354193564664432,0.05458869826781506,0.0802128568245622,0.06518537304985347
39,0.15625,0.07586310047564512,0.1171713084181814,0.07190173032389639,0.03946317397916063,0.0743636678419387,0.011793760207646331,0.04054177892209855,0.028296248534789376,0.16236604957560294,0.031910758697148274,0.07702504165071207,0.05471981027895147,0.06330143489844055,0.12542821736216073
40,0.16015625,0.06178699191952056,0.12418880781693771,0.06874372754537411,0.02106303878863201,0.09414576043937699,0.005601680264610639,0.031915002347185986,0.02227763684078209,0.13812998824458644,0.0343251570872574,0.08809657976520785,0.06034282069644337,0.06851617258324609,0.1532590439818813
41,0.1640625,0.08808044147003753,0.07668440944798882,0.0766700609018733,0.020129023653676772,0.07858047497029258,0.0060752033087602365,0.045266961079002764,0.033736717233181356,0.1312965637482402,0.047227927613245645,0.07961427583621887,0.0677482000262748,0.060120161332499075,0.10651578094572975
42,0.16796875,0.14633350523416033,0.09715487045416732,0.11130746966077555,0.02255700439731865,0.09852980236435088,0.0126420344948249,0.04705299337417796,0.027307562697352867,0.13843764035720083,0.04076991159424366,0.044784067957740106,0.08144820332657166,0.044746536047966634,0.07155684075008606
43,0.171875,0.08475342389552884,0.11177353270502162,0.09124185875332418,0.027777406523659533,0.11074172793546311,0.017168036520818806,0.036532913909259855,0.028641261546561846,0.11882231540785568,0.03850266026201269,0.07989559322855887,0.0818252357239896,0.059049074229616,0.05089755691079465
44,0.17578125,0.09955447900035039,0.09382868700594517,0.059159459829898904,0.03944213978963395,0.10838458410589207,0.01707546264365467,0.042887866079038835,0.047090373030976275,0.14451918728173688,0.025916412297076842,0.07134220327239849,0.07735983666236265,0.05215573290051795,0.046544179180835484
45,0.1796875,0.13865390861030188,0.07983737482287168,0.06311539596998474,0.044590933451191,0.10025055952971267,0.024002649426356555,0.05284137946453655,0.04798909230619334,0.1344965958468156,0.025805218407055873,0.0882020492942074,0.0863395780512933,0.07316003009303725,0.06424794559341067
46,0.18359375,0.15116027783942584,0.07969856906100585,0.07700489674098038,0.028381967029842144,0.07874162577460835,0.024922224591027654,0.056484191836756854,0.054619652211020046,0.12445310101819729,0.017296605711961184,0.10035105556685604,0.07150153755267485,0.06851239442361481,0.047673975460374204
47,0.1875,0.1316674526941717,0.11199243563934302,0.07353863186693044,0.02243964593754745,0.06728166174424983,0.02108140656546906,0.06318989068619583,0.05258287150344092,0.1098587117673454,0.022478040891399587,0.08959547972360574,0.07280892943675792,0.06110242668482104,0.08367738380069369
48,0.19140625,0.12723699921781736,0.09784724786458421,0.06126006856631432,0.02964697098919918,0.0735914334348669,0.027044221271619664,0.044121487666633326,0.03717809951864151,0.10772407506067333,0.028248759908313614,0.10087164674198901,0.06750026724114433,0.04900668565052642,0.06611947806302607
49,0.1953125,0.09875211363024507,0.08331246922129777,0.07710052391046716,0.026549453061646987,0.0745209156955701,0.017010943745773836,0.0316649459246949,0.03183629207777183,0.09601491023587862,0.03132115806862608,0.11010228839228853,0.06326908198094576,0.04898935280046405,0.05845044033679752
50,0.19921875,0.12310448048470601,0.13175424390677332,0.07563103342133466,0.021678369639902727,0.07045635124603952,0.01867746138690605,0.05677328337446727,0.028453185466441988,0.10912392324164165,0.020930900916520483,0.09448998874816955,0.06825085217214927,0.05037945741817334,0.083326401713442
51,0.203125,0.15533298471143822,0.09109173778863623,0.09578201498412937,0.020070547496375005,0.08240136764945762,0.024371487546089754,0.047982142620522895,0.028839009156098834,0.10038437684386418,0.039667098745906806,0.12101117088684277,0.06419947227854453,0.03712237833507372,0.1219066867636904
52,0.20703125,0.1310127594512499,0.13687808788478367,0.07369655643762546,0.019405081141008553,0.07853440434477466,0.00514384536297794,0.0623744012825308,0.02825526887772601,0.08102537748683436,0.033876108592085355,0.08322258516244234,0.06894976587085228,0.037276695243738854,0.16179170689813183
53,0.2109375,0.07957245433913739,0.0942392423210798,0.07649554868120086,0.02679046045255721,0.06130266198216312,0.00820226401359177,0.04331169196946447,0.0228146570935073,0.08807262568680237,0.039512919897699575,0.08339270999298572,0.06576947506138121,0.044275794963218554,0.1248000218643184
54,0.21484375,0.05359105437209877,0.06971613610761809,0.06467217369609181,0.02472334663880648,0.08100744640454824,0.007577387462818798,0.04322064245934567,0.034533402791787175,0.12039278586219095,0.03346919224063115,0.09021113908807867,0.06918042839662984,0.06315488084519155,0.1153903145665006
55,0.21875,0.05653604806647851,0.1120857848490104,0.06976937704771682,0.02331111581189023,0.07393000907712498,0.004489511851427942,0.046964054954100144,0.03885884842093992,0.12797356960170048,0.028467911061095592,0.07971566741065643,0.06891543522468656,0.041380516069080386,0.08538933233367497
56,0.22265625,0.11079616731891226,0.10883054720266869,0.07131299112578315,0.0357408378480005,0.06459243699526028,0.014086108321422456,0.04766234519781946,0.05927539859502049,0.12775006113633272,0.04427662982094365,0.14668419239392072,0.0679524717449791,0.03138429642744147,0.11322284779751786
57,0.2265625,0.1327072045863619,0.09373436618031936,0.0766933602465791,0.03908920633468399,0.07055471099113567,0.011070887991813362,0.04790100126082358,0.039897465228180315,0.13272949004272744,0.03630422931579165,0.08430560067805182,0.06916387084754588,0.043384848096379755,0.11080931847701411
58,0.23046875,0.08529288888093993,0.12912072244063622,0.05745857933505575,0.02943240448939561,0.05624594181388381,0.0046168866232531875,0.03966316637478202,0.03644128093678092,0.12852302677014132,0.022015681220983806,0.04259533501743841,0.07696833072611656,0.03550021342000482,0.10087639055924676
59,0.234375,0.09757726446169948,0.07552350751784148,0.05271222036507377,0.019729247795814465,0.06461009607369383,0.017687054839324055,0.036216947715280966,0.06672861478929691,0.11213914558190387,0.03447264030807934,0.07945232386388515,0.07805782619985556,0.03459456344413904,0.10967432437860859
60,0.23828125,0.09475668348330221,0.08668382198458825,0.06408258747187903,0.021166424592852257,0.06803232555547921,0.034199037219825625,0.024665444478859263,0.06810937612653711,0.09763494526258962,0.02044886855809108,0.05701955296689235,0.06258349730556897,0.043574709061807555,0.10300741363500214
61,0.2421875,0.08676580469127419,0.07751124956199,0.06561660243305137,0.031557732822635715,0.06996363790803817,0.033687912974475,0.020686932685631754,0.04118650777462621,0.11234330103361877,0.016381599515101153,0.11714033880297188,0.054848378132544985,0.05137422004130553,0.061730708086466586
62,0.24609375,0.09028581413620783,0.09428139911568179,0.068146189426544,0.03141770866622984,0.06634551112245937,0.022591621796968907,0.03609172652504316,0.024263261545656244,0.11790771712482954,0.02078393055893101,0.07346984017333288,0.054353372728857395,0.04856172799384694,0.0577855601407131
63,0.25,0.12624341056826244,0.09054533297859041,0.07355761891824592,0.033723331037697965,0.07620241912625175,0.01345489779018351,0.04266824324583194,0.024906646149895812,0.10545562358556544,0.032319205138735194,0.057419930069159554,0.05573466120036143,0.05330508321575227,0.06984563244407407
64,0.25390625,0.08967901015940405,0.09085471765163773,0.07536602881743593,0.024648006787615303,0.08873122083646112,0.029161232323502997,0.07273996609791304,0.042399119632762515,0.11328810962444981,0.0367597255735599,0.04514958174471007,0.061629744035091694,0.05621822823608515,0.059511207820591584
65,0.2578125,0.09720487605263127,0.0881381913192609,0.0526797036432771,0.02577602191339165,0.09363164061418017,0.038380791574758814,0.053602902309923206,0.061159806854011046,0.10302318521417232,0.03991697993006714,0.08363566590202891,0.07085878734081899,0.04336949607384544,0.07365585804106314
66,0.26171875,0.10360031579139906,0.061665222002163914,0.04659388116698917,0.027096721489201933,0.0931856644956215,0.008258896407399753,0.029676180789697203,0.06174117640414841,0.10359214247017891,0.02175440726039798,0.11687954075343991,0.05906567772489871,0.031672787570996945,0.09517024045070498
67,0.265625,0.08950866834700484,0.06731020098056509,0.05927906017928248,0.024744203409639794,0.07781924002625097,0.021528226038759497,0.0175707550642392,0.041837313918485344,0.12676343852413516,0.02283384904705035,0.09392073490842659,0.04362765611722958,0.04878150192851448,0.09227769339527729
68,0.26953125,0.06432106389299012,0.08561550954262154,0.06339140906492535,0.02070385556956112,0.07943646874636008,0.019950522417423202,0.022637654149286198,0.0426672648911683,0.12436398657310899,0.0334579842231263,0.0944351225779205,0.051904269948532825,0.03680000327845062,0.061231802612377755
69,0.2734375,0.05259329203001956,0.07024215163755057,0.07214448017765751,0.03033185560487432,0.09057500596113162,0.015824308352392354,0.03788211253515719,0.04442755300628974,0.1132884317056687,0.04486579751244218,0.15149886314149236,0.06144554978791286,0.039730816810996696,0.04590781811655249
70,0.27734375,0.06611523092695325,0.07040025281790871,0.06565097004399817,0.01913834220084524,0.10380310904210935,0.01441337531475222,0.04419919990257191,0.04616186473811041,0.09018708194128056,0.025666280518844935,0.1400085443560981,0.06388938290219959,0.053541212893829807,0.061033941372728905
71,0.28125,0.10758554722843335,0.05410805162313679,0.07133496876888473,0.03214346199365817,0.08273847319422861,0.008931437711878324,0.056852987599063175,0.04847802080794779,0.11291076000663951,0.032421649157188245,0.08788162965293404,0.06325140200414921,0.03307460377712746,0.09602337220507458
72,0.28515625,0.08162750087197623,0.09086336741310662,0.08297652107969233,0.029821758240570262,0.06509245693023391,0.008436344171457232,0.03878112362416262,0.03978982686947169,0.11313047939714452,0.023367854278910874,0.0848372133556478,0.057235132489716845,0.03760852775076835,0.10257562798847444
73,0.2890625,0.09325061369187204,0.10881158421138437,0.06314026612085556,0.0227241814409672,0.0879841265260964,0.00673736882226237,0.04537321793425279,0.0501947491724257,0.08991028994177475,0.025305542703614608,0.0933327466656695,0.05873274502853829,0.0327199401177742,0.11318448615493551
74,0.29296875,0.047283606673995095,0.0893300076267072,0.06313638398579588,0.03785484758003535,0.10081212662992106,0.010463073516205526,0.05278482222648781,0.032165771397404015,0.08147184725848913,0.04093921545425027,0.09111058599133857,0.056377352704333375,0.0404489253666083,0.07498251372398354
75,0.296875,0.09622730780926024,0.054053557336884425,0.0593371560251685,0.024328677011299975,0.08409978603809272,0.006618964804498113,0.02409633194516188,0.021680707567816954,0.09711626801270032,0.033021138440269646,0.09565504533390531,0.05333360217996744,0.03970758167756051,0.08028352249766516
76,0.30078125,0.13529439110941127,0.05319346950343433,0.061552187680851356,0.01592356534107939,0.07403529346269665,0.011815769872671439,0.05238772010159461,0.0168476197526276,0.1246172667299364,0.04977006805103062,0.08410044339749718,0.059185250520229174,0.03631918867420613,0.09072013184997074
77,0.3046875,0.11129892834869308,0.07775416243391287,0.04528934447201528,0.025660147719406716,0.09082394338169418,0.014501493993376807,0.09241969528856976,0.022982190265560743,0.10273893099225716,0.03490631681202709,0.05125421920308282,0.07236786922445154,0.04130630702107075,0.09176868471025555
78,0.30859375,0.07642005453412122,0.06431372360714181,0.046077535464593936,0.020924249974701933,0.07907812452369052,0.010377705198489086,0.06640566082127247,0.05010616730671693,0.09185092895297696,0.013212196175160121,0.04290277008304532,0.06506915564744607,0.03698800879095385,0.05882672245134511
79,0.3125,0.08411119849441953,0.06580724773479248,0.042495175796905614,0.01791958410182322,0.07052890259267167,0.004746515003318637,0.036128316590601416,0.05860671673265273,0.11843103295607213,0.021909845642765765,0.09362623408849008,0.06245705575364311,0.03792194180265263,0.06298103288331675
80,0.31640625,0.1063732972989595,0.08509949679751934,0.05698842882515259,0.02163619653573209,0.0720766672394696,0.00983723785914761,0.051178219972815776,0.03357331282406051,0.1394372821395935,0.02393030260278544,0.14639038284905906,0.06230733434082324,0.03760248307034501,0.11288090579054118
81,0.3203125,0.07208224085832622,0.05218300212994351,0.06585556134824838,0.022780154989800582,0.06462149689474293,0.00373435460469841,0.06167272958172828,0.027005831299635297,0.12026604047200609,0.027712030957337534,0.1151662630187494,0.05368264484448882,0.040296218708060015,0.0986561737809355
82,0.32421875,0.07781326290278064,0.06203202773120997,0.08192009102830654,0.023295667270162832,0.05787166919940982,0.007338482141199419,0.059426585960193144,0.044068767196375494,0.13161955405385525,0.043084125819064414,0.10519537349306132,0.050221921719289526,0.061810559298811595,0.08466273742185924
83,0.328125,0.10996264922786479,0.07405245537472632,0.07705647467294359,0.018763840644368788,0.06679804695745753,0.01689758638413065,0.022646531156680638,0.033038342952890765,0.12080240143437847,0.03781847277124463,0.1209903920708755,0.07058237409168833,0.03669410906078948,0.09106139560058056
84,0.33203125,0.08812986518110717,0.12074910900429217,0.0617655593871944,0.02594102593921626,0.0695495636260939,0.018335031750410305,0.0502663445600935,0.029518866451741867,0.09879395330308913,0.022416221579765538,0.10050672828154587,0.06403173195371634,0.02830521449841677,0.07350939145561838
85,0.3359375,0.1279623275532112,0.10862745936368352,0.059160956827757044,0.02838832999687036,0.07088216888109518,0.015863033206592,0.045701859413638496,0.017444252081289247,0.09025283084728475,0.023426355221405404,0.04836065645731251,0.053227420180059375,0.05065523278683448,0.07145679860558429
86,0.33984375,0.11979271035773961,0.06789233328221599,0.07542001432007217,0.03297396323794379,0.07168046106020926,0.011544530923736062,0.045462202116920446,0.028593217607195034,0.10249366384646995,0.02270799593400594,0.08593896484954741,0.051543912112419765,0.05095047096547587,0.10271711261955693
87,0.34375,0.09633548428061614,0.07309747811791213,0.0723664904170393,0.03758501211285627,0.060728748632516594,0.0064212677911835775,0.05818027359598899,0.02895014425847221,0.11533801120407382,0.030506138820320633,0.119147178477267,0.05537745683883349,0.04187506098112857,0.097624411585964
88,0.34765625,0.11236898888936406,0.09444860138261651,0.06522890762328526,0.024960568900466724,0.06400112665762085,0.01633374530196422,0.0803066932317125,0.017228480488740767,0.112405159383195,0.024950636174646032,0.06802328466481462,0.05978691080511522,0.04789858792363129,0.03828839026776787
89,0.3515625,0.08566828844785361,0.08161506976751212,0.06435978398437758,0.020404568090474903,0.06069978266772863,0.013486036658824807,0.05727100649304723,0.0232484647750665,0.08017691034720818,0.02155130218437559,0.09469879813257545,0.06274619014165084,0.03858621514604536,0.02445633657070314
90,0.35546875,0.08837699236774237,0.07960242224147597,0.059971170337125644,0.022395667877210337,0.06797174085462397,0.018920470054951264,0.07886937516095018,0.0329037778156253,0.13446051177719107,0.030145969256803722,0.13873376940157275,0.06491266583588612,0.04737219945858007,0.024140547054707865
91,0.359375,0.10934044980133148,0.08374256616279821,0.06404214093001413,0.02380583064397488,0.06227809859982278,0.040485335511705675,0.06006833439499584,0.038961030836548935,0.12483342816146364,0.03228873492540431,0.1399434095707779,0.06834390318110543,0.051961391191034975,0.03896502911669233
92,0.36328125,0.11018732369281066,0.07926458514585759,0.058249268546526636,0.02608310259143683,0.07221338369638901,0.012069071702418433,0.047737572258076864,0.02915848376663393,0.10984438504103639,0.028672209116261466,0.1610461757627359,0.049171217447301234,0.04852030091030317,0.05017878456453843
93,0.3671875,0.0726700995742622,0.09291609006249121,0.047245589790868056,0.02514425186865861,0.07244063803027999,0.02974901068897502,0.07194284437313307,0.03594016559637827,0.11557061030347225,0.022159326218315328,0.10671808359885118,0.046356023616048944,0.05158916267463866,0.05940362497676336
94,0.37109375,0.07566434440361032,0.09479876125077139,0.05627136115170515,0.0179296507950611,0.06378913840817128,0.028189425018497936,0.03827446339869868,0.04993608617939105,0.12875270084967985,0.019246088177732143,0.0687200955750376,0.07931502496090372,0.06198285399978969,0.07112128689800838
95,0.375,0.06981240717352478,0.07268701788025148,0.06293299980750096,0.026379915200940893,0.06997714739940436,0.009209439932326003,0.02171719771856721,0.033338572969108374,0.16508498060074217,0.025703460640568603,0.061436417749368886,0.06675081431568584,0.08258024077270151,0.09615132077502606
96,0.37890625,0.09380041697866978,0.05148543740400417,0.05519478248675186,0.026761518297793656,0.06997808661023015,0.02483060555612987,0.024502668372953004,0.023521129875014063,0.1372717067471287,0.027653291522870705,0.041056090739477843,0.06350324393054582,0.041919833672974055,0.0737180713059389
97,0.3828125,0.10590580299492873,0.07185085727517727,0.0532697876938796,0.023792352470315924,0.0803936710196989,0.016290056613307038,0.026586817806033503,0.03320617268678938,0.07514412351617311,0.02447657073459602,0.041908160378050154,0.06878972605236405,0.03876397210301258,0.0867221309317475
98,0.38671875,0.09107399845626321,0.07494181807836563,0.05558010506785944,0.023788547239782805,0.0894549993480618,0.027756816852301115,0.030483427883308333,0.030342155857869094,0.10373157504011164,0.010825084553887376,0.08210989300048138,0.06198741363658017,0.08664448369113462,0.15031626658228722
99,0.390625,0.08743830802149323,0.06158529189891082,0.042178800796561035,0.03573275181030384,0.08577528970295845,0.06424957385753184,0.038591985739089694,0.028572610720167927,0.10278468448032516,0.0207372190306909,0.0899871579665416,0.05142558345098511,0.053453799499170264,0.11993386948891008
100,0.39453125,0.09219128579006539,0.08501980833807143,0.05224336479454177,0.03393958538955736,0.09323137970501018,0.061621707199993186,0.05891776518784566,0.0350270945548972,0.10010775065811267,0.031107386519405804,0.06718452449331394,0.052731057543031305,0.02662972256138364,0.1077005640930692
101,0.3984375,0.07307405662661819,0.06096736049274627,0.06923283050920696,0.030490393305655703,0.06654148235819056,0.024378161933389538,0.06462399221834625,0.03374804745504421,0.1113500356422129,0.027862359420831418,0.07826132149036663,0.043655966017507764,0.029372550524821742,0.09324347108743669
102,0.40234375,0.09949758977762714,0.08870476620891812,0.055525555863386054,0.02018307056437666,0.06817949717233417,0.021622824643575206,0.043054657795245366,0.02462002367174608,0.09979125831470399,0.0168224948904757,0.08047870822291207,0.05204113070011451,0.02769804830383005,0.10477521698104389
103,0.40625,0.10244336816629676,0.09696253634934657,0.05223196867192563,0.028191096532483678,0.06715600371181649,0.008508633667900611,0.030089974634946934,0.025597026917349545,0.08720156687081485,0.02254772868884602,0.08727635011745469,0.0722904741380545,0.029745468024171932,0.07367592327285664
104,0.41015625,0.10042635494945425,0.08656149536814543,0.05923831362953949,0.03542689299417692,0.06195518563304363,0.014737129167863816,0.027771297308899292,0.028826943227707666,0.10504638817849465,0.021827382538887434,0.1362914110106101,0.04945912958322879,0.03309009041385515,0.09005217578515556
105,0.4140625,0.09366092882737449,0.08204673651652913,0.05966377931549942,0.02910036073379949,0.07117448506691698,0.028233441692575093,0.027402522322074224,0.05301061801170587,0.10211004485420028,0.01498848671556785,0.10079946011482291,0.05385269796676083,0.04682673357973978,0.049028984178686855
106,0.41796875,0.07751826526564586,0.10181302847961642,0.06057919740500198,0.03587389643484341,0.06790917942370378,0.017148920792016454,0.015912421612032265,0.042809828310294645,0.10275223037502053,0.021949047326802473,0.09337672176834788,0.05324827596298977,0.03917737345236837,0.05527867898481542
107,0.421875,0.08460193701227836,0.06368920875381381,0.05131907018603715,0.02865715470179456,0.07715140771865353,0.028733995516996402,0.03690962032984836,0.030888613502898857,0.09200936699381228,0.025399042568016582,0.07918807973228756,0.05769280607043058,0.04364345308968797,0.047250683955841456
108,0.42578125,0.07290148111835038,0.07491151154278254,0.042428635874031444,0.018030049828539698,0.0823111671841646,0.04138930205349922,0.027457506586978084,0.03368090413453592,0.08473606798244036,0.01937765190008557,0.08663789138229011,0.051028027302485846,0.05118324133473732,0.07624937121025413
109,0.4296875,0.07444503542771862,0.05891754977490884,0.04807290970499698,0.0270847424309764,0.06830981363429836,0.03334566192217092,0.033448971944609246,0.025075130272989892,0.09622160500200659,0.01860323644568058,0.05209026609735958,0.040268032799611136,0.030296295028064454,0.12406130206452162
110,0.43359375,0.06290942397601262,0.04755875764713457,0.059127346012362796,0.024683455986750258,0.09370022141054593,0.0233129574156078,0.025586711887868416,0.03172601409259032,0.10464786101600322,0.015610991462866533,0.09716144170253811,0.050460469717685155,0.024964602421970964,0.09709446351632259
111,0.4375,0.08754834381706676,0.06454006915866399,0.07517808182243685,0.03353716288448105,0.09504347281226608,0.020347467968480006,0.031072934872121868,0.03396683970242666,0.11117556994254758,0.014710128531437144,0.13469684699906648,0.04656308068228098,0.03319186430504417,0.030854060395738053
112,0.44140625,0.094444427078173,0.07868765767886306,0.07267969721780125,0.02706422603449439,0.07427898361785064,0.019369441322193023,0.03521964893224049,0.025089273024323885,0.09793278496775887,0.0289730504360091,0.10852904618944784,0.05301789343976052,0.04081067238177341,0.05580934499722153
113,0.4453125,0.1186013032046642,0.06394579892222908,0.04411918230723361,0.021637428848875546,0.08170615087408095,0.028214068792782942,0.03348716433342376,0.02733245074761595,0.10974064327337625,0.029672385407330516,0.07250367961790208,0.06727922932048239,0.042122417148149495,0.0838796255234664
114,0.44921875,0.13257034715869412,0.07596959311336668,0.05315005024197372,0.032265551261872034,0.08673311114960666,0.017267841099597704,0.030188227612322305,0.028343288500582674,0.14408811348288256,0.020944112936477653,0.10143218260649474,0.062400829928534844,0.07135559043475341,0.13255021470610753
115,0.453125,0.08876521055804647,0.06629553073343211,0.05356188238563535,0.042001494643368345,0.08641175459594443,0.011610105332933046,0.04215086359137302,0.028495805106334128,0.14840298979354913,0.024389570833514153,0.08053633092743044,0.05836808121562308,0.0676486966654201,0.09281903353483646
116,0.45703125,0.08303279765789084,0.0492734769548819,0.057519860242429145,0.026719494773996225,0.06935483196247666,0.006928648179353504,0.03237255061758714,0.04794604168230257,0.13548498948061757,0.025549394820193982,0.11297811489084386,0.06237760165977832,0.04069368413288182,0.09536651873859185
117,0.4609375,0.0762939606371583,0.04846469596019441,0.04654835467465819,0.030625831980301523,0.08390453412312324,0.012338156157330884,0.03554907955149519,0.056423028244761995,0.08309090977759621,0.02240483494482772,0.08409284498683181,0.0681298911635121,0.0368887089388973,0.11361921637639863
118,0.46484375,0.06939407764954104,0.07360535471721064,0.050367705093650066,0.02620465176620571,0.09075762696794745,0.025284925128577822,0.0691160450692837,0.05327445799669026,0.12225463703917697,0.035816778511102126,0.07560647956116263,0.0601106486183391,0.06315032046668625,0.12561837603089313
119,0.46875,0.0685285848275838,0.08896927600210415,0.06613935991075816,0.021185093757016868,0.07034728437675626,0.03867714476662466,0.03809883716228086,0.03342046696582825,0.1203063718797536,0.019793473518404207,0.10420424278368465,0.05854052796801351,0.05891243092845026,0.12584394161699172
120,0.47265625,0.0739812936904725,0.10050101219259318,0.06768167657045963,0.02487395894876962,0.0752128832650951,0.03411005310431275,0.02581188750204438,0.02809905644285897,0.10526974363255892,0.025663377153245105,0.05846295466794278,0.058594222802625044,0.038593492081167385,0.08617797747427136
121,0.4765625,0.0675326981420274,0.10348419935878386,0.0610029591442657,0.024136041125254817,0.079264815938642,0.023880568843937994,0.034136289466926886,0.03516976876700342,0.10730660898885147,0.0310580673852529,0.07692516099763569,0.07091377587399805,0.048461274130336345,0.09568871177808864
122,0.48046875,0.08258854297327102,0.098564671801929,0.05903358381426091,0.019704286886655223,0.09970647093043686,0.015025824479754622,0.07251637281575059,0.03380188151765356,0.10251526667623359,0.03368348758502603,0.09230256867391849,0.07724322210164465,0.04331220844525881,0.14704841063181803
123,0.484375,0.08001254065668663,0.09497563173747242,0.05191247610254428,0.03095448370501097,0.07694778116678488,0.011781558890842661,0.041791495818053435,0.024062657724212524,0.12600609862235662,0.032220141903489395,0.04370420420571217,0.058456705246210994,0.03497845702438383,0.08450251287585775
124,0.48828125,0.09645931831779793,0.08634865962405172,0.05679121760490533,0.03705889769629839,0.06797611936815318,0.0033215754951833863,0.03270630694731553,0.012028351719063118,0.12582977643655083,0.02001503328187993,0.09244769347627288,0.06099613698225005,0.02831601833525277,0.0352380350180723
125,0.4921875,0.08418884451467755,0.04867071308140886,0.06889527661409993,0.02677724475137111,0.07451122760740109,0.01853290887312654,0.06562773037835874,0.022450485889036753,0.09840216135948711,0.028632343171005936,0.07184068513279508,0.06693331861416063,0.032360263749722465,0.05151735212635943
126,0.49609375,0.10656728646782475,0.07626837670736757,0.06445165348542167,0.020486966509956624,0.06958511069949581,0.019366630345179645,0.038228593765281836,0.041168341877561965,0.0762115910450165,0.0297090164614012,0.045777785751708114,0.07440039275619387,0.043556273264188435,0.07909218701512068
127,0.5,0.11537330011858193,0.06281827088491328,0.04868350150488471,0.025502546740195264,0.0569295985900327,0.014435599856679256,0.057115396836053246,0.04258829557353507,0.08593919703480539,0.018075752220368876,0.05856058057425391,0.08306017433194686,0.029543314946933165,0.08092899237493754
128,0.50390625,0.08661534779254357,0.07759077333574742,0.06306572991019559,0.025230936198504063,0.052609481595563244,0.05928565497666879,0.07139594912357454,0.04500408069675867,0.08240064668241644,0.02173464213716677,0.05673363168827703,0.06786538188089801,0.05441840236586186,0.07617714360777003
129,0.5078125,0.10968628071320284,0.07190702909051902,0.06592419557005245,0.020461190909788304,0.0681533795768794,0.0501817025739793,0.035412796124567165,0.03599373190279144,0.07289673870418033,0.019765500014269025,0.09914207043796383,0.0603417821504638,0.10352766942935922,0.07322090230788088
130,0.51171875,0.13286757716404182,0.1070133015272851,0.0569699691932539,0.022072968526523632,0.07601621515632428,0.037477370620356436,0.034105922903732266,0.03301988772317894,0.1253430159689893,0.02872649229333818,0.11205408009472326,0.05429275112936707,0.08615572060287283,0.08359067907716755
131,0.515625,0.10997850184659862,0.0816531080795823,0.04842350681966038,0.034391997655118356,0.0826300988516429,0.02131883830242765,0.02908301808514176,0.02724313979659184,0.12228740351286965,0.027790801643282383,0.08177310956810477,0.05195544147532431,0.05370694212319138,0.10351292998262504
132,0.51953125,0.0818316844613983,0.09133474579526987,0.048544292979231185,0.037132069796050056,0.07727654652555863,0.024424491001303096,0.045176617596408584,0.030543359998782764,0.11190875451091918,0.016019086404283383,0.07851421997520285,0.05694623396604151,0.055585518186451084,0.09884610534085311
133,0.5234375,0.09056214234458393,0.08960318402699866,0.04576023150722364,0.027366587402875245,0.0650584231570136,0.037004311797292244,0.06702713434908254,0.029734796330002457,0.11367868733325749,0.020719489834768116,0.09753929440161248,0.06198843643927568,0.048217893596847576,0.11293937943825438
134,0.52734375,0.07647895310828838,0.0701924211569596,0.04341875554065186,0.023858237552029357,0.073322319792232,0.029170198464505262,0.06489690770219965,0.028181566984396087,0.11310968835191772,0.024512061669705525,0.09408991493207428,0.060759273259862176,0.047107108607675606,0.08339628473367966
135,0.53125,0.14258342017075146,0.10234765834693234,0.056169918741157114,0.02522542026039756,0.08639890705777221,0.017549581002689957,0.03633970971019467,0.03872313342318353,0.11955099469611685,0.01850820222307802,0.07183064235405921,0.0635488406151846,0.033248460336559635,0.04331723346047751
136,0.53515625,0.09427979352006063,0.06595241936424528,0.06918790549768634,0.023701460589526442,0.08137199253886475,0.00922934981687385,0.02706917846684127,0.039041897649465945,0.13014843196872142,0.02110231719671739,0.047196500499816135,0.056119045359446264,0.03085463094047322,0.05707276203780714
137,0.5390625,0.06829540310453369,0.07832946123605809,0.06424868989453243,0.017222191653195464,0.06756122210039735,0.014193888693537562,0.0306776863808168,0.033727950821720976,0.13217858078851352,0.02147717371621105,0.07087282542862339,0.04809900015704041,0.026997279589799507,0.10210965648513756
138,0.54296875,0.08761193883271456,0.09247074556428003,0.03826281904757625,0.016792873419595275,0.062442803166864465,0.014671478538050793,0.04348746841740927,0.021833661579599203,0.09617442158965973,0.03672864430522244,0.06497423743976753,0.06637023426103904,0.03582013061035922,0.11588044685017306
139,0.546875,0.08430825861351583,0.06372705101374554,0.05114154874865888,0.014713245316008995,0.07251813396931889,0.017909469510286342,0.05729379980782778,0.021662030523122607,0.10721575271394901,0.03971440807303201,0.06755981836873418,0.06689076748718827,0.05039359782707543,0.14442790150881302
140,0.55078125,0.06388606170323302,0.052018408744691956,0.05872061579758827,0.01754051335448502,0.07339166713005278,0.044109804220061805,0.03375617246706,0.012196407942793136,0.11593722446469162,0.030505201057950477,0.05986235032581947,0.05201284021332558,0.03114737713280764,0.10731968626353487
141,0.5546875,0.04691612488585761,0.07092061695740104,0.07092061166502589,0.02106409968099418,0.07778949579867821,0.02421193674400066,0.03319478401705842,0.01881656382107898,0.13919457609002936,0.034077766987561445,0.08128785261844093,0.04153066220271409,0.0293851256125303,0.05151065068322404
142,0.55859375,0.0464325613898774,0.06240962059964337,0.07766965184466769,0.013884023301385625,0.09178862758120615,0.013284531567025921,0.032894297959973555,0.023646476648843957,0.12049151908879457,0.028823875758927964,0.10467032605749385,0.05430514400323139,0.036782843961377494,0.043340775838767345
143,0.5625,0.06510585314035573,0.07740232164484244,0.056170455117835236,0.026690504584361223,0.09434232409056133,0.01678857416856626,0.0616407310930435,0.039609575657898556,0.1052129136728194,0.030127515904329542,0.10470978660262134,0.05475300900722066,0.07212258795136503,0.0650471524868699
144,0.56640625,0.08443023113183834,0.07483665582260064,0.04960297276221761,0.02660211373421943,0.0926353302855211,0.007084822006504943,0.03456083482592081,0.032558451103110425,0.09241518813534065,0.020746573803686462,0.12779779376291495,0.051839971847692345,0.05499030451052794,0.053462122797702405
145,0.5703125,0.07910473498248118,0.07200530736757316,0.08411231949560279,0.026612790791469214,0.07621285970020013,0.01696519239443477,0.05262629291807775,0.026084217577492873,0.1265231600729528,0.02770093438683081,0.11386084699667354,0.05885303760564299,0.02894114132589061,0.06541247838861977
146,0.57421875,0.06520325784526113,0.09899717871073378,0.09404500665216058,0.027333479501479484,0.08929499040933879,0.012981274170499114,0.04165847720099486,0.02034968744591761,0.11468427413840622,0.022166087959167007,0.12400430061920598,0.06580418814556026,0.049995398404251684,0.04283998097620471
147,0.578125,0.11691557375588686,0.11251352564990869,0.10098457360949982,0.02334943257632535,0.09030477660128047,0.010484128419418192,0.03993295883063115,0.0298073883678277,0.10122470769792963,0.02407032348378531,0.07642729617753247,0.07195193192081954,0.06368265043044345,0.05326293364328889
148,0.58203125,0.11908318992165882,0.07768348777829512,0.07869933221226987,0.024536290745004845,0.08491689859705823,0.017136862063831724,0.022789770500651948,0.039476697009118066,0.10749876767804732,0.020648105253906195,0.07883566636991385,0.0642230244052293,0.04392987907127411,0.06308740706730045
149,0.5859375,0.07103097148493481,0.08613382972175646,0.05931736199292503,0.039696458174216326,0.07770618658118299,0.014135563404742636,0.062398030542317684,0.0241344042635624,0.09359583381592476,0.02722227049097181,0.09085075524543791,0.06184806704414106,0.02814449825141522,0.054191955671132816
150,0.58984375,0.06897354359560416,0.10271144241873902,0.039978081797791866,0.030982488483272157,0.08203570402402668,0.0074804048300624836,0.05685398741819733,0.028484526550596773,0.10858829707835471,0.023262895131058774,0.10684410856306262,0.0664709320615055,0.04004505192768768,0.06416177043028966
151,0.59375,0.07711831706561068,0.08952870079698531,0.06345811140683483,0.019807751685700224,0.06910648424238335,0.01586372847692,0.04019403604011951,0.03413332360630102,0.11890545385960868,0.02528976758866125,0.06577932420971849,0.06120785897581964,0.03207863559592895,0.09203046872051433
152,0.59765625,0.09602669602604039,0.10655813431140444,0.06168652088120001,0.022413418676866897,0.0715784266246801,0.021941601779857815,0.03370014053154445,0.02894481748850977,0.11027600474165306,0.028992415988290398,0.07489113559106321,0.059352611307573834,0.035400661945679195,0.10007973827874435
153,0.6015625,0.08453518387162644,0.0684031422918453,0.05695003398964584,0.03076796123407305,0.07757889316296053,0.014056182976549581,0.045269747390262995,0.033161129819208296,0.10498387124218646,0.033187047770759266,0.08537759479418552,0.05838272035806789,0.05166361251102867,0.08342862579510466
154,0.60546875,0.05277008242871204,0.06693570080881835,0.0467196438415246,0.031025617776696705,0.08467287665294626,0.017854324174832816,0.04045290314300864,0.03792976825264537,0.09700157592834592,0.043152138875085094,0.06145644920603531,0.08224784269990347,0.046742111252656156,0.10369473033205288
155,0.609375,0.06600440677917477,0.09308252329767569,0.040566825623579494,0.02560454049206505,0.09087047166382957,0.012292688355946583,0.029399681687578255,0.03705447103417404,0.08575166935467758,0.03538887942858505,0.07206460531196081,0.07638513644660021,0.035072411825637625,0.11137811131049132
156,0.61328125,0.08415958893513663,0.13041307235012017,0.05763516352204906,0.022385731208130123,0.0904734275767911,0.006531375020987884,0.03240053763158581,0.0304060234493218,0.08366241479312118,0.016504009545621777,0.06575483876284038,0.06746814313331452,0.045834927894021826,0.08523193134156135
157,0.6171875,0.07595169998020868,0.0972267164349644,0.08027030873413708,0.025730130585945785,0.0830456914844968,0.026305127044039617,0.039864879045940785,0.021111683838937002,0.09912320937956984,0.025167166004137403,0.05681057256721252,0.05684293297569641,0.09949315429018883,0.04739435990243661
158,0.62109375,0.06780732828147391,0.12132671119261265,0.05966737502118194,0.028613953290211887,0.060204313678446836,0.014572614425489091,0.06815237753625757,0.03219996913746821,0.11976476018455227,0.031350321967626674,0.08978657423514605,0.04512720349802338,0.06714386964681998,0.053963173065842154
159,0.625,0.1298227910320612,0.06736991666003543,0.04814519954254139,0.016444710622213764,0.06482874554661266,0.020959739577757455,0.05962159071153537,0.04539679650453216,0.09267546095537665,0.02487321040383813,0.10866674504206245,0.04660930952685193,0.035510840344558474,0.12681796652743907
160,0.62890625,0.11343445119404486,0.0650489243976952,0.05127252254336975,0.022459127110821663,0.06481159526554238,0.06168859112326216,0.04875210654741476,0.03469918724675458,0.103077946147043,0.018489568433896843,0.1122277490748614,0.04792645254257787,0.029456444461817045,0.1214817317398407
161,0.6328125,0.060056565878147485,0.07560204961445983,0.05217787809732963,0.031100805517962245,0.06676194811187014,0.03723716719402989,0.04781234225203973,0.026612112678254318,0.0965031916179103,0.02346731070862219,0.09745421856560488,0.05816093619449482,0.03227221716034641,0.06873912706472682
162,0.63671875,0.04688889523579718,0.07352365742051672,0.05361179464252617,0.04838477353393935,0.06673949848670654,0.021890180338558465,0.04724693061273272,0.0515776548495671,0.10190882098269954,0.03358333383699518,0.05276238360362817,0.0665213905289985,0.03540649461049937,0.10663397849220672
163,0.640625,0.05575893337844191,0.08763166985582599,0.049451874488142776,0.04605131713479024,0.07187637827082119,0.0219693946818653,0.026445939096838168,0.043519969340176635,0.09813345455207491,0.03075724048633725,0.07250028964755581,0.05553418087237559,0.03729286278349741,0.11570496543521125
164,0.64453125,0.0704913674254904,0.09768658232211938,0.05009826037268767,0.03555158409365542,0.07874865679017799,0.02612976013576734,0.04063665982017648,0.03663320711774848,0.1025959722210728,0.022196947273390798,0.06539387607413291,0.06901836240635607,0.04118340274675166,0.08634957745624819
165,0.6484375,0.05975923480310671,0.06285363147490838,0.07201915762118442,0.02050788128542876,0.07845113502651391,0.019477659197068526,0.0595041729612727,0.03465377523331506,0.128863459411531,0.032562942580705224,0.06160906391147014,0.07605794024119764,0.028295316521084652,0.07503556434704793
166,0.65234375,0.049633723871268375,0.08458625027064993,0.0789863012371928,0.024015526917734044,0.07461971646808895,0.014511803623282284,0.07191421108609229,0.04837117559466593,0.12067791651521835,0.021889341642484145,0.06426571163131613,0.08261018875617193,0.03456817433653961,0.06943421666272066
167,0.65625,0.0546838311392737,0.060097126232625184,0.06446538911041097,0.01372935085068325,0.0771967443339565,0.009693335092639036,0.07285937136663286,0.04193239955838458,0.08103897781894495,0.023977339925154464,0.06238298368348777,0.06882289249042217,0.027629696355093682,0.06579428389688632
168,0.66015625,0.08339013992172961,0.062388119589574256,0.0693678003517565,0.01430382399898844,0.08031139501552068,0.02093441179442139,0.06184178265051236,0.03276765927789141,0.10358784743352918,0.02774975035845454,0.08672796515704986,0.05560811872086546,0.02967096611419101,0.03754037422300464
169,0.6640625,0.09626924734676279,0.089326050706903,0.07912906477028674,0.028084349340435615,0.08997460699327549,0.021642415559056737,0.04858317455739301,0.026932139294894297,0.11616395541961465,0.02194366736753425,0.11948457829393884,0.06493287536375303,0.04578898816325813,0.06449221021174616
170,0.66796875,0.055858276000280135,0.1023954491578265,0.0722918315101137,0.025894687609517648,0.09205193206863306,0.00928809886001155,0.021341990353144092,0.04198742799488292,0.10877424545898101,0.01620764372688519,0.1171787048054362,0.0787700368169178,0.03590439761742341,0.07523253190718979
171,0.671875,0.06529648049172737,0.10493234992753868,0.0648100015311588,0.023465388249934865,0.08504416038447675,0.005533121491562629,0.04577310057470727,0.049426242157012294,0.11653061537846278,0.012295687979506548,0.11797478981127481,0.07338386111488988,0.027253436829692997,0.10425238694728677
172,0.67578125,0.07631706222252746,0.09065127853320881,0.050588989876729995,0.024251405283756005,0.08503688512081713,0.008612618356893972,0.0878291792397599,0.051429354852490124,0.107137523405397,0.026861232009188534,0.05316079955892865,0.06709541223713746,0.0421600277106014,0.10098676545528132
173,0.6796875,0.06399769857440228,0.07134748943025512,0.05812988597259368,0.0192869772409155,0.0820792578767294,0.004759417238328326,0.0888007444823129,0.06162921366369636,0.14443336756345904,0.03761446988224612,0.0583770875630682,0.06474652089063418,0.05015552885928214,0.07807109386667412
174,0.68359375,0.07232531879839413,0.08333221853396879,0.06694802880224004,0.027446809744024494,0.07200194392653333,0.013335530845823462,0.05371174216714122,0.06398187237244302,0.13512560895877093,0.03308821133319643,0.10463737466998106,0.061200929871681395,0.05492783373861179,0.10374410383320373
175,0.6875,0.10803121915868723,0.07493673531842102,0.06486224569885035,0.02085717066241419,0.06468978837840271,0.023409848303651472,0.04043359943045286,0.050552877183126295,0.097465947243637,0.04038592802775185,0.15841356954795766,0.08327412096106626,0.057069893171286995,0.10214097968889291
176,0.69140625,0.08984233504438113,0.04141707635354229,0.05567091250267088,0.02540879211509563,0.05790131720852014,0.0067767564557936495,0.03938804223398155,0.06133904400107183,0.12159885343513589,0.0427897452153693,0.1622795865668596,0.07966447990323341,0.042625098331732954,0.07297641105907511
177,0.6953125,0.08024706155596913,0.07379229930999454,0.07548842278257992,0.016644536919605615,0.05885199662488285,0.013938095284238075,0.04707932812120113,0.05851863830214666,0.09377482635275468,0.04243665645577457,0.09569295808587715,0.07994360401073707,0.061195192948203816,0.0675944257012682
178,0.69921875,0.07047409869626019,0.060719558386623594,0.057975589926801144,0.02225838538187112,0.06964619178224728,0.01951503677824334,0.020449144161162166,0.043346499789715304,0.0961953022093601,0.029062611748697807,0.1034690136570799,0.07679308674752579,0.04047125647986582,0.082535665351824
179,0.703125,0.09017591938607827,0.06949470667846012,0.07392635451074116,0.019144997538302063,0.07346785748560239,0.011218561305450523,0.02943442311700752,0.05386751246474859,0.09771038281941599,0.03408963348002637,0.10846189119275587,0.08628335628777112,0.05019449475696401,0.07715582424391819
180,0.70703125,0.13174121304359956,0.08984311722126632,0.06213407622440229,0.028424567491150163,0.0871129924468513,0.026028118637185578,0.01524366766702947,0.05169256596021833,0.12016215012653637,0.05032187150157613,0.05165501014903665,0.07912762587684281,0.03243427148016051,0.08266659128644847
181,0.7109375,0.12815602072538831,0.09935263724737096,0.07124411926454134,0.029589256715806977,0.1032295420736295,0.01847164153587266,0.029841007404376296,0.026355622385455205,0.11021113518050069,0.05033713459072844,0.07408580567863016,0.07660439872950328,0.026495315134814918,0.05296161543220574
182,0.71484375,0.07028054740385357,0.08161632009559026,0.08592347019146312,0.016980503263989317,0.09095760326064134,0.02408536474900577,0.029660592543865136,0.01758085228153947,0.08547518119015993,0.028558863983100674,0.0998713765829888,0.06514356641744688,0.03645121807861591,0.05684615825266497
183,0.71875,0.0956301015631945,0.09929039029118725,0.07632083754505974,0.028742950372157825,0.06387681436948439,0.03128533249558306,0.025453785004832728,0.026421387987238233,0.09780737943714209,0.022233391840122164,0.07249894724744968,0.056437977803964624,0.04220566471070362,0.05600017296563721
184,0.72265625,0.0910567537430287,0.09433605166015804,0.05978002139912969,0.04618474729193219,0.06463356169947157,0.03893836869024283,0.04686118157879598,0.02641637284092057,0.10360609545882694,0.020228921959243838,0.12303088798232835,0.05528967117798812,0.043580723855305564,0.08508547246587823
185,0.7265625,0.09262450879449344,0.07238904902836815,0.07295869839381139,0.0210943998273585,0.08032631989595938,0.02627554896629907,0.06815495913686888,0.02484481815426635,0.11334054420845789,0.02361256022659207,0.12087688019572403,0.07110763605150026,0.04737552860010123,0.09011783005402425
186,0.73046875,0.08285299793375552,0.10089577731614989,0.06590331697756235,0.033023157743849646,0.07973936816542698,0.015246209957528357,0.04110145529925171,0.044418892179525035,0.11312966466647788,0.037164489394455415,0.06538156882841531,0.06306689857381073,0.02935915240705065,0.07704222356835573
187,0.734375,0.06254061854950203,0.12485595125686033,0.07266565554123712,0.03714638070792586,0.07423655055269225,0.005329390819790807,0.03752060422010111,0.03741788367591083,0.1166891198671117,0.02408038952983062,0.0801136575137634,0.0678329890387704,0.02756132214962981,0.06294727898877003
188,0.73828125,0.07352244100914752,0.1083648524265107,0.07229321568108897,0.031944446810023105,0.08539463055819806,0.012971145199117915,0.06847190721202788,0.04051515319209606,0.11717910068105412,0.03680448768206326,0.05127971807405941,0.056007789147060824,0.027631908978733962,0.08779583988576142
189,0.7421875,0.11722574504099573,0.10238983742555081,0.06040144803220065,0.03006352096519565,0.07664036081687225,0.016801844622167154,0.0490719803135204,0.029412809407823315,0.13854954748076573,0.045221900563947245,0.0634007877551273,0.060598988598863944,0.043581509590048986,0.06384745809476025
190,0.74609375,0.1120766964421478,0.08280535371114546,0.05514201457648409,0.031362291623693896,0.08925306371753314,0.027065466818128284,0.045434921610203925,0.026927068863071196,0.12188216377209858,0.02681393889881447,0.061254629740368036,0.08324381598058066,0.03566509119569017,0.06996102486476587
191,0.75,0.09636936411916115,0.07782280313983009,0.05924446739713676,0.03653831144628124,0.09142006425405183,0.04589013806383712,0.039433016432126204,0.055606502499106564,0.13027989448439445,0.028762599418389316,0.074279891846275,0.09144142041491675,0.04142410211748357,0.08138800675641202
192,0.75390625,0.08981136848853295,0.09542125375651664,0.06267322374652899,0.02420584631131347,0.08924571830951536,0.02352072269583201,0.02300892340916987,0.07254716917916919,0.1576175626506391,0.018910199239324126,0.04504759100111329,0.07446446138396262,0.05385765396668998,0.10102965217002328
193,0.7578125,0.08648449154541928,0.0801580903638698,0.05252143614959839,0.032100574491673355,0.08335293749017403,0.01773886644718803,0.03477403248437292,0.04743444525589344,0.11084500827721261,0.03787037697697492,0.09434853865890086,0.0858884995478404,0.057785286741631824,0.08331831306293444
194,0.76171875,0.06043042252525877,0.11790314405003603,0.06491973734579232,0.037435714368166687,0.09026263526630716,0.058607334126189806,0.02630565378265577,0.02954333475392059,0.1239862401069166,0.057929907761296306,0.12457629598032247,0.06367103275775689,0.048386454688034986,0.07682853740739772
195,0.765625,0.10429250858198591,0.12327583428166719,0.07841832764388068,0.032820151142714686,0.0932731252053289,0.049315668496093985,0.025437540932054182,0.028183828947502362,0.11527780112233059,0.053964128631574626,0.0669272476954151,0.060917515916117486,0.07613369860477055,0.05853504234629795
196,0.76953125,0.08844788789445482,0.13397362857843848,0.07668027437709306,0.03627164792188139,0.09246040578235228,0.02520794831409502,0.019917916321631035,0.03904343378539365,0.08710591508660923,0.02922967275188391,0.05271129740719301,0.0737795989756601,0.0659773181793774,0.07681218602913041
197,0.7734375,0.07089394563726557,0.13299112532495513,0.0647559398084329,0.024817455288471315,0.09745810545282853,0.02986212413227379,0.038075099118796564,0.044670864493114026,0.09255611557846982,0.03016108170085422,0.07367062784169678,0.08855670639538592,0.05640354375665599,0.1195654584470448
198,0.77734375,0.0807052044681851,0.11051336632909256,0.07445809629439627,0.027550254138062644,0.09403003279601309,0.02286939608581237,0.04726104434439323,0.03478262717189308,0.10555160806668316,0.046331179106195865,0.09091996168791491,0.08247511262021306,0.0647118340680852,0.05013143278784371
199,0.78125,0.08193219719107578,0.09177166684780953,0.07441356361032843,0.029252037582909576,0.07756490347648656,0.022557517520176314,0.0518321873390033,0.021765542648890638,0.08155735587284266,0.04099463976482576,0.14952285661949571,0.06837825854785946,0.06521127525444687,0.0757101713764918
200,0.78515625,0.07118349451304648,0.09715993388901664,0.06185138080897171,0.03635406390860768,0.08572947530551467,0.014624934819027786,0.04327044289242313,0.030366719799608283,0.09858079154547617,0.02797470475358202,0.1476398870085063,0.06636709720581523,0.06712842960445964,0.045963305232978376
201,0.7890625,0.07781901277491876,0.12023116325653885,0.05257531199702071,0.03243958719280516,0.07963330274103646,0.018122090799595054,0.047235548416539715,0.051467057148700056,0.10139727884626987,0.044948099036458605,0.12949455934414664,0.06067099367927676,0.05212916592327234,0.06594649260800604
202,0.79296875,0.09405393777822367,0.07852432044038118,0.059501339859062696,0.03695411212767534,0.06962162243264412,0.01631366401708028,0.06863261937514271,0.037415687979101775,0.1172889870178457,0.056093142642136586,0.11402806674216008,0.0530674401761118,0.05520445104460122,0.059887063117121976
203,0.796875,0.07818486285628838,0.08027415347279505,0.050736134259156185,0.03162139939735468,0.09409787501758718,0.017374645958917377,0.03667908427511041,0.036138617396702266,0.12672481886147535,0.04609964266053344,0.11456680926496836,0.0615528107785365,0.05207532332334809,0.05712430558841438
204,0.80078125,0.06599074067870794,0.051877083775459035,0.05897018581780839,0.019272854810532213,0.07619492817455671,0.020229975048524106,0.042057938418329534,0.034042021274546516,0.11538136787226523,0.028022661547495907,0.13558020158321857,0.08183468846345077,0.05478829624415082,0.08337735699691726
205,0.8046875,0.09138471866532158,0.06017853521199325,0.0647349603030042,0.024851110251456327,0.07382018848891152,0.017925672891352173,0.06638095661820263,0.04453224952267616,0.09229760299232895,0.018419688939955187,0.08926620682358699,0.10073126250934925,0.030219602002421086,0.09167593328942483
206,0.80859375,0.06860290190009057,0.06532898762131338,0.06901789283636078,0.03041521439523345,0.07293658340477908,0.019730644578451785,0.05491520054366323,0.0374728953678706,0.12371604782603222,0.02243115663596775,0.09512752347284245,0.07882387232534584,0.0337898585635096,0.12794874293762626
207,0.8125,0.09047485881476892,0.062407957528425526,0.07487141752475186,0.03521240019935721,0.08222112286482891,0.010223666293980065,0.03809425051157377,0.03724461087644177,0.14366168358311812,0.029083206481982073,0.07591423668505745,0.062271500804545216,0.03061266297723872,0.09920285284384085
208,0.81640625,0.11264496739723986,0.09150856116711309,0.06943987440605354,0.027493101369625447,0.08662964171341699,0.01397815433661891,0.03969400807489035,0.04535141964412137,0.1146594933824427,0.0344478425727046,0.07435997975455347,0.06863819318330368,0.03991568979142654,0.06225137670975062
209,0.8203125,0.09245822770492498,0.08887283138732203,0.07378370391780446,0.02349049307217315,0.07706287124995723,0.017224210260737526,0.0510258051079601,0.03326285444642899,0.13508327614840615,0.021185243894560103,0.16554410354035104,0.07614879962601115,0.03212690994809203,0.05073023212402399
210,0.82421875,0.0755123376928667,0.11124196693441077,0.07939056328002118,0.03178062648935279,0.093414409612603,0.021842034829403195,0.052088383892920594,0.023177897645638355,0.12852312846036382,0.0243954514426926,0.15925501578121734,0.09027117374188716,0.05402826384567052,0.0379420403391878
211,0.828125,0.10114778161068212,0.12788157929761254,0.059066193791211516,0.020959417070925846,0.0957233440066552,0.021048495651110964,0.05926311234439852,0.02929128187462967,0.09709622515327104,0.042365472362595816,0.13841239789578846,0.08936640772231941,0.05208911162593169,0.08516683227339945
212,0.83203125,0.0994520045638059,0.08181349668056331,0.05245558957640762,0.02387004119613484,0.07031644252082819,0.03168187347616484,0.05376913044086201,0.02184612235511346,0.10963738353697307,0.021325260133192993,0.14127975077909533,0.0850788246532242,0.04064587335144074,0.10389758661041935
213,0.8359375,0.09113644347259076,0.08552040811007228,0.06720914575777903,0.03436502837296999,0.06929290167218195,0.03183895108720409,0.03459786904452061,0.03187114002499643,0.12665197502448527,0.024733910511644606,0.15009737983384505,0.07040484297921698,0.054685541136765534,0.06466830342792139
214,0.83984375,0.12586928346102688,0.07964024046534143,0.06997200307680446,0.031644460179988135,0.06283098922617725,0.03409048020144893,0.026717111975283897,0.05498844771349739,0.13356386069932114,0.031497663545232625,0.14763794062004107,0.06430402902191376,0.0370032893316457,0.07452058011198004
215,0.84375,0.13224798038556768,0.11131433101178387,0.08441692977812643,0.023619890655523303,0.06750939648511199,0.02875106710545273,0.05313614012685056,0.048820102352541236,0.14760751783156395,0.03508169247413089,0.11096183309221094,0.07441017994991342,0.030977168235554266,0.054840172345722825
216,0.84765625,0.08671773160037678,0.10433670299073791,0.0883251281322347,0.029109781778191655,0.07367264236690256,0.017889922322987927,0.09665312719011232,0.0408997384038395,0.13069518755994686,0.03448544654094841,0.11232796923441757,0.06936241855907566,0.03632958413901238,0.03981847066558695
217,0.8515625,0.09999394285712156,0.06909597795802988,0.06977561125014432,0.03027585659228667,0.08376342240528065,0.02215608337637131,0.07530214029552713,0.05882423570121853,0.13380398387449025,0.036873976141663836,0.1388050912342579,0.05711629260853907,0.04899317763491467,0.046187809674817955
218,0.85546875,0.09002485193431564,0.08531213649931337,0.06684746010929428,0.024884461921304484,0.09262695774509336,0.025225652710970575,0.0437074332752336,0.055290927318986466,0.07956796053778191,0.029826825370025088,0.059517199824288845,0.0658810323767175,0.06355883205240606,0.07784897629029784
219,0.859375,0.09952456681644832,0.11489796270106548,0.06433544395326693,0.026618978270903145,0.08604274757193112,0.041792396157492,0.03143771582657399,0.03662859824668935,0.08808823281459287,0.031148036471858875,0.05155245905809317,0.07538313626829794,0.08924605156618615,0.10990440564593731
220,0.86328125,0.08869520477926625,0.07342685584362908,0.05855355058486839,0.03158098184173337,0.10276450719719891,0.040230357089223484,0.06381534120813391,0.048200700620346766,0.09295903663857424,0.04152943063740779,0.06647423601569508,0.0619039665843641,0.06876310460029193,0.11525673169961512
221,0.8671875,0.10031705550303296,0.13211531853120248,0.062393664703268396,0.029451316861167323,0.1039399430564298,0.02148873797743051,0.054177910445850186,0.058530048465098045,0.10301121001870936,0.02969592289323298,0.08457322998994704,0.06802855090411437,0.05848828153067525,0.10958636367202347
222,0.87109375,0.1089714398724049,0.12521180290052417,0.05728802604622276,0.029855126581052063,0.08868325598780893,0.017883662234555786,0.030551450988425793,0.05732325575644614,0.09362032344722991,0.03857835317007952,0.10848660120583113,0.07208419464911454,0.054061798669847345,0.09017325683991732
223,0.875,0.13852007004949288,0.09837191934761194,0.058250027744051545,0.029676855783621964,0.09951214426553907,0.02553096114148521,0.06541415592084705,0.04867044341194236,0.08419752566660539,0.04614420820555475,0.07115632806393038,0.05692842854398904,0.05018412511939843,0.09434476932277362
224,0.87890625,0.09676712862266361,0.06399281819952012,0.059091582943864206,0.03682399906078504,0.11348921121834599,0.013096775489732903,0.05872005319213639,0.03224060304261584,0.10052419266205467,0.04410569899213818,0.07867235007391078,0.06881020855364252,0.0426268033409632,0.08874814178230303
225,0.8828125,0.10923141799877419,0.08043940672117145,0.054854493247267,0.03200474434210464,0.0868579937083535,0.019194243121128603,0.05050516376545063,0.04835395427060557,0.0986216179140035,0.03325377196261724,0.09925987769440425,0.07117910196942669,0.050120528778871354,0.10076293502752902
226,0.88671875,0.09490862024915536,0.06214592221618294,0.06895741627453597,0.030640605671360392,0.09725236918415382,0.016595324327056876,0.06451421282926,0.05127412122516266,0.08732844109266374,0.03263832879253886,0.07742634321576461,0.07478973465681088,0.04207001435796942,0.0734262791352058
227,0.890625,0.09560588172877138,0.11392207540400083,0.07244660639417395,0.022304617517754383,0.08024563074679238,0.012998362188147115,0.034286686407665405,0.03341022065784593,0.09246708586174748,0.07374924871749569,0.11608444908716745,0.057236353333472594,0.04018532667891648,0.090691073551204
228,0.89453125,0.09433204653458609,0.1978068404080377,0.06250770527967664,0.022975557631831317,0.07677057660675517,0.009669796132533265,0.04399161461758721,0.034137642661426146,0.10742495466403046,0.049339093355032684,0.11746874277089922,0.05482996334605266,0.055096208581190534,0.09347540537577945
229,0.8984375,0.10661403997073768,0.08830640719219884,0.0697776487623054,0.038182877235493996,0.06393681583280147,0.01640500415045265,0.054709425605066524,0.04977249308956854,0.1136123696448213,0.04110864972762393,0.10964732998122062,0.06519391769308391,0.054040740260420564,0.12105565138763694
230,0.90234375,0.07937449477385307,0.1088185471986605,0.06247245688604462,0.03798972496490692,0.07830464852126374,0.020686637472704168,0.05342820212939577,0.03004522490265671,0.09243722491472985,0.05271753240529631,0.08098827767283784,0.0617727342687168,0.03830627807604711,0.07940946926996391
231,0.90625,0.06748773490137003,0.09413937377053086,0.06041395184772761,0.03528389516482022,0.0755608625945891,0.016959361144143686,0.047346340074130334,0.01971639889455428,0.09726741243601894,0.041217156335530254,0.08240385188343563,0.05731009598707811,0.03660309222040882,0.06196259023039804
232,0.91015625,0.08129157170032426,0.0902958525557223,0.06307932559946842,0.03812502676438077,0.06595550780906097,0.014044859308215297,0.0407817779701235,0.026126675380983174,0.11598529522867794,0.014453380103169756,0.12495446616854769,0.06944505600906313,0.043824556696472505,0.062154215500998346
233,0.9140625,0.08006355348971435,0.09805770337296621,0.06926238249927891,0.03261649808215751,0.06392461978287384,0.015018399352039155,0.03574192766331246,0.03003651270324945,0.11268295476869793,0.03151538481276121,0.13284469903685397,0.06421263464346633,0.04351764272464287,0.05198845537357551
234,0.91796875,0.10108027558235265,0.08761768903605367,0.06910703404084148,0.03208294637596213,0.06853644646850067,0.03322529476735028,0.034820990611370124,0.028835839636008116,0.10864452088011908,0.031166029632601167,0.11922452847302556,0.05149117586756495,0.037550168208890185,0.05624014329095053
235,0.921875,0.07853035996193418,0.07438753299058032,0.062062917063578076,0.037500492493169876,0.08277522953012931,0.03338869540724813,0.05200650727726974,0.02756523944848061,0.08954013661965328,0.026554955288986954,0.17439247722078582,0.07354299961577745,0.04101642982794755,0.06423198099172653
236,0.92578125,0.08963022780813354,0.11627086412119605,0.061460199903202915,0.043230891218112244,0.08224356225484057,0.024418522762841025,0.02252785356363615,0.02920179755420438,0.09264467162681904,0.03023175077839697,0.1502747130520903,0.0794517241055886,0.06313081430026882,0.03307188350042301
237,0.9296875,0.12507107545500992,0.13158140553552364,0.05709557819318053,0.026229933529090723,0.09497008163619727,0.02976961084384265,0.02221243743635543,0.029846670738649404,0.1081193823693027,0.03740206495081368,0.07315208070683851,0.07497968402919869,0.11795653750662577,0.03140473551368729
238,0.93359375,0.11542470392505719,0.08491043457499411,0.050397623506225446,0.023317158679878405,0.10277119618115538,0.050429149717121646,0.04592270041838861,0.045654795156562664,0.11164095881689078,0.046630901827959315,0.08499101121266042,0.08276918691329246,0.07598583117611292,0.08288943186705347
239,0.9375,0.15119717042598105,0.08559211814695873,0.0531157625397405,0.03214825307404243,0.07722121576378153,0.039927123664714466,0.03564858876743424,0.03168570542736854,0.10837977608871494,0.03428671705724252,0.08090392168560573,0.08168964624785498,0.05815878217935429,0.06848404754505147
240,0.94140625,0.1386401384725561,0.0642603112237746,0.0561178213544198,0.020884826055211428,0.08071264094865527,0.044206485330303975,0.012603019267628648,0.023255450702428043,0.09851767603042494,0.024950143972974004,0.07362162286764025,0.08184208091227416,0.08167474668485594,0.05486019571759369
241,0.9453125,0.12289798179656022,0.09597269893752274,0.06665270018898448,0.036440739931112937,0.09665955257778808,0.04103983794819334,0.018257005898487586,0.031190744654941635,0.1058936712040806,0.026096913860387132,0.0779218136824896,0.09474717090993866,0.052036036915997355,0.06081513795532399
242,0.94921875,0.11833331124595167,0.059676309141318315,0.07684256762440941,0.03987264524759954,0.09002522539645205,0.017868711490283507,0.02406650369482821,0.02187358001337866,0.11611763963661792,0.023427167847942097,0.04947590853215636,0.0842970302180203,0.028666646063291765,0.055119231466686215
243,0.953125,0.13142890075820943,0.07807137386890228,0.05928446344128995,0.02967673248487798,0.08124946885027644,0.016974597375156972,0.054570480616918486,0.014182959314427541,0.12214836100157254,0.03996978444367537,0.04044507633019186,0.05837165389917339,0.05527660288828516,0.07256974302118431
244,0.95703125,0.15140086554538854,0.11987370865625094,0.05469681054483275,0.026554189105164584,0.08182936021624448,0.010317183757505422,0.03028400497932347,0.019598737513294155,0.12870290903062112,0.04293896458893275,0.10074265179784617,0.05453824767525666,0.03995664931975974,0.08559811592424103
245,0.9609375,0.08882016675355728,0.07095313573847799,0.06320557453832765,0.034826231865103384,0.07702495568656924,0.009044094294862907,0.03598304466047534,0.02979806845058133,0.17109721983289797,0.052284645087728475,0.07270634809131363,0.07066343602134902,0.026797754244438768,0.06586235860640859
246,0.96484375,0.0689896637383827,0.074177493509804,0.05800067118781801,0.03901248899630713,0.07805098795971867,0.019318156811423685,0.04804834162833951,0.04004339941155042,0.11996892913231649,0.04976612419953947,0.07894995517402321,0.06742475142356834,0.04537833046377399,0.07768448229589651
247,0.96875,0.07413562221060518,0.07130622791904491,0.050022498742574396,0.02736107880146838,0.0876392098131438,0.01549143215470242,0.025829995142366887,0.03236954327950916,0.11868457221050627,0.03280579312593807,0.12727562055559288,0.06390264665230141,0.06625075112865117,0.0924121394752948
248,0.97265625,0.10113293583516782,0.07239735132233818,0.05666521369294874,0.031607184760736075,0.09924696440303744,0.016263956389674903,0.02479325008667065,0.032168748119321584,0.09269829751598911,0.02044524530770888,0.1093550354369359,0.07332604232328771,0.056036320734159845,0.0624918375621164
249,0.9765625,0.07910722708489606,0.10428907012230118,0.05920375247631331,0.025801669933720697,0.10465747703765796,0.035968399560193584,0.04861698643072748,0.03304014932431232,0.0906540964577658,0.02870233812185045,0.09201580879231192,0.05691392334162459,0.04537634653110555,0.09450820806772191
250,0.98046875,0.04841894026066714,0.08172527514556867,0.06461195522220435,0.026848715897321136,0.10182777617217255,0.031387694706918066,0.04495998446001271,0.056214876393307744,0.12116846669548821,0.01593969640124989,0.0754636055087661,0.057758247891776804,0.060318971981904924,0.0889599552177215
251,0.984375,0.11461811830307164,0.05846765185950091,0.05364168267287552,0.03380812976009371,0.09678574969407765,0.016901773048307357,0.0495910208306485,0.07238304334379947,0.09738982701411994,0.0248172840201948,0.06123830554449703,0.059931776824857126,0.05229720485122802,0.05031786760725896
252,0.98828125,0.1306632022706475,0.06291433409769706,0.062337586234466974,0.03347560228188091,0.07700257792334002,0.025425765302174268,0.031263412515269325,0.07262029945892567,0.10826416226615582,0.038359379614067365,0.07747932965502088,0.06887013195735794,0.06560879168166767,0.05504785253746935
253,0.9921875,0.13247335706595828,0.08652121846053885,0.057757663140030925,0.03033549448566901,0.07177089297648061,0.01828294312158771,0.027733236030066027,0.07113982974396342,0.10282770629109592,0.038224111371319675,0.07553321089567441,0.06578925881566736,0.05660887742041637,0.06054563911487134
254,0.99609375,0.07780617059819091,0.07337662107262673,0.04598512715955095,0.04758434202729216,0.08819332805255607,0.010884546763474081,0.06251643672044756,0.05017559600198453,0.10107075908515481,0.0288637502512274,0.07195421344307776,0.07875974933132267,0.03204300763605132,0.05799520435982971
255,1.0,0.022369903468146046,0.03207239538686556,0.020372831874267482,0.021333209558272233,0.03337485558940516,0.0017871445953784198,0.03445311696734271,0.02469222309130703,0.07042719450271678,0.01312738163565133,0.04684303615295795,0.04029429784432774,0.018515733060403217,0.04923784443316511
