# ts,saccadeRate
2.504765569795765145e+02,4.000000000000000222e-01
2.554765569795765145e+02,1.000000000000000000e+00
2.604765569795765145e+02,1.600000000000000089e+00
2.654765569795765145e+02,2.000000000000000111e-01
2.704765569795765145e+02,1.000000000000000000e+00
2.754765569795765145e+02,1.199999999999999956e+00
2.804765569795765145e+02,1.600000000000000089e+00
2.854765569795765145e+02,1.600000000000000089e+00
2.904765569795765145e+02,2.000000000000000000e+00
2.954765569795765145e+02,6.000000000000000888e-01
3.004765569795765145e+02,1.399999999999999911e+00
3.054765569795765145e+02,6.000000000000000888e-01
3.104765569795765145e+02,4.000000000000000222e-01
3.154765569795765145e+02,1.000000000000000000e+00
3.204765569795765145e+02,2.000000000000000000e+00
3.254765569795765145e+02,2.000000000000000000e+00
3.304765569795765145e+02,2.200000000000000178e+00
3.354765569795765145e+02,2.200000000000000178e+00
3.404765569795765145e+02,1.199999999999999956e+00
3.454765569795765145e+02,4.000000000000000222e-01
3.504765569795765145e+02,1.000000000000000000e+00
3.554765569795765145e+02,1.000000000000000000e+00
3.604765569795765145e+02,1.399999999999999911e+00
3.654765569795765145e+02,6.000000000000000888e-01
3.704765569795765145e+02,1.600000000000000089e+00
3.754765569795765145e+02,6.000000000000000888e-01
3.804765569795765145e+02,1.800000000000000044e+00
3.854765569795765145e+02,1.800000000000000044e+00
3.904765569795765145e+02,2.200000000000000178e+00
3.954765569795765145e+02,1.600000000000000089e+00
4.004765569795765145e+02,3.400000000000000355e+00
4.054765569795765145e+02,2.000000000000000000e+00
4.104765569795765145e+02,1.199999999999999956e+00
4.154765569795765145e+02,1.000000000000000000e+00
4.204765569795765145e+02,1.399999999999999911e+00
4.254765569795765145e+02,6.000000000000000888e-01
4.304765569795765145e+02,1.000000000000000000e+00
4.354765569795765145e+02,6.000000000000000888e-01
4.404765569795765145e+02,2.000000000000000000e+00
4.454765569795765145e+02,2.000000000000000111e-01
4.504765569795765145e+02,1.399999999999999911e+00
4.554765569795765145e+02,1.600000000000000089e+00
4.604765569795765145e+02,2.000000000000000000e+00
4.654765569795765145e+02,1.799999999999999822e+00
4.704765569795765145e+02,2.599999999999999645e+00
4.754765569795765145e+02,2.400000000000000355e+00
4.804765569795765145e+02,2.200000000000000178e+00
4.854765569795765145e+02,1.399999999999999911e+00
4.904765569795765145e+02,2.200000000000000178e+00
4.954765569795765145e+02,3.200000000000000178e+00
5.004765569795765145e+02,1.199999999999999956e+00
5.054765569795765145e+02,2.000000000000000000e+00
5.104765569795765714e+02,2.400000000000000355e+00
5.154765569795765714e+02,3.000000000000000000e+00
5.204765569795765714e+02,3.200000000000000178e+00
5.254765569795765714e+02,2.200000000000000178e+00
5.304765569795765714e+02,3.000000000000000000e+00
5.354765569795765714e+02,2.200000000000000178e+00
5.404765569795765714e+02,2.600000000000000089e+00
5.454765569795765714e+02,1.799999999999999822e+00
5.504765569795765714e+02,4.400000000000000355e+00
5.554765569795765714e+02,1.799999999999999822e+00
5.604765569795765714e+02,2.000000000000000000e+00
5.654765569795765714e+02,4.000000000000000000e+00
5.704765569795765714e+02,2.599999999999999645e+00
5.754765569795765714e+02,3.400000000000000355e+00
5.804765569795765714e+02,1.800000000000000044e+00
5.854765569795765714e+02,4.200000000000000178e+00
5.904765569795765714e+02,1.399999999999999911e+00
5.954765569795765714e+02,3.000000000000000000e+00
6.004765569795765714e+02,2.000000000000000000e+00
6.054765569795765714e+02,1.399999999999999911e+00
6.104765569795765714e+02,3.799999999999999822e+00
6.154765569795765714e+02,3.399999999999999911e+00
6.204765569795765714e+02,2.200000000000000178e+00
6.254765569795765714e+02,2.799999999999999822e+00
6.304765569795765714e+02,3.600000000000000089e+00
6.354765569795765714e+02,3.000000000000000000e+00
6.404765569795765714e+02,1.399999999999999911e+00
6.454765569795765714e+02,3.200000000000000178e+00
6.504765569795765714e+02,3.600000000000000089e+00
6.554765569795765714e+02,2.000000000000000000e+00
6.604765569795765714e+02,4.400000000000000355e+00
6.654765569795765714e+02,3.799999999999999822e+00
6.704765569795765714e+02,2.799999999999999822e+00
6.754765569795765714e+02,1.600000000000000089e+00
6.804765569795765714e+02,2.599999999999999645e+00
6.854765569795765714e+02,1.600000000000000089e+00
6.904765569795765714e+02,2.399999999999999911e+00
6.954765569795765714e+02,1.399999999999999911e+00
7.004765569795765714e+02,2.399999999999999911e+00
7.054765569795765714e+02,2.200000000000000178e+00
7.104765569795765714e+02,2.599999999999999645e+00
7.154765569795765714e+02,1.799999999999999822e+00
7.204765569795765714e+02,2.600000000000000089e+00
7.254765569795765714e+02,1.600000000000000089e+00
7.304765569795765714e+02,3.399999999999999911e+00
7.354765569795765714e+02,2.399999999999999911e+00
7.404765569795765714e+02,2.399999999999999911e+00
7.454765569795765714e+02,1.399999999999999911e+00
7.504765569795765714e+02,2.200000000000000178e+00
7.554765569795765714e+02,5.400000000000000355e+00
7.604765569795765714e+02,3.600000000000000089e+00
7.654765569795765714e+02,3.600000000000000089e+00
7.704765569795765714e+02,2.800000000000000266e+00
7.754765569795765714e+02,2.000000000000000111e-01
7.804765569795765714e+02,2.200000000000000178e+00
7.854765569795765714e+02,2.599999999999999645e+00
7.904765569795765714e+02,3.200000000000000178e+00
7.954765569795765714e+02,3.800000000000000266e+00
8.004765569795765714e+02,3.000000000000000000e+00
8.054765569795765714e+02,2.400000000000000355e+00
8.104765569795765714e+02,2.200000000000000178e+00
8.154765569795765714e+02,2.600000000000000089e+00
8.204765569795765714e+02,2.799999999999999822e+00
8.254765569795765714e+02,2.200000000000000178e+00
8.304765569795765714e+02,2.000000000000000000e+00
8.354765569795765714e+02,1.800000000000000044e+00
8.404765569795765714e+02,3.000000000000000000e+00
8.454765569795765714e+02,3.000000000000000000e+00
8.504765569795765714e+02,2.799999999999999822e+00
8.554765569795765714e+02,2.799999999999999822e+00
8.604765569795765714e+02,3.599999999999999645e+00
8.654765569795765714e+02,3.200000000000000178e+00
8.704765569795765714e+02,3.399999999999999911e+00
8.754765569795765714e+02,3.400000000000000355e+00
8.804765569795765714e+02,1.200000000000000178e+00
8.854765569795765714e+02,2.600000000000000089e+00
8.904765569795765714e+02,3.000000000000000000e+00
8.954765569795765714e+02,2.000000000000000000e+00
9.004765569795765714e+02,2.000000000000000000e+00
9.054765569795765714e+02,1.399999999999999911e+00
9.104765569795765714e+02,1.199999999999999956e+00
9.154765569795765714e+02,4.000000000000000222e-01
9.204765569795765714e+02,4.000000000000000222e-01
9.254765569795765714e+02,4.000000000000000222e-01
9.304765569795765714e+02,0.000000000000000000e+00
9.354765569795765714e+02,1.000000000000000000e+00
9.404765569795765714e+02,8.000000000000000444e-01
9.454765569795765714e+02,8.000000000000000444e-01
9.504765569795765714e+02,2.599999999999999645e+00
9.554765569795765714e+02,1.600000000000000089e+00
9.604765569795765714e+02,2.600000000000000089e+00
9.654765569795765714e+02,2.400000000000000355e+00
9.704765569795765714e+02,2.399999999999999911e+00
9.754765569795765714e+02,2.599999999999999645e+00
9.804765569795765714e+02,2.599999999999999645e+00
9.854765569795765714e+02,1.799999999999999822e+00
9.904765569795765714e+02,5.999999999999999778e-01
9.954765569795765714e+02,2.000000000000000000e+00
1.000476556979576571e+03,1.600000000000000089e+00
1.005476556979576571e+03,1.600000000000000089e+00
1.010476556979576571e+03,8.000000000000000444e-01
1.015476556979576571e+03,1.399999999999999911e+00
1.020476556979576571e+03,2.000000000000000000e+00
1.025476556979576571e+03,8.000000000000000444e-01
1.030476556979576571e+03,2.600000000000000089e+00
1.035476556979576571e+03,4.200000000000000178e+00
1.040476556979576571e+03,2.200000000000000178e+00
1.045476556979576571e+03,2.200000000000000178e+00
1.050476556979576571e+03,1.399999999999999911e+00
1.055476556979576571e+03,1.799999999999999822e+00
1.060476556979576571e+03,1.600000000000000089e+00
1.065476556979576571e+03,1.199999999999999956e+00
1.070476556979576571e+03,1.000000000000000000e+00
1.075476556979576571e+03,6.000000000000000888e-01
1.080476556979576571e+03,1.399999999999999911e+00
1.085476556979576571e+03,1.800000000000000044e+00
1.090476556979576571e+03,2.400000000000000355e+00
1.095476556979576571e+03,1.799999999999999822e+00
1.100476556979576571e+03,2.399999999999999911e+00
1.105476556979576571e+03,2.000000000000000000e+00
1.110476556979576571e+03,2.799999999999999822e+00
1.115476556979576571e+03,1.800000000000000044e+00
1.120476556979576571e+03,3.399999999999999911e+00
1.125476556979576571e+03,5.000000000000000000e+00
1.130476556979576571e+03,3.000000000000000000e+00
1.135476556979576571e+03,2.000000000000000000e+00
1.140476556979576571e+03,1.600000000000000089e+00
1.145476556979576571e+03,8.000000000000000444e-01
1.150476556979576571e+03,1.399999999999999911e+00
1.155476556979576571e+03,1.799999999999999822e+00
1.160476556979576571e+03,1.199999999999999956e+00
1.165476556979576571e+03,2.200000000000000178e+00
1.170476556979576571e+03,1.799999999999999822e+00
1.175476556979576571e+03,2.599999999999999645e+00
1.180476556979576571e+03,2.200000000000000178e+00
1.185476556979576571e+03,1.000000000000000000e+00
1.190476556979576571e+03,4.000000000000000222e-01
1.195476556979576571e+03,2.000000000000000000e+00
1.200476556979576571e+03,3.800000000000000266e+00
1.205476556979576571e+03,2.399999999999999911e+00
1.210476556979576571e+03,3.000000000000000000e+00
1.215476556979576571e+03,2.200000000000000178e+00
1.220476556979576571e+03,2.000000000000000000e+00
1.225476556979576571e+03,1.800000000000000044e+00
1.230476556979576571e+03,1.600000000000000089e+00
1.235476556979576571e+03,2.000000000000000000e+00
1.240476556979576571e+03,1.399999999999999911e+00
1.245476556979576571e+03,2.000000000000000000e+00
1.250476556979576571e+03,1.399999999999999911e+00
1.255476556979576571e+03,1.600000000000000089e+00
1.260476556979576571e+03,2.200000000000000178e+00
1.265476556979576571e+03,2.000000000000000000e+00
1.270476556979576571e+03,6.000000000000000888e-01
1.275476556979576571e+03,8.000000000000000444e-01
1.280476556979576571e+03,1.799999999999999822e+00
1.285476556979576571e+03,2.000000000000000000e+00
1.290476556979576571e+03,2.600000000000000089e+00
1.295476556979576571e+03,3.600000000000000089e+00
1.300476556979576571e+03,2.399999999999999911e+00
1.305476556979576571e+03,2.600000000000000089e+00
1.310476556979576571e+03,2.200000000000000178e+00
1.315476556979576571e+03,1.600000000000000089e+00
1.320476556979576571e+03,1.600000000000000089e+00
1.325476556979576571e+03,2.600000000000000089e+00
1.330476556979576571e+03,3.400000000000000355e+00
1.335476556979576571e+03,3.000000000000000000e+00
1.340476556979576571e+03,2.599999999999999645e+00
1.345476556979576571e+03,2.200000000000000178e+00
1.350476556979576571e+03,3.200000000000000178e+00
1.355476556979576571e+03,3.799999999999999822e+00
1.360476556979576571e+03,3.200000000000000178e+00
1.365476556979576571e+03,3.799999999999999822e+00
1.370476556979576571e+03,2.799999999999999822e+00
1.375476556979576571e+03,2.200000000000000178e+00
1.380476556979576571e+03,1.000000000000000000e+00
1.385476556979576571e+03,2.799999999999999822e+00
1.390476556979576571e+03,1.799999999999999822e+00
1.395476556979576571e+03,1.600000000000000089e+00
1.400476556979576571e+03,2.200000000000000178e+00
1.405476556979576571e+03,3.400000000000000355e+00
1.410476556979576571e+03,2.600000000000000089e+00
1.415476556979576571e+03,3.400000000000000355e+00
1.420476556979576571e+03,3.200000000000000178e+00
1.425476556979576571e+03,2.400000000000000355e+00
1.430476556979576571e+03,2.399999999999999911e+00
1.435476556979576571e+03,3.000000000000000000e+00
1.440476556979576571e+03,2.600000000000000089e+00
1.445476556979576571e+03,1.199999999999999956e+00
1.450476556979576571e+03,1.000000000000000000e+00
1.455476556979576571e+03,8.000000000000000444e-01
1.460476556979576571e+03,1.600000000000000089e+00
1.465476556979576571e+03,1.600000000000000089e+00
1.470476556979576571e+03,2.799999999999999822e+00
1.475476556979576571e+03,2.799999999999999822e+00
1.480476556979576571e+03,2.399999999999999911e+00
1.485476556979576571e+03,3.000000000000000000e+00
1.490476556979576571e+03,3.799999999999999822e+00
1.495476556979576571e+03,1.600000000000000089e+00
1.500476556979576571e+03,2.600000000000000089e+00
1.505476556979576571e+03,2.600000000000000089e+00
1.510476556979576571e+03,2.600000000000000089e+00
1.515476556979576571e+03,2.799999999999999822e+00
1.520476556979576571e+03,1.799999999999999822e+00
1.525476556979576571e+03,1.200000000000000178e+00
1.530476556979576571e+03,1.000000000000000000e+00
1.535476556979576571e+03,1.399999999999999911e+00
1.540476556979576571e+03,2.600000000000000089e+00
1.545476556979576571e+03,3.000000000000000000e+00
1.550476556979576571e+03,1.799999999999999822e+00
1.555476556979576571e+03,3.000000000000000000e+00
1.560476556979576571e+03,2.000000000000000000e+00
1.565476556979576571e+03,1.799999999999999822e+00
1.570476556979576571e+03,1.000000000000000000e+00
1.575476556979576571e+03,8.000000000000000444e-01
1.580476556979576571e+03,4.000000000000000222e-01
1.585476556979576571e+03,1.600000000000000089e+00
1.590476556979576571e+03,1.799999999999999822e+00
1.595476556979576571e+03,2.399999999999999911e+00
1.600476556979576571e+03,5.999999999999999778e-01
1.605476556979576571e+03,1.799999999999999822e+00
1.610476556979576571e+03,1.399999999999999911e+00
1.615476556979576571e+03,8.000000000000000444e-01
1.620476556979576571e+03,6.000000000000000888e-01
1.625476556979576571e+03,1.399999999999999911e+00
1.630476556979576571e+03,1.000000000000000000e+00
1.635476556979576571e+03,1.399999999999999911e+00
1.640476556979576571e+03,4.000000000000000000e+00
1.645476556979576571e+03,3.000000000000000000e+00
1.650476556979576571e+03,4.000000000000000000e+00
1.655476556979576571e+03,1.000000000000000000e+00
1.660476556979576571e+03,1.399999999999999911e+00
1.665476556979576571e+03,1.399999999999999911e+00
1.670476556979576571e+03,1.399999999999999911e+00
1.675476556979576571e+03,1.399999999999999911e+00
1.680476556979576571e+03,0.000000000000000000e+00
1.685476556979576571e+03,1.399999999999999911e+00
1.690476556979576571e+03,2.200000000000000178e+00
1.695476556979576571e+03,2.200000000000000178e+00
1.700476556979576571e+03,2.000000000000000000e+00
1.705476556979576571e+03,3.200000000000000178e+00
1.710476556979576571e+03,3.000000000000000000e+00
1.715476556979576571e+03,1.600000000000000089e+00
1.720476556979576571e+03,2.599999999999999645e+00
1.725476556979576571e+03,1.800000000000000044e+00
1.730476556979576571e+03,1.399999999999999911e+00
1.735476556979576571e+03,1.799999999999999822e+00
1.740476556979576571e+03,1.800000000000000044e+00
1.745476556979576571e+03,2.000000000000000000e+00
1.750476556979576571e+03,2.000000000000000000e+00
1.755476556979576571e+03,1.000000000000000000e+00
1.760476556979576571e+03,1.600000000000000089e+00
1.765476556979576571e+03,1.200000000000000178e+00
1.770476556979576571e+03,6.000000000000000888e-01
1.775476556979576571e+03,6.000000000000000888e-01
1.780476556979576571e+03,1.000000000000000000e+00
1.785476556979576571e+03,1.800000000000000044e+00
1.790476556979576571e+03,1.200000000000000178e+00
1.795476556979576571e+03,4.000000000000000222e-01
1.800476556979576571e+03,3.400000000000000355e+00
1.805476556979576571e+03,3.200000000000000178e+00
1.810476556979576571e+03,2.399999999999999911e+00
1.815476556979576571e+03,6.000000000000000888e-01
1.820476556979576571e+03,1.399999999999999911e+00
1.825476556979576571e+03,1.000000000000000000e+00
1.830476556979576571e+03,1.399999999999999911e+00
1.835476556979576571e+03,1.000000000000000000e+00
1.840476556979576571e+03,4.000000000000000222e-01
1.845476556979576571e+03,2.000000000000000111e-01
1.850476556979576571e+03,4.000000000000000222e-01
1.855476556979576571e+03,4.000000000000000222e-01
1.860476556979576571e+03,4.000000000000000222e-01
1.865476556979576571e+03,4.000000000000000222e-01
1.870476556979576571e+03,0.000000000000000000e+00
1.875476556979576571e+03,6.000000000000000888e-01
1.880476556979576571e+03,3.000000000000000000e+00
1.885476556979576571e+03,3.600000000000000089e+00
1.890476556979576571e+03,2.600000000000000089e+00
1.895476556979576571e+03,2.399999999999999911e+00
1.900476556979576571e+03,2.399999999999999911e+00
1.905476556979576571e+03,1.800000000000000044e+00
1.910476556979576571e+03,1.399999999999999911e+00
1.915476556979576571e+03,4.000000000000000222e-01
1.920476556979576571e+03,8.000000000000000444e-01
1.925476556979576571e+03,1.000000000000000000e+00
1.930476556979576571e+03,1.399999999999999911e+00
1.935476556979576571e+03,2.600000000000000089e+00
1.940476556979576571e+03,2.399999999999999911e+00
1.945476556979576571e+03,1.799999999999999822e+00
1.950476556979576571e+03,2.799999999999999822e+00
1.955476556979576571e+03,2.000000000000000000e+00
1.960476556979576571e+03,3.000000000000000000e+00
1.965476556979576571e+03,2.000000000000000000e+00
1.970476556979576571e+03,1.399999999999999911e+00
1.975476556979576571e+03,1.600000000000000089e+00
1.980476556979576571e+03,2.399999999999999911e+00
1.985476556979576571e+03,3.600000000000000089e+00
1.990476556979576571e+03,2.399999999999999911e+00
1.995476556979576571e+03,3.399999999999999911e+00
2.000476556979576571e+03,1.799999999999999822e+00
2.005476556979576571e+03,2.600000000000000089e+00
2.010476556979576571e+03,1.800000000000000044e+00
2.015476556979576571e+03,1.000000000000000000e+00
2.020476556979576571e+03,1.399999999999999911e+00
2.025476556979576571e+03,2.799999999999999822e+00
2.030476556979576571e+03,1.000000000000000000e+00
2.035476556979576571e+03,2.200000000000000178e+00
2.040476556979576571e+03,1.399999999999999911e+00
2.045476556979576571e+03,2.000000000000000000e+00
2.050476556979576344e+03,1.600000000000000089e+00
2.055476556979576344e+03,1.000000000000000000e+00
2.060476556979576344e+03,1.000000000000000000e+00
2.065476556979576344e+03,5.999999999999999778e-01
2.070476556979576344e+03,1.800000000000000044e+00
2.075476556979576344e+03,1.000000000000000000e+00
2.080476556979576344e+03,1.599999999999999867e+00
2.085476556979576344e+03,3.799999999999999822e+00
2.090476556979576344e+03,1.600000000000000089e+00
2.095476556979576344e+03,2.000000000000000000e+00
2.100476556979576344e+03,1.800000000000000044e+00
2.105476556979576344e+03,2.200000000000000178e+00
2.110476556979576344e+03,8.000000000000000444e-01
2.115476556979576344e+03,1.600000000000000089e+00
2.120476556979576344e+03,1.399999999999999911e+00
2.125476556979576344e+03,2.000000000000000000e+00
2.130476556979576344e+03,2.000000000000000000e+00
2.135476556979576344e+03,1.399999999999999911e+00
2.140476556979576344e+03,1.800000000000000044e+00
2.145476556979576344e+03,1.200000000000000178e+00
2.150476556979576344e+03,2.000000000000000000e+00
2.155476556979576344e+03,1.800000000000000044e+00
2.160476556979576344e+03,1.000000000000000000e+00
2.165476556979576344e+03,1.799999999999999822e+00
2.170476556979576344e+03,8.000000000000000444e-01
2.175476556979576344e+03,1.199999999999999956e+00
2.180476556979576344e+03,2.599999999999999645e+00
2.185476556979576344e+03,1.800000000000000044e+00
2.190476556979576344e+03,8.000000000000000444e-01
2.195476556979576344e+03,1.399999999999999911e+00
2.200476556979576344e+03,2.399999999999999911e+00
2.205476556979576344e+03,2.399999999999999911e+00
2.210476556979576344e+03,1.399999999999999911e+00
2.215476556979576344e+03,1.399999999999999911e+00
2.220476556979576344e+03,1.600000000000000089e+00
2.225476556979576344e+03,1.199999999999999956e+00
2.230476556979576344e+03,2.399999999999999911e+00
2.235476556979576344e+03,1.600000000000000089e+00
2.240476556979576344e+03,2.600000000000000089e+00
2.245476556979576344e+03,1.600000000000000089e+00
2.250476556979576344e+03,1.000000000000000000e+00
2.255476556979576344e+03,1.200000000000000178e+00
2.260476556979576344e+03,1.399999999999999911e+00
2.265476556979576344e+03,1.799999999999999822e+00
2.270476556979576344e+03,1.199999999999999956e+00
2.275476556979576344e+03,1.200000000000000178e+00
2.280476556979576344e+03,1.600000000000000089e+00
2.285476556979576344e+03,2.200000000000000178e+00
2.290476556979576344e+03,3.600000000000000089e+00
2.295476556979576344e+03,2.799999999999999822e+00
2.300476556979576344e+03,2.000000000000000000e+00
2.305476556979576344e+03,6.000000000000000888e-01
2.310476556979576344e+03,8.000000000000000444e-01
2.315476556979576344e+03,2.000000000000000000e+00
2.320476556979576344e+03,2.799999999999999822e+00
2.325476556979576344e+03,5.999999999999999778e-01
2.330476556979576344e+03,2.600000000000000089e+00
2.335476556979576344e+03,2.399999999999999911e+00
2.340476556979576344e+03,2.399999999999999911e+00
2.345476556979576344e+03,2.200000000000000178e+00
2.350476556979576344e+03,2.000000000000000000e+00
2.355476556979576344e+03,8.000000000000000444e-01
2.360476556979576344e+03,3.599999999999999645e+00
2.365476556979576344e+03,4.200000000000000178e+00
2.370476556979576344e+03,2.400000000000000355e+00
2.375476556979576344e+03,2.200000000000000178e+00
2.380476556979576344e+03,2.399999999999999911e+00
2.385476556979576344e+03,2.000000000000000000e+00
2.390476556979576344e+03,2.399999999999999911e+00
2.395476556979576344e+03,1.800000000000000044e+00
2.400476556979576344e+03,1.200000000000000178e+00
2.405476556979576344e+03,3.200000000000000178e+00
2.410476556979576344e+03,1.800000000000000044e+00
2.415476556979576344e+03,1.799999999999999822e+00
2.420476556979576344e+03,1.600000000000000089e+00
2.425476556979576344e+03,2.399999999999999911e+00
2.430476556979576344e+03,2.000000000000000000e+00
2.435476556979576344e+03,2.000000000000000000e+00
2.440476556979576344e+03,2.399999999999999911e+00
2.445476556979576344e+03,2.799999999999999822e+00
2.450476556979576344e+03,3.000000000000000000e+00
2.455476556979576344e+03,2.000000000000000000e+00
2.460476556979576344e+03,2.000000000000000000e+00
2.465476556979576344e+03,2.200000000000000178e+00
2.470476556979576344e+03,1.600000000000000089e+00
2.475476556979576344e+03,1.799999999999999822e+00
2.480476556979576344e+03,2.600000000000000089e+00
2.485476556979576344e+03,1.799999999999999822e+00
2.490476556979576344e+03,1.600000000000000089e+00
2.495476556979576344e+03,2.600000000000000089e+00
2.500476556979576344e+03,3.600000000000000089e+00
2.505476556979576344e+03,3.600000000000000089e+00
2.510476556979576344e+03,2.399999999999999911e+00
2.515476556979576344e+03,2.600000000000000089e+00
2.520476556979576344e+03,2.399999999999999911e+00
2.525476556979576344e+03,2.400000000000000355e+00
2.530476556979576344e+03,2.000000000000000000e+00
2.535476556979576344e+03,2.600000000000000089e+00
2.540476556979576344e+03,1.799999999999999822e+00
2.545476556979576344e+03,3.399999999999999911e+00
2.550476556979576344e+03,2.399999999999999911e+00
2.555476556979576344e+03,2.200000000000000178e+00
2.560476556979576344e+03,3.000000000000000000e+00
2.565476556979576344e+03,3.400000000000000355e+00
2.570476556979576344e+03,2.799999999999999822e+00
2.575476556979576344e+03,2.200000000000000178e+00
2.580476556979576344e+03,1.799999999999999822e+00
2.585476556979576344e+03,6.000000000000000888e-01
2.590476556979576344e+03,1.000000000000000000e+00
2.595476556979576344e+03,2.400000000000000355e+00
2.600476556979576344e+03,3.000000000000000000e+00
2.605476556979576344e+03,1.399999999999999911e+00
2.610476556979576344e+03,2.399999999999999911e+00
2.615476556979576344e+03,2.000000000000000000e+00
2.620476556979576344e+03,2.799999999999999822e+00
2.625476556979576344e+03,1.799999999999999822e+00
2.630476556979576344e+03,2.800000000000000266e+00
2.635476556979576344e+03,2.399999999999999911e+00
2.640476556979576344e+03,2.200000000000000178e+00
2.645476556979576344e+03,1.799999999999999822e+00
2.650476556979576344e+03,2.200000000000000178e+00
2.655476556979576344e+03,2.000000000000000000e+00
2.660476556979576344e+03,1.800000000000000044e+00
2.665476556979576344e+03,1.399999999999999911e+00
2.670476556979576344e+03,1.399999999999999911e+00
2.675476556979576344e+03,1.199999999999999956e+00
2.680476556979576344e+03,2.000000000000000000e+00
2.685476556979576344e+03,2.000000000000000000e+00
2.690476556979576344e+03,2.599999999999999645e+00
2.695476556979576344e+03,2.000000000000000000e+00
2.700476556979576344e+03,2.799999999999999822e+00
2.705476556979576344e+03,2.799999999999999822e+00
2.710476556979576344e+03,3.200000000000000178e+00
2.715476556979576344e+03,1.799999999999999822e+00
2.720476556979576344e+03,1.600000000000000089e+00
2.725476556979576344e+03,1.800000000000000044e+00
2.730476556979576344e+03,1.600000000000000089e+00
2.735476556979576344e+03,2.000000000000000000e+00
2.740476556979576344e+03,2.599999999999999645e+00
2.745476556979576344e+03,2.600000000000000089e+00
2.750476556979576344e+03,2.799999999999999822e+00
2.755476556979576344e+03,1.199999999999999956e+00
2.760476556979576344e+03,2.799999999999999822e+00
2.765476556979576344e+03,2.399999999999999911e+00
2.770476556979576344e+03,1.599999999999999867e+00
2.775476556979576344e+03,1.199999999999999956e+00
2.780476556979576344e+03,4.400000000000000355e+00
2.785476556979576344e+03,2.200000000000000178e+00
2.790476556979576344e+03,2.799999999999999822e+00
2.795476556979576344e+03,1.399999999999999911e+00
2.800476556979576344e+03,2.400000000000000355e+00
2.805476556979576344e+03,2.000000000000000000e+00
2.810476556979576344e+03,8.000000000000000444e-01
2.815476556979576344e+03,2.200000000000000178e+00
2.820476556979576344e+03,2.399999999999999911e+00
2.825476556979576344e+03,3.400000000000000355e+00
2.830476556979576344e+03,2.399999999999999911e+00
2.835476556979576344e+03,2.799999999999999822e+00
2.840476556979576344e+03,3.000000000000000000e+00
2.845476556979576344e+03,3.799999999999999822e+00
2.850476556979576344e+03,3.399999999999999911e+00
2.855476556979576344e+03,4.000000000000000000e+00
2.860476556979576344e+03,3.200000000000000178e+00
2.865476556979576344e+03,2.600000000000000089e+00
2.870476556979576344e+03,1.600000000000000089e+00
2.875476556979576344e+03,1.399999999999999911e+00
2.880476556979576344e+03,1.799999999999999822e+00
2.885476556979576344e+03,2.399999999999999911e+00
2.890476556979576344e+03,2.599999999999999645e+00
2.895476556979576344e+03,3.000000000000000000e+00
2.900476556979576344e+03,3.600000000000000089e+00
2.905476556979576344e+03,2.799999999999999822e+00
2.910476556979576344e+03,2.599999999999999645e+00
2.915476556979576344e+03,2.799999999999999822e+00
2.920476556979576344e+03,1.800000000000000044e+00
2.925476556979576344e+03,2.600000000000000089e+00
2.930476556979576344e+03,1.799999999999999822e+00
2.935476556979576344e+03,4.400000000000000355e+00
2.940476556979576344e+03,2.799999999999999822e+00
2.945476556979576344e+03,2.399999999999999911e+00
2.950476556979576344e+03,3.200000000000000178e+00
2.955476556979576344e+03,2.200000000000000178e+00
2.960476556979576344e+03,2.000000000000000000e+00
2.965476556979576344e+03,2.000000000000000000e+00
2.970476556979576344e+03,1.799999999999999822e+00
2.975476556979576344e+03,2.399999999999999911e+00
2.980476556979576344e+03,2.600000000000000089e+00
2.985476556979576344e+03,1.000000000000000000e+00
2.990476556979576344e+03,8.000000000000000444e-01
2.995476556979576344e+03,1.799999999999999822e+00
3.000476556979576344e+03,1.199999999999999956e+00
3.005476556979576344e+03,2.000000000000000000e+00
3.010476556979576344e+03,1.399999999999999911e+00
3.015476556979576344e+03,1.399999999999999911e+00
3.020476556979576344e+03,1.600000000000000089e+00
3.025476556979576344e+03,2.200000000000000178e+00
3.030476556979576344e+03,1.399999999999999911e+00
3.035476556979576344e+03,1.000000000000000000e+00
3.040476556979576344e+03,1.000000000000000000e+00
3.045476556979576344e+03,4.000000000000000222e-01
3.050476556979576344e+03,1.000000000000000000e+00
3.055476556979576344e+03,1.199999999999999956e+00
3.060476556979576344e+03,1.799999999999999822e+00
3.065476556979576344e+03,1.399999999999999911e+00
3.070476556979576344e+03,1.800000000000000044e+00
3.075476556979576344e+03,1.600000000000000089e+00
3.080476556979576344e+03,2.399999999999999911e+00
3.085476556979576344e+03,2.600000000000000089e+00
3.090476556979576344e+03,2.599999999999999645e+00
3.095476556979576344e+03,2.799999999999999822e+00
3.100476556979576344e+03,2.000000000000000000e+00
3.105476556979576344e+03,2.200000000000000178e+00
3.110476556979576344e+03,2.799999999999999822e+00
3.115476556979576344e+03,1.799999999999999822e+00
3.120476556979576344e+03,2.599999999999999645e+00
