# ts,pupil
2.504765569795765145e+02,3.326225263505748764e+00
2.554765569795765145e+02,3.428713526636023801e+00
2.604765569795765145e+02,3.423456690059963226e+00
2.654765569795765145e+02,3.462399565095044984e+00
2.704765569795765145e+02,3.412139841698311749e+00
2.754765569795765145e+02,3.573707465345402401e+00
2.804765569795765145e+02,3.488305397293911536e+00
2.854765569795765145e+02,3.900366268412497117e+00
2.904765569795765145e+02,3.584283011241633954e+00
2.954765569795765145e+02,3.498264418672347276e+00
3.004765569795765145e+02,3.373015126778084127e+00
3.054765569795765145e+02,3.515900068137302270e+00
3.104765569795765145e+02,3.492829820989072687e+00
3.154765569795765145e+02,3.496667405513521842e+00
3.204765569795765145e+02,3.521188205679812722e+00
3.254765569795765145e+02,3.354737244340681546e+00
3.304765569795765145e+02,3.510170663484620590e+00
3.354765569795765145e+02,3.323340211953748735e+00
3.404765569795765145e+02,3.331212632214715974e+00
3.454765569795765145e+02,3.347886525132735880e+00
3.504765569795765145e+02,3.501031099774076782e+00
3.554765569795765145e+02,3.425824769446204510e+00
3.604765569795765145e+02,3.217050967945576545e+00
3.654765569795765145e+02,3.196285295445640440e+00
3.704765569795765145e+02,3.330759896667572661e+00
3.754765569795765145e+02,3.334231828886137006e+00
3.804765569795765145e+02,3.364888628638155410e+00
3.854765569795765145e+02,3.372790733662081486e+00
3.904765569795765145e+02,3.633359345518793582e+00
3.954765569795765145e+02,3.417279624327325571e+00
4.004765569795765145e+02,3.379591784729345072e+00
4.054765569795765145e+02,3.752856561677884617e+00
4.104765569795765145e+02,nan
4.154765569795765145e+02,nan
4.204765569795765145e+02,nan
4.254765569795765145e+02,nan
4.304765569795765145e+02,nan
4.354765569795765145e+02,nan
4.404765569795765145e+02,nan
4.454765569795765145e+02,3.531947663521187497e+00
4.504765569795765145e+02,3.940617915293715523e+00
4.554765569795765145e+02,4.003943195927684329e+00
4.604765569795765145e+02,nan
4.654765569795765145e+02,3.739831709658694159e+00
4.704765569795765145e+02,3.570209922637068267e+00
4.754765569795765145e+02,3.904220336230278754e+00
4.804765569795765145e+02,3.724037735516624981e+00
4.854765569795765145e+02,3.760370227818409461e+00
4.904765569795765145e+02,3.676762116699067828e+00
4.954765569795765145e+02,3.701094700566578410e+00
5.004765569795765145e+02,3.812308969545721737e+00
5.054765569795765145e+02,3.513821960918531939e+00
5.104765569795765714e+02,3.719047719153441900e+00
5.154765569795765714e+02,3.718986802224006016e+00
5.204765569795765714e+02,3.668350407188202489e+00
5.254765569795765714e+02,3.786530077627929369e+00
5.304765569795765714e+02,3.355632692992502442e+00
5.354765569795765714e+02,3.429136036492499429e+00
5.404765569795765714e+02,3.613031476381059370e+00
5.454765569795765714e+02,3.644071049236390358e+00
5.504765569795765714e+02,3.678093267618993689e+00
5.554765569795765714e+02,3.744391582848714428e+00
5.604765569795765714e+02,3.612665159582042929e+00
5.654765569795765714e+02,3.779274123587200940e+00
5.704765569795765714e+02,3.528316303138330223e+00
5.754765569795765714e+02,3.615434085636448192e+00
5.804765569795765714e+02,3.587209986321615141e+00
5.854765569795765714e+02,4.051112390633561766e+00
5.904765569795765714e+02,4.477247574751320514e+00
5.954765569795765714e+02,nan
6.004765569795765714e+02,nan
6.054765569795765714e+02,4.763483675937497885e+00
6.104765569795765714e+02,3.967731409486944472e+00
6.154765569795765714e+02,3.710946071761249687e+00
6.204765569795765714e+02,3.617003756939633163e+00
6.254765569795765714e+02,3.480393878556852005e+00
6.304765569795765714e+02,3.652744558280989207e+00
6.354765569795765714e+02,3.807218736561993833e+00
6.404765569795765714e+02,4.005293167169694080e+00
6.454765569795765714e+02,3.774452125558981574e+00
6.504765569795765714e+02,3.723106718361625767e+00
6.554765569795765714e+02,3.744055303397737067e+00
6.604765569795765714e+02,3.634129636492898996e+00
6.654765569795765714e+02,3.831118784169679437e+00
6.704765569795765714e+02,3.769826926268811551e+00
6.754765569795765714e+02,3.886629189658842520e+00
6.804765569795765714e+02,3.737497726082510408e+00
6.854765569795765714e+02,3.748952255925084298e+00
6.904765569795765714e+02,3.736529761833998098e+00
6.954765569795765714e+02,3.742530523174101287e+00
7.004765569795765714e+02,3.689654498983629072e+00
7.054765569795765714e+02,3.696390382986325385e+00
7.104765569795765714e+02,4.014686351908975936e+00
7.154765569795765714e+02,3.959003012156876888e+00
7.204765569795765714e+02,3.968053862837322754e+00
7.254765569795765714e+02,4.003331058320781288e+00
7.304765569795765714e+02,4.055562350761571011e+00
7.354765569795765714e+02,3.999719824302943039e+00
7.404765569795765714e+02,4.072984787273999707e+00
7.454765569795765714e+02,4.009382132968531742e+00
7.504765569795765714e+02,3.676325321432097670e+00
7.554765569795765714e+02,4.018191087250139404e+00
7.604765569795765714e+02,4.001748040069314172e+00
7.654765569795765714e+02,3.529119498579747383e+00
7.704765569795765714e+02,3.558504750423606033e+00
7.754765569795765714e+02,3.456760239311555960e+00
7.804765569795765714e+02,3.510411676153575744e+00
7.854765569795765714e+02,3.601587546635522052e+00
7.904765569795765714e+02,3.602058667939240344e+00
7.954765569795765714e+02,3.997997932509978369e+00
8.004765569795765714e+02,3.981832770907494545e+00
8.054765569795765714e+02,3.837004571498038086e+00
8.104765569795765714e+02,4.039481182895594102e+00
8.154765569795765714e+02,4.157191116973558032e+00
8.204765569795765714e+02,3.949847307187758894e+00
8.254765569795765714e+02,3.846374008211908890e+00
8.304765569795765714e+02,3.757331646380471568e+00
8.354765569795765714e+02,3.784494856106740635e+00
8.404765569795765714e+02,3.898896735063707819e+00
8.454765569795765714e+02,3.776982212426037488e+00
8.504765569795765714e+02,3.798162910583915419e+00
8.554765569795765714e+02,3.349994009229638969e+00
8.604765569795765714e+02,3.450388422338922734e+00
8.654765569795765714e+02,3.605834639393320273e+00
8.704765569795765714e+02,3.841384508055523117e+00
8.754765569795765714e+02,3.824098765967498981e+00
8.804765569795765714e+02,3.601784467258612121e+00
8.854765569795765714e+02,3.468902120995926541e+00
8.904765569795765714e+02,3.577372607803378735e+00
8.954765569795765714e+02,3.600479587103648793e+00
9.004765569795765714e+02,3.296931176927500484e+00
9.054765569795765714e+02,3.387006630802139373e+00
9.104765569795765714e+02,3.527734466699522287e+00
9.154765569795765714e+02,3.584784071052717458e+00
9.204765569795765714e+02,3.605451159331945377e+00
9.254765569795765714e+02,3.848045569365429852e+00
9.304765569795765714e+02,3.844792839443364141e+00
9.354765569795765714e+02,3.295626412927671112e+00
9.404765569795765714e+02,3.422361728715763274e+00
9.454765569795765714e+02,3.658901927356665418e+00
9.504765569795765714e+02,3.823506752317743285e+00
9.554765569795765714e+02,3.697830862222732939e+00
9.604765569795765714e+02,3.719848715482535706e+00
9.654765569795765714e+02,3.711531271240019247e+00
9.704765569795765714e+02,3.801676836197284803e+00
9.754765569795765714e+02,3.999001906630413217e+00
9.804765569795765714e+02,3.994756571081133689e+00
9.854765569795765714e+02,4.030183540346796711e+00
9.904765569795765714e+02,3.989767961472958202e+00
9.954765569795765714e+02,4.109867474557160172e+00
1.000476556979576571e+03,4.214182201606704758e+00
1.005476556979576571e+03,4.126359031566351199e+00
1.010476556979576571e+03,3.669569217793178684e+00
1.015476556979576571e+03,3.658148500653293667e+00
1.020476556979576571e+03,3.838740387758164729e+00
1.025476556979576571e+03,4.086385257473558852e+00
1.030476556979576571e+03,3.706991016711184805e+00
1.035476556979576571e+03,3.734502196386882300e+00
1.040476556979576571e+03,3.733099483991853429e+00
1.045476556979576571e+03,3.668218858619676226e+00
1.050476556979576571e+03,3.591033199635045747e+00
1.055476556979576571e+03,3.889715382645458686e+00
1.060476556979576571e+03,3.636583673110477033e+00
1.065476556979576571e+03,3.441972344730746869e+00
1.070476556979576571e+03,3.461983659160118521e+00
1.075476556979576571e+03,3.765446824465670250e+00
1.080476556979576571e+03,3.575478178278246766e+00
1.085476556979576571e+03,3.532255866432355784e+00
1.090476556979576571e+03,3.237731090349723395e+00
1.095476556979576571e+03,3.472981208905810302e+00
1.100476556979576571e+03,3.524257416485946592e+00
1.105476556979576571e+03,3.359183993529136103e+00
1.110476556979576571e+03,3.625298477519555806e+00
1.115476556979576571e+03,3.695934826491320102e+00
1.120476556979576571e+03,3.717509691772859615e+00
1.125476556979576571e+03,3.671432127394217648e+00
1.130476556979576571e+03,3.712996297997090966e+00
1.135476556979576571e+03,3.421522292407565224e+00
1.140476556979576571e+03,3.812971831017019309e+00
1.145476556979576571e+03,3.878122239151702288e+00
1.150476556979576571e+03,3.863354870053049783e+00
1.155476556979576571e+03,3.785692118845007670e+00
1.160476556979576571e+03,3.973265950908648314e+00
1.165476556979576571e+03,3.932381510540694070e+00
1.170476556979576571e+03,4.003740632403432365e+00
1.175476556979576571e+03,3.946371807058800307e+00
1.180476556979576571e+03,3.827060113306325118e+00
1.185476556979576571e+03,3.879220472292054911e+00
1.190476556979576571e+03,3.610721302825848689e+00
1.195476556979576571e+03,3.668687707204021375e+00
1.200476556979576571e+03,3.663538434107008968e+00
1.205476556979576571e+03,3.968670052630484779e+00
1.210476556979576571e+03,3.644678107348616969e+00
1.215476556979576571e+03,3.705398852800762199e+00
1.220476556979576571e+03,3.746834105839350837e+00
1.225476556979576571e+03,3.301731219694716390e+00
1.230476556979576571e+03,3.335902787518181256e+00
1.235476556979576571e+03,3.548189471036530929e+00
1.240476556979576571e+03,3.636343548531512759e+00
1.245476556979576571e+03,3.646055966861078357e+00
1.250476556979576571e+03,3.619398838312408273e+00
1.255476556979576571e+03,3.476333048710121609e+00
1.260476556979576571e+03,3.585334095371498719e+00
1.265476556979576571e+03,3.831010315110181086e+00
1.270476556979576571e+03,3.403840629510170412e+00
1.275476556979576571e+03,3.539409875818296136e+00
1.280476556979576571e+03,3.633413493406994377e+00
1.285476556979576571e+03,3.600849972811568378e+00
1.290476556979576571e+03,3.682088541805895954e+00
1.295476556979576571e+03,3.999068705959134107e+00
1.300476556979576571e+03,4.106231341609969832e+00
1.305476556979576571e+03,3.943462044450838810e+00
1.310476556979576571e+03,4.107175995811259916e+00
1.315476556979576571e+03,3.937134881879142512e+00
1.320476556979576571e+03,3.721024304373321989e+00
1.325476556979576571e+03,4.026848530097993262e+00
1.330476556979576571e+03,4.101609277262578068e+00
1.335476556979576571e+03,3.816462161505399298e+00
1.340476556979576571e+03,3.790232262255774476e+00
1.345476556979576571e+03,3.974762702063802333e+00
1.350476556979576571e+03,3.878391904613738728e+00
1.355476556979576571e+03,3.877570490320568553e+00
1.360476556979576571e+03,3.785791044327256216e+00
1.365476556979576571e+03,3.847946967065195789e+00
1.370476556979576571e+03,3.658941994239006235e+00
1.375476556979576571e+03,3.615420190458596750e+00
1.380476556979576571e+03,3.748291934226801736e+00
1.385476556979576571e+03,3.634255218978923452e+00
1.390476556979576571e+03,3.700307456192680977e+00
1.395476556979576571e+03,3.783285303665434807e+00
1.400476556979576571e+03,3.987688077379060836e+00
1.405476556979576571e+03,3.837573519362245111e+00
1.410476556979576571e+03,3.869912778455801838e+00
1.415476556979576571e+03,3.465030116759421297e+00
1.420476556979576571e+03,3.628208299359497957e+00
1.425476556979576571e+03,3.373889298576390861e+00
1.430476556979576571e+03,3.822473768404508476e+00
1.435476556979576571e+03,3.917739327713159803e+00
1.440476556979576571e+03,3.712620004238943228e+00
1.445476556979576571e+03,3.670293417673172964e+00
1.450476556979576571e+03,4.021013881604721618e+00
1.455476556979576571e+03,3.989733000521811235e+00
1.460476556979576571e+03,3.860171809393323716e+00
1.465476556979576571e+03,3.807116809629538690e+00
1.470476556979576571e+03,3.657252581889080645e+00
1.475476556979576571e+03,3.836443289218631314e+00
1.480476556979576571e+03,3.897475197015653148e+00
1.485476556979576571e+03,3.972459256796094795e+00
1.490476556979576571e+03,3.790787726042416761e+00
1.495476556979576571e+03,3.736406881218244269e+00
1.500476556979576571e+03,3.812247603870383195e+00
1.505476556979576571e+03,3.957119683233756291e+00
1.510476556979576571e+03,3.779762690219615973e+00
1.515476556979576571e+03,3.891103463187445932e+00
1.520476556979576571e+03,4.041757458483945520e+00
1.525476556979576571e+03,3.930889243790760101e+00
1.530476556979576571e+03,3.752183188115471690e+00
1.535476556979576571e+03,3.964602643605866561e+00
1.540476556979576571e+03,3.984796251547211732e+00
1.545476556979576571e+03,3.775234960494091130e+00
1.550476556979576571e+03,3.872364607267180237e+00
1.555476556979576571e+03,3.840393126534134005e+00
1.560476556979576571e+03,3.587324069427051398e+00
1.565476556979576571e+03,3.697473907893359613e+00
1.570476556979576571e+03,3.866603790815667185e+00
1.575476556979576571e+03,3.726977904040707390e+00
1.580476556979576571e+03,3.642894723382369637e+00
1.585476556979576571e+03,3.565350816074705165e+00
1.590476556979576571e+03,3.606840056868097388e+00
1.595476556979576571e+03,3.462811438821931098e+00
1.600476556979576571e+03,3.557114761115316881e+00
1.605476556979576571e+03,3.616008638683902099e+00
1.610476556979576571e+03,3.591860795943911722e+00
1.615476556979576571e+03,3.488779475796186524e+00
1.620476556979576571e+03,3.678926257240598297e+00
1.625476556979576571e+03,3.642157812072798428e+00
1.630476556979576571e+03,3.562011042677883044e+00
1.635476556979576571e+03,3.971465158745210555e+00
1.640476556979576571e+03,3.968991664764706329e+00
1.645476556979576571e+03,3.925117349273472112e+00
1.650476556979576571e+03,3.800757594900236125e+00
1.655476556979576571e+03,3.877315596425795263e+00
1.660476556979576571e+03,3.930134531381608731e+00
1.665476556979576571e+03,3.837158603212881491e+00
1.670476556979576571e+03,3.903031731698366702e+00
1.675476556979576571e+03,3.885308754144656707e+00
1.680476556979576571e+03,3.885870674287700055e+00
1.685476556979576571e+03,3.726549676189771176e+00
1.690476556979576571e+03,3.781725202182807610e+00
1.695476556979576571e+03,3.527132397660345919e+00
1.700476556979576571e+03,3.730752679663122073e+00
1.705476556979576571e+03,3.415654363591383635e+00
1.710476556979576571e+03,3.807886686137194054e+00
1.715476556979576571e+03,3.634537772834174785e+00
1.720476556979576571e+03,3.973680231728696111e+00
1.725476556979576571e+03,3.707401898112789862e+00
1.730476556979576571e+03,3.906798993177621693e+00
1.735476556979576571e+03,3.690384893968857050e+00
1.740476556979576571e+03,3.522610278643830028e+00
1.745476556979576571e+03,3.875651410535152941e+00
1.750476556979576571e+03,3.831768934527028048e+00
1.755476556979576571e+03,3.304490305532989058e+00
1.760476556979576571e+03,3.746777869026015839e+00
1.765476556979576571e+03,3.697713339239434571e+00
1.770476556979576571e+03,3.583133955535899418e+00
1.775476556979576571e+03,3.557360514560543585e+00
1.780476556979576571e+03,3.148095476921783487e+00
1.785476556979576571e+03,3.839863412715487812e+00
1.790476556979576571e+03,3.831385950633106940e+00
1.795476556979576571e+03,3.471054763457057213e+00
1.800476556979576571e+03,3.802874507549735217e+00
1.805476556979576571e+03,3.743899912646343253e+00
1.810476556979576571e+03,3.488440853841654921e+00
1.815476556979576571e+03,3.363976857500865503e+00
1.820476556979576571e+03,3.304249596269334788e+00
1.825476556979576571e+03,3.294438276876504368e+00
1.830476556979576571e+03,3.197067834255721941e+00
1.835476556979576571e+03,3.252505665563326875e+00
1.840476556979576571e+03,3.248248643527009261e+00
1.845476556979576571e+03,3.195158774337126140e+00
1.850476556979576571e+03,3.262909128778854306e+00
1.855476556979576571e+03,3.272568773731364900e+00
1.860476556979576571e+03,3.377326978336196550e+00
1.865476556979576571e+03,3.546618640565627256e+00
1.870476556979576571e+03,3.389344183620310424e+00
1.875476556979576571e+03,3.327968620262378163e+00
1.880476556979576571e+03,3.251356533648518177e+00
1.885476556979576571e+03,3.364051126508674106e+00
1.890476556979576571e+03,3.349231681053063348e+00
1.895476556979576571e+03,3.422663482256487200e+00
1.900476556979576571e+03,3.473703740462890099e+00
1.905476556979576571e+03,nan
1.910476556979576571e+03,3.606313377170601964e+00
1.915476556979576571e+03,3.477250460406043686e+00
1.920476556979576571e+03,3.569906942752040457e+00
1.925476556979576571e+03,3.504551735263134127e+00
1.930476556979576571e+03,3.499879023882161988e+00
1.935476556979576571e+03,3.535388367623465200e+00
1.940476556979576571e+03,3.528200022455004525e+00
1.945476556979576571e+03,3.762394115027787311e+00
1.950476556979576571e+03,3.681865795608938896e+00
1.955476556979576571e+03,3.209265038066125619e+00
1.960476556979576571e+03,3.345698929570933178e+00
1.965476556979576571e+03,3.797750829273997653e+00
1.970476556979576571e+03,3.712677386346711295e+00
1.975476556979576571e+03,3.701984212605808899e+00
1.980476556979576571e+03,3.736113903310791073e+00
1.985476556979576571e+03,3.731818334767090573e+00
1.990476556979576571e+03,3.814839764249712051e+00
1.995476556979576571e+03,3.839072379513124744e+00
2.000476556979576571e+03,3.471410644281416769e+00
2.005476556979576571e+03,3.415839845659434548e+00
2.010476556979576571e+03,3.829223848047801138e+00
2.015476556979576571e+03,3.795589406175485792e+00
2.020476556979576571e+03,3.753043663918200767e+00
2.025476556979576571e+03,3.821580824948755506e+00
2.030476556979576571e+03,3.308119773402504293e+00
2.035476556979576571e+03,3.662103052748096221e+00
2.040476556979576571e+03,3.780844513188854172e+00
2.045476556979576571e+03,3.675278861407299313e+00
2.050476556979576344e+03,3.354138421567043782e+00
2.055476556979576344e+03,3.245478544873086069e+00
2.060476556979576344e+03,3.536021080966098573e+00
2.065476556979576344e+03,3.380758807660134035e+00
2.070476556979576344e+03,3.534384262514656871e+00
2.075476556979576344e+03,3.481980194089070224e+00
2.080476556979576344e+03,3.493121402046498236e+00
2.085476556979576344e+03,3.357731118568222595e+00
2.090476556979576344e+03,3.398684941508821389e+00
2.095476556979576344e+03,3.310737031406869590e+00
2.100476556979576344e+03,3.752737532553059641e+00
2.105476556979576344e+03,3.282586279291589637e+00
2.110476556979576344e+03,3.369402965774270342e+00
2.115476556979576344e+03,3.164947079987217027e+00
2.120476556979576344e+03,3.538254584381224088e+00
2.125476556979576344e+03,3.621638719368513559e+00
2.130476556979576344e+03,3.664892764278820714e+00
2.135476556979576344e+03,3.300069458029713854e+00
2.140476556979576344e+03,3.607975693957317098e+00
2.145476556979576344e+03,3.565882673184121998e+00
2.150476556979576344e+03,3.601105494676659191e+00
2.155476556979576344e+03,3.228626305951645126e+00
2.160476556979576344e+03,3.604634978404172241e+00
2.165476556979576344e+03,3.585295437999079571e+00
2.170476556979576344e+03,3.849086116801286206e+00
2.175476556979576344e+03,3.618010902102824833e+00
2.180476556979576344e+03,3.869755749416212698e+00
2.185476556979576344e+03,3.759056560478412301e+00
2.190476556979576344e+03,3.561472544887773317e+00
2.195476556979576344e+03,3.713594380449633192e+00
2.200476556979576344e+03,4.054075916317393613e+00
2.205476556979576344e+03,3.942236314321203139e+00
2.210476556979576344e+03,4.124650150248956315e+00
2.215476556979576344e+03,3.947601389619279644e+00
2.220476556979576344e+03,3.932800230513346040e+00
2.225476556979576344e+03,3.779791156292784393e+00
2.230476556979576344e+03,3.719492746160101504e+00
2.235476556979576344e+03,3.800299455408225668e+00
2.240476556979576344e+03,3.606620866223257504e+00
2.245476556979576344e+03,3.755884781875016287e+00
2.250476556979576344e+03,3.515905962203168311e+00
2.255476556979576344e+03,3.779921185705949593e+00
2.260476556979576344e+03,3.783358095365266571e+00
2.265476556979576344e+03,3.771946537936303301e+00
2.270476556979576344e+03,3.449415835330650104e+00
2.275476556979576344e+03,3.775220295541560578e+00
2.280476556979576344e+03,3.488512414751467894e+00
2.285476556979576344e+03,3.591946467458480452e+00
2.290476556979576344e+03,3.665037360382440657e+00
2.295476556979576344e+03,3.725952641188654990e+00
2.300476556979576344e+03,3.545774984821867815e+00
2.305476556979576344e+03,3.475966945788781182e+00
2.310476556979576344e+03,3.300372605223179434e+00
2.315476556979576344e+03,3.486688387350856289e+00
2.320476556979576344e+03,3.745828536647614726e+00
2.325476556979576344e+03,3.208159795982582718e+00
2.330476556979576344e+03,3.369745198971938471e+00
2.335476556979576344e+03,3.569702960645097622e+00
2.340476556979576344e+03,3.724021613532758845e+00
2.345476556979576344e+03,3.928529832470138317e+00
2.350476556979576344e+03,4.010171978978675611e+00
2.355476556979576344e+03,3.803633675368629952e+00
2.360476556979576344e+03,3.711060766499588492e+00
2.365476556979576344e+03,3.517495519952806848e+00
2.370476556979576344e+03,3.297920965499894663e+00
2.375476556979576344e+03,3.443204530688275700e+00
2.380476556979576344e+03,3.300605167630325631e+00
2.385476556979576344e+03,3.189966227715252067e+00
2.390476556979576344e+03,3.426055833344536783e+00
2.395476556979576344e+03,3.258341705089730755e+00
2.400476556979576344e+03,3.334707091100858278e+00
2.405476556979576344e+03,3.416348690696994872e+00
2.410476556979576344e+03,3.453416900544530765e+00
2.415476556979576344e+03,3.306270624951554105e+00
2.420476556979576344e+03,3.609921413340898333e+00
2.425476556979576344e+03,3.311573969412561436e+00
2.430476556979576344e+03,3.692463845035655279e+00
2.435476556979576344e+03,3.405140991210735546e+00
2.440476556979576344e+03,3.185837330622447450e+00
2.445476556979576344e+03,3.345595428250795589e+00
2.450476556979576344e+03,3.528268314870284250e+00
2.455476556979576344e+03,3.608135344029989255e+00
2.460476556979576344e+03,3.600270950134661696e+00
2.465476556979576344e+03,3.938654271953009101e+00
2.470476556979576344e+03,3.836246775403366893e+00
2.475476556979576344e+03,3.708862439997934857e+00
2.480476556979576344e+03,3.476110104622169406e+00
2.485476556979576344e+03,3.625745390883064356e+00
2.490476556979576344e+03,3.623858692018133265e+00
2.495476556979576344e+03,3.454957452279338259e+00
2.500476556979576344e+03,3.547477833385469292e+00
2.505476556979576344e+03,3.490621055958440966e+00
2.510476556979576344e+03,3.481621977273766433e+00
2.515476556979576344e+03,3.535584113169827347e+00
2.520476556979576344e+03,3.546979821976438352e+00
2.525476556979576344e+03,3.457144931934415855e+00
2.530476556979576344e+03,3.432107976902797120e+00
2.535476556979576344e+03,3.507467792933840478e+00
2.540476556979576344e+03,3.337848398173299813e+00
2.545476556979576344e+03,3.396758727461672844e+00
2.550476556979576344e+03,3.695976501221585941e+00
2.555476556979576344e+03,3.893596173163780261e+00
2.560476556979576344e+03,3.753544292369006108e+00
2.565476556979576344e+03,3.812544054491051604e+00
2.570476556979576344e+03,3.809319761206967137e+00
2.575476556979576344e+03,3.776125684808455230e+00
2.580476556979576344e+03,3.773619388640411021e+00
2.585476556979576344e+03,3.521897262552465158e+00
2.590476556979576344e+03,3.304325280376546381e+00
2.595476556979576344e+03,3.774689985209729759e+00
2.600476556979576344e+03,3.672336257004268134e+00
2.605476556979576344e+03,3.424397183820360180e+00
2.610476556979576344e+03,3.567542898828826470e+00
2.615476556979576344e+03,3.249918061867691499e+00
2.620476556979576344e+03,3.561197834581529609e+00
2.625476556979576344e+03,3.550437907264227366e+00
2.630476556979576344e+03,3.260870304964349486e+00
2.635476556979576344e+03,3.145739048915108249e+00
2.640476556979576344e+03,3.573825344003798588e+00
2.645476556979576344e+03,3.564199734065730318e+00
2.650476556979576344e+03,3.775839149416622131e+00
2.655476556979576344e+03,3.253954620319933433e+00
2.660476556979576344e+03,3.988536409115385428e+00
2.665476556979576344e+03,4.083808877868429832e+00
2.670476556979576344e+03,3.900075789868752363e+00
2.675476556979576344e+03,3.638368595988867416e+00
2.680476556979576344e+03,3.769189116452620780e+00
2.685476556979576344e+03,3.562461258034970601e+00
2.690476556979576344e+03,3.688934251519792262e+00
2.695476556979576344e+03,3.590443441229746568e+00
2.700476556979576344e+03,3.643758980814583825e+00
2.705476556979576344e+03,3.600586811610852589e+00
2.710476556979576344e+03,3.441342556952709852e+00
2.715476556979576344e+03,3.536663873780485634e+00
2.720476556979576344e+03,3.577774453923003417e+00
2.725476556979576344e+03,3.709045040837794183e+00
2.730476556979576344e+03,3.523161647280657061e+00
2.735476556979576344e+03,3.558801211141821685e+00
2.740476556979576344e+03,3.341628274621061934e+00
2.745476556979576344e+03,3.365416128263727380e+00
2.750476556979576344e+03,3.212424427155711193e+00
2.755476556979576344e+03,3.546704245073417194e+00
2.760476556979576344e+03,3.636643450833777713e+00
2.765476556979576344e+03,3.623547169374524923e+00
2.770476556979576344e+03,3.498718487714406411e+00
2.775476556979576344e+03,3.564476738861519944e+00
2.780476556979576344e+03,3.631438508768508377e+00
2.785476556979576344e+03,3.730272246372744238e+00
2.790476556979576344e+03,3.365755318877740265e+00
2.795476556979576344e+03,3.381838348653774862e+00
2.800476556979576344e+03,3.445340757029913714e+00
2.805476556979576344e+03,3.171155502349304989e+00
2.810476556979576344e+03,3.522200398118339404e+00
2.815476556979576344e+03,3.460401264500163609e+00
2.820476556979576344e+03,3.705448168499095640e+00
2.825476556979576344e+03,3.501695989744708637e+00
2.830476556979576344e+03,3.692568815735797205e+00
2.835476556979576344e+03,3.600575641544533134e+00
2.840476556979576344e+03,3.740869976663143692e+00
2.845476556979576344e+03,3.600157747163265753e+00
2.850476556979576344e+03,3.894666880255396535e+00
2.855476556979576344e+03,3.740045287920263917e+00
2.860476556979576344e+03,3.452078772018303710e+00
2.865476556979576344e+03,3.579005833354549804e+00
2.870476556979576344e+03,3.357593837331784847e+00
2.875476556979576344e+03,3.672854113772607398e+00
2.880476556979576344e+03,3.870834627103579617e+00
2.885476556979576344e+03,4.046976711574187036e+00
2.890476556979576344e+03,3.915292301712553602e+00
2.895476556979576344e+03,4.056222482636554716e+00
2.900476556979576344e+03,3.847380122755876375e+00
2.905476556979576344e+03,3.850886370289438698e+00
2.910476556979576344e+03,3.796965596934176013e+00
2.915476556979576344e+03,3.722685419174212029e+00
2.920476556979576344e+03,3.564228137365635707e+00
2.925476556979576344e+03,3.613151852269270492e+00
2.930476556979576344e+03,3.781617350928625942e+00
2.935476556979576344e+03,3.679336637477460759e+00
2.940476556979576344e+03,3.951566184040134821e+00
2.945476556979576344e+03,3.497096229410187718e+00
2.950476556979576344e+03,3.979763043420621038e+00
2.955476556979576344e+03,4.029092803990793392e+00
2.960476556979576344e+03,3.867689679874277697e+00
2.965476556979576344e+03,3.503787843227170740e+00
2.970476556979576344e+03,3.701679815577191945e+00
2.975476556979576344e+03,3.489356427040129827e+00
2.980476556979576344e+03,3.537720141115511030e+00
2.985476556979576344e+03,3.595296668070389057e+00
2.990476556979576344e+03,3.696204911094716383e+00
2.995476556979576344e+03,3.400913214932929751e+00
3.000476556979576344e+03,3.703053457113409941e+00
3.005476556979576344e+03,3.665713192995289305e+00
3.010476556979576344e+03,3.672755915724979836e+00
3.015476556979576344e+03,3.800760745554756515e+00
3.020476556979576344e+03,3.648851652101722021e+00
3.025476556979576344e+03,3.681810210013172657e+00
3.030476556979576344e+03,3.723639553420163395e+00
3.035476556979576344e+03,3.857281755260861811e+00
3.040476556979576344e+03,3.689900112423277090e+00
3.045476556979576344e+03,3.775078279032023865e+00
3.050476556979576344e+03,3.674870918514168139e+00
3.055476556979576344e+03,3.887463405703302399e+00
3.060476556979576344e+03,3.363449624994178322e+00
3.065476556979576344e+03,3.599146715074586389e+00
3.070476556979576344e+03,3.534039254547098885e+00
3.075476556979576344e+03,3.910026938712504840e+00
3.080476556979576344e+03,3.889851406610476126e+00
3.085476556979576344e+03,3.896245919518815715e+00
3.090476556979576344e+03,3.495634375525505710e+00
3.095476556979576344e+03,3.412767083968295978e+00
3.100476556979576344e+03,3.467131436117746102e+00
3.105476556979576344e+03,3.837956396282260929e+00
3.110476556979576344e+03,3.914384834498111143e+00
3.115476556979576344e+03,3.562989215227215123e+00
3.120476556979576344e+03,3.741360273045271079e+00
