,freqs,gc_R3-R4->Fp1,gctr_R3-R4->Fp1,gc_Fp1->R3-R4,gctr_Fp1->R3-R4,gc_R3-R4->Fp2,gctr_R3-R4->Fp2,gc_Fp2->R3-R4,gctr_Fp2->R3-R4,gc_R3-R4->F7,gctr_R3-R4->F7,gc_F7->R3-R4,gctr_F7->R3-R4,gc_R3-R4->F8,gctr_R3-R4->F8,gc_F8->R3-R4,gctr_F8->R3-R4,gc_R3-R4->T7,gctr_R3-R4->T7,gc_T7->R3-R4,gctr_T7->R3-R4,gc_R3-R4->P7,gctr_R3-R4->P7,gc_P7->R3-R4,gctr_P7->R3-R4,gc_R3-R4->T8,gctr_R3-R4->T8,gc_T8->R3-R4,gctr_T8->R3-R4,gc_R3-R4->P8,gctr_R3-R4->P8,gc_P8->R3-R4,gctr_P8->R3-R4,gc_R3-R4->O1,gctr_R3-R4->O1,gc_O1->R3-R4,gctr_O1->R3-R4,gc_R3-R4->O2,gctr_R3-R4->O2,gc_O2->R3-R4,gctr_O2->R3-R4
0,8.0,0.023937495076671342,0.026470580075157145,0.0244460884813062,0.023844861923240913,0.02370946284575862,0.022588847996645605,0.020886204693620826,0.023143187218379362,0.02249987414359978,0.03400648702005994,0.03564072762470409,0.02589892414427241,0.023250021476737995,0.022171026394222876,0.020282152169547256,0.02181585149628422,0.02383124599079384,0.06899354196559765,0.060685067466891805,0.024780846162365956,0.023142985602365863,0.043831339259674994,0.03249327170762962,0.02058869435610621,0.023956898908853632,0.023804704916389623,0.019928108135472904,0.02002016293322904,0.02216551659071247,0.022494605204381322,0.019110865166018592,0.01908494642355666,0.022810604223238898,0.02324601047128527,0.019801429609661674,0.020393389385311208,0.020992163563814874,0.02100005049827176,0.019307447240806342,0.01909560503555617
1,9.0,0.022598774982893432,0.02955124392609834,0.03192691664351117,0.025713556559798758,0.02254325205238274,0.023897121901922797,0.024755177967915494,0.024350438405654398,0.021425053761471146,0.0412628522147409,0.05708435197260052,0.032102450987670283,0.02237642871775877,0.02131991274112858,0.023322056087562392,0.024710255509041486,0.020557825416807257,0.07113824655324222,0.09411810144026264,0.03190986803908589,0.02124228860931007,0.04768831876715463,0.04687060422316478,0.024151836348717884,0.022000694775052492,0.022273658842145543,0.025240657115662667,0.024864114421532062,0.02107501081603128,0.021638602994560812,0.024256670171212316,0.023533812235314398,0.021060725589952933,0.024315120747952126,0.025127226708924668,0.022854424707704678,0.019482738644670126,0.02053359578013545,0.022758805620135245,0.02180478257429606
2,10.0,0.021397988558748703,0.02767996064559274,0.030066212636063745,0.023014223958234756,0.02148322197474804,0.022535953144108105,0.023798283550739006,0.022491323345212463,0.020036534539986002,0.04232858117645388,0.05407423179276674,0.025894440520917886,0.0213533473939749,0.020525676506105504,0.02236524543870002,0.022789055558264302,0.01901286233989568,0.06557771182922671,0.0859510019907288,0.026571955650637292,0.020004794902389038,0.0469522451304871,0.04782817851315142,0.022033454730961476,0.01951028295453151,0.021405541902456325,0.025430934126755445,0.022765308633792187,0.01960876677859529,0.02105119243405992,0.02421854844732551,0.021894482969921053,0.020724866967930144,0.0246775264592177,0.02497497726164954,0.02117755766138786,0.01920505086383373,0.020561847511405384,0.021486313251922438,0.020000145249339366
3,11.0,0.01849449883030011,0.021566891371221877,0.025549502790581904,0.02139064644632549,0.018481329839020736,0.018353153606332308,0.021337623219215854,0.020844674639843658,0.01799220646305538,0.03376315944499884,0.04325936861254905,0.023936918892919656,0.01788382771234738,0.017860392125813633,0.020948236087434645,0.020643311391129255,0.016571698742179532,0.0526668014156305,0.07173707860719705,0.02571999133246494,0.017213028653728205,0.03824876634177695,0.044173273543431237,0.020551398242310406,0.01557168087449351,0.017954965960379158,0.02430609861739472,0.020904461168687726,0.015927855106218674,0.017753302140853376,0.022856212601482028,0.01996958294289544,0.017801604894041555,0.021268212511072603,0.023239047242492917,0.019301104472157327,0.016682788499146613,0.018028361889201268,0.019826604921929104,0.018297596062265015
4,12.0,0.01763241342211156,0.01893240792933296,0.02319871549784487,0.020520242042560383,0.017277508776798397,0.017106550397729226,0.020523041605581372,0.01998323371978356,0.017518902958632357,0.027455658138362003,0.03282431911421829,0.02170268486678633,0.016411594370999615,0.017177532845463563,0.02018596151741564,0.019064430186087392,0.015715961870787852,0.043154519876776036,0.0502635701180292,0.021645645550100102,0.015973237720149882,0.03206368032685843,0.0377253344346229,0.018751496631941544,0.014598441502377374,0.016637169252762977,0.021567299297452512,0.018776641555164217,0.014761231983383787,0.016485781092128293,0.020559647986832644,0.01803707676067092,0.016762470450922218,0.019262626152198682,0.02115715511831774,0.018292622588113913,0.015720590526111786,0.01695400152026539,0.018395479551674233,0.01674797436687094
5,13.0,0.015521859133325586,0.016157974062431423,0.02130826298916457,0.01924622882250928,0.015099747878714681,0.01499580168664818,0.019319285536221413,0.018572510681792158,0.01583959298893579,0.021690802562746546,0.026533373471864977,0.020070056184406937,0.014383096441954518,0.015145763002425799,0.018747892794624417,0.017539746860235926,0.014520477280580289,0.03305826715072755,0.03624605523372397,0.019653613109101287,0.014293134264008255,0.025539577216337865,0.031716561042032076,0.017541546954672155,0.013561258521009723,0.014721646715114405,0.019243271871862522,0.018068758422706034,0.013408491721627934,0.014603892464858595,0.01841632037345582,0.01725692546257,0.014994707415602845,0.01734182025972715,0.019872307014852267,0.017140315888700096,0.014064270637325895,0.015092979662351907,0.016606742420026566,0.015334274802925086
6,14.0,0.014416558028198004,0.015100883068294733,0.019613499106082795,0.017596259240773834,0.014073096736591168,0.01394218657376566,0.018022323798897847,0.0171685297837045,0.014646257285327278,0.01921410652839818,0.02236950267524879,0.017758042646327726,0.013680891767566839,0.013950514157472487,0.01726593208164134,0.016407553290248005,0.01399167057872041,0.02750397831853964,0.026848963113309966,0.017381635131635337,0.013540943265070667,0.0225618833944902,0.027333919930063608,0.01631448989762543,0.013399034514866482,0.01371304818356839,0.01694960116271997,0.016735959649256078,0.012997718331163961,0.013570243888417825,0.016334944561749866,0.015963710720962587,0.014435280359467678,0.016480400844671735,0.01875050887400355,0.01617985536997971,0.013341464251723306,0.014035485354391601,0.015048365361373755,0.014198406189417187
7,15.0,0.013191521654910242,0.01382584188866939,0.01704570179070762,0.015452846511709263,0.013019409767615309,0.012819017738079948,0.015932592032255215,0.015241475941320151,0.013363803471118105,0.016811456246043903,0.018717939415032317,0.015796880048111694,0.01279220725454228,0.012714761108540173,0.015625388981075523,0.01509787657701438,0.013146399833589822,0.02201133507063063,0.020685785073927956,0.0158122489785044,0.012532934318043051,0.019132067018149495,0.023232219513635185,0.015152377647910874,0.012773395046604323,0.012455738053651803,0.015138208689480785,0.015233999141615773,0.012244208981087112,0.012266748672172485,0.014599427636628583,0.014425464842035315,0.013308733968917007,0.014963186407409965,0.01708706714883184,0.01494445459629737,0.012181534829643733,0.012828410054969685,0.01373841309748872,0.012820215178464751
8,16.0,0.012790350195172068,0.013422142458980725,0.014368502432082434,0.013241146518518933,0.012766917330422298,0.012626498318226733,0.013770512501920911,0.013248170383142572,0.012691646937006128,0.015559036500577987,0.015198879166918053,0.01332139209280327,0.01263612188290662,0.012399804411828363,0.013770722757018083,0.01356807250172989,0.012446322145305295,0.01913989752510189,0.016413963659030764,0.013557720424430642,0.012248122764156035,0.01755576008017789,0.019511446119515965,0.01361894096925197,0.012539572822537483,0.012071997339334879,0.013291631959939723,0.013354980381291461,0.012000143169034791,0.011828553160034344,0.012780932053465335,0.012654436949046149,0.01284171728947,0.01423175820232352,0.015177787343034058,0.013449303882354692,0.011768194776895162,0.012238141256334687,0.012372636302651029,0.01161115647921517
9,17.0,0.012140498787672519,0.012491003835410814,0.012192658734805767,0.011646433400143099,0.012135258682642291,0.012015919917381067,0.011915219016829046,0.01156354528262153,0.011912935097681519,0.013950987597309054,0.012699482220120085,0.011893895612016876,0.011929455433979056,0.01177988184414,0.012145226384882525,0.01190014483391518,0.011650901235509572,0.016225215898461334,0.013351083672803082,0.012030080909097832,0.011548549309672541,0.01518535608911833,0.015784939022407126,0.012015300501632766,0.011761726732487217,0.011480573748175718,0.011766911081617667,0.011689290957415114,0.011333210965922802,0.011273795492966148,0.011218951517630476,0.01119040904028819,0.011880050686685923,0.013021183284056548,0.013182215149609097,0.011849524277213882,0.011102710299890095,0.011332611756771431,0.010964700719652816,0.010517581479388586
10,18.0,0.011943746847594576,0.011973965844845948,0.010662073818618384,0.01050897711204905,0.011749568330294141,0.011647799497489727,0.010546074265978098,0.010307424700437978,0.01173943906071149,0.01299484237383328,0.010888477759310585,0.010746823444301902,0.011417642125221129,0.011462959168447584,0.010842444737652591,0.01048947398842275,0.011371969502088658,0.014610369305082657,0.011331699692349591,0.010873422363372095,0.011091254425296458,0.013967007827778679,0.013085931839180767,0.010593620051668123,0.011373336779306652,0.011286605836014976,0.010475045819535999,0.010361204831823408,0.010986052098475871,0.010999862324375437,0.00985947666852622,0.009954737349720794,0.011347662951027522,0.012195645030680298,0.011380885349849561,0.010534382236599612,0.010662262281834072,0.010807664211938496,0.00978329561244655,0.009649159202606125
11,19.0,0.011231515859474833,0.011168353548305116,0.009616307808562385,0.009703027999629427,0.010943806374383983,0.01099990878097039,0.009577006215464258,0.009449233302277371,0.01119370043241913,0.011959350306174057,0.009773660501971326,0.010050606598066733,0.010554973874652734,0.010880576881162717,0.00988515400384631,0.009467277489109993,0.011066824347050096,0.013138640156387897,0.01001935140504008,0.010107886750512121,0.010462061150570535,0.012695292057092902,0.011245777982832297,0.009479498374203397,0.010712003501499692,0.01083117500710275,0.009546505494569533,0.009366923310329936,0.010394743733704873,0.010451704083814583,0.008985016980031148,0.009033875985609206,0.010641571767175612,0.01125139771066867,0.010052234031116639,0.009508804872777908,0.010012520848831297,0.010232903671136767,0.00899827525380524,0.0089265069629594
12,20.0,0.010530180153701057,0.010620054625434031,0.008848353066225974,0.008959815533524271,0.010224418092958607,0.010618875269860844,0.008971410098539445,0.008740958597813963,0.010583804210245393,0.01121746454597978,0.008963488114230088,0.009230310370929959,0.009856450143736635,0.010539907329341394,0.009239688212041774,0.008661147502861665,0.010772164931766394,0.012279324196174486,0.009312736904711665,0.009445174183299125,0.010024127773263577,0.012029488882630389,0.010218087289230373,0.008679923128737516,0.010146603476873862,0.010467454322575905,0.008904005972201695,0.008609934699415357,0.009858208335773961,0.009959733125738853,0.008393363722836954,0.008273323601779623,0.010152311196943731,0.010624490291862253,0.009212128057327927,0.008794329124628606,0.009524441129077108,0.009857468302738145,0.008548180449186519,0.008345988681147607
13,21.0,0.009739487982461294,0.009923146902779905,0.008253809888943088,0.008385136848117331,0.009467359761914132,0.01008715738093587,0.008505484426545234,0.008154366318615503,0.009913638362683405,0.010453658778793633,0.008445710856457919,0.008752851669605797,0.009147380564168042,0.010052278896066724,0.008764547555483468,0.008051727500397246,0.010438368881619906,0.011426147773371914,0.008762422139552367,0.008984423180447553,0.00955924493842553,0.011215808504046243,0.009475630193739216,0.008104967012786766,0.009508349260454085,0.009945593974853822,0.008393403755132589,0.008021068390415564,0.009241699398208226,0.009395501069074538,0.007988448361556627,0.007742763552699964,0.009548822656345449,0.010113005296686708,0.008767105200342658,0.008209272926397976,0.009009856796154668,0.009442289092547967,0.008241001245622015,0.007909965237839288
14,22.0,0.009181580757164933,0.00939568292781138,0.007814407607256345,0.007837806101332207,0.008925535481389921,0.009626668661800415,0.008123457964226912,0.007637748553132269,0.00944343864999232,0.009838882503498068,0.008009421662307973,0.008225580306995212,0.008682523938602867,0.009573413307327373,0.008267861679186054,0.007533590049331541,0.010064226498715991,0.010699888074463128,0.008408700366426885,0.00856603083904243,0.009093994290907672,0.01060819598923439,0.008969699182826175,0.007697310974060359,0.008976578312443745,0.009518016631154352,0.007974369378733344,0.00748496230457879,0.008656024503045713,0.009017241110254237,0.0076868437921592744,0.007237734708151315,0.009026174568686277,0.0097617409767614,0.008444851311858211,0.0077695781559686105,0.008486987041594738,0.009094839979077327,0.007987421611157714,0.007512781521758895
15,23.0,0.008760126117202118,0.00887622816186428,0.007478441746163484,0.007518029816865967,0.008513562779998164,0.009115104702573403,0.007780407684765394,0.007307651271801977,0.009184166723766029,0.009269049327893793,0.007700357131718467,0.008063003684605836,0.008330077478214267,0.009061474547468317,0.007820255586421354,0.0071902932028411,0.00982262982236103,0.009905125477419337,0.008013508729564514,0.008352961051810536,0.008658071726850436,0.009898437774846862,0.008481067970951701,0.007401695209474606,0.00848942582421617,0.009032979118970785,0.007574268726391735,0.007069074656668922,0.008083221931541568,0.0086306302147552,0.0074232799702765775,0.006852517477547372,0.008497056471254658,0.00929816887326012,0.008130275878745184,0.007430027543740296,0.008030443033252063,0.008750195490546358,0.007800322698299831,0.007226400554759034
16,24.0,0.008405696337650223,0.00846498477009253,0.007185187368443783,0.007230322919181105,0.008193595517585459,0.008651665984048004,0.00743184522282164,0.007050617198963338,0.008893436920726725,0.008792094408682151,0.007439773288896381,0.0077990302746708045,0.008053927657407764,0.008604164417406579,0.007364970861726903,0.006879563242631904,0.009464244870267646,0.009200521903058803,0.007826761174064702,0.008060553795484447,0.008204396430096775,0.009264839006167702,0.008086336662398736,0.00712191032832641,0.008069832613953432,0.008555754264326863,0.007203165198921172,0.006729242434224871,0.007608425377898212,0.008244965277597653,0.00716155202477119,0.006546502597944587,0.008014078492043922,0.008666755995275692,0.007711828914445866,0.007158530959565328,0.00762345553457803,0.008378508741410889,0.007578729425534657,0.006982383740766687
17,25.0,0.008124455681020772,0.008100501250103424,0.0069258982510216486,0.007091243462639929,0.007893384920800599,0.008195285646938407,0.00708100759142832,0.006866075629604926,0.00876625704686276,0.008483878017300498,0.007286569414040237,0.0077851531005128805,0.007749489341184987,0.008198571097067031,0.007002158279775319,0.006631103834191206,0.009407058441702412,0.008657414240389261,0.007608181731641913,0.007974821848363381,0.007860187458632227,0.008571912013852314,0.0076512571397808335,0.0068885969009363675,0.0077351849800302965,0.008113406951465507,0.0068669711305278155,0.006523663553981919,0.007236763043185046,0.00785282877888326,0.006922629485794437,0.00635708723678739,0.007572567792810953,0.00800836552651675,0.007283739228660723,0.006917534012114002,0.007260053983307749,0.008055027813417362,0.007424646358788349,0.0067741840983432024
18,26.0,0.007873743431487331,0.007797669184515447,0.0067290137803978495,0.006955071905806576,0.007637691090932805,0.007815317432483145,0.006801644544015191,0.006711710688895616,0.008612379379538957,0.00830921096938306,0.00724650598906053,0.0076884802549928005,0.0074681660374777085,0.00781461967067211,0.006704283170644253,0.006427277658864951,0.009298073670307055,0.008363683076606496,0.007684342468063969,0.007875102937867225,0.0075045962613827155,0.007967719496006333,0.007340199036896464,0.006689963069495451,0.007439477612954973,0.0076784079476505205,0.006564541861172863,0.00637846021677421,0.006967971837432353,0.007465167880943371,0.006690907706717968,0.006247899722797292,0.007175752580867224,0.007403379576714065,0.00689867938282914,0.006714843375486628,0.00689571314162741,0.0076324412660155145,0.007199981793913839,0.006588868156371767
19,27.0,0.007736098508601281,0.007552792115888268,0.006611301921753774,0.0069253494700204305,0.007439825764949566,0.0074766230687817545,0.006576716964083868,0.00660336190665846,0.008731544633507024,0.008379376868494314,0.007371392731581923,0.007874821259728639,0.007243439418001182,0.007468318820939824,0.0065018949962591275,0.0063282722982585145,0.00957135278414303,0.008454973858607941,0.007803237811891911,0.00807224483345741,0.007330987121882955,0.007440089018814403,0.007010503100325541,0.006583845212335546,0.007252217184468559,0.0073393538333074385,0.00633628866784079,0.006320974446743218,0.00680705894178971,0.0071529695398308115,0.0065034097138653825,0.00620690094698242,0.006872472303024785,0.0069212778461699995,0.00656747907356132,0.006528544793883876,0.006607363241672746,0.0072609421293844565,0.006990663989951461,0.006424818749401226
20,28.0,0.0077234579413788754,0.0073410457217141,0.006489364612520278,0.0068574612974463735,0.007328320610308542,0.007222369189056674,0.006406215391742883,0.00645688552477278,0.009034284367782433,0.008645965315230635,0.007563413414570783,0.008026396908077054,0.007098963548129925,0.00720084771282706,0.006347234009069915,0.006213826169475342,0.00993476050508882,0.008928416454237097,0.008105297501005039,0.008234354686287776,0.007154585894490568,0.00709425340653613,0.006760648161739257,0.006468060460247726,0.007118578922253818,0.007046443234968067,0.0061439469597836015,0.006232164245147048,0.0066735141623020305,0.0068725208733580725,0.006300624542147132,0.006116502381807513,0.006636883815138867,0.006547242396106141,0.0062871968991153136,0.006347603572129742,0.006334111007912974,0.006876817445087692,0.006699308374603755,0.0062249168615207155
21,29.0,0.007879322914366596,0.007264391808717779,0.00631577127445804,0.006726254867103845,0.007346590645456154,0.007042005070672686,0.006155345622978012,0.006254454171807347,0.00970617919252762,0.009249469215480371,0.007720451279377235,0.008213089986970732,0.007079237591399799,0.0070286593791634745,0.006134352569309834,0.006059641349111961,0.010760783887499238,0.0099486807901334,0.00823457553536143,0.008450636800193177,0.007177117871364533,0.006953207092578032,0.006456803922007181,0.00635403582686263,0.007117081542834928,0.006891418925835617,0.0059089757838172025,0.006079846988565413,0.006624466225942372,0.006714188307487258,0.0060568758292752,0.005960488673562139,0.0064944275107602124,0.006316274423971678,0.006004350462967468,0.006121629789632023,0.006173469525065774,0.006682178864799757,0.006432874638070941,0.00599612255036467
22,30.0,0.008104531070544981,0.007259118759406105,0.006030408099698357,0.006468618156095182,0.007384752943736953,0.006933913337020975,0.0058375574519330346,0.005940872911046925,0.010491563721982986,0.009938110744535818,0.007710025238798468,0.008193106832666709,0.0070899901643643355,0.006932578410101791,0.005844423825341972,0.005783513874057526,0.011553627336396099,0.011079787751792938,0.00820458336108675,0.008428868204415085,0.007148571072438284,0.006931733685769138,0.006168902152081091,0.00611794560092024,0.007110999558973672,0.006823622744977996,0.005634708718876366,0.005814134867019159,0.006560572953990076,0.00659137239866244,0.0057527945353312805,0.0057041530652125125,0.006353134144416675,0.006148765697500266,0.005715218797512823,0.005843712997688858,0.006025041486201308,0.006524817592897112,0.006116931546520822,0.005718937671758519
23,31.0,0.008256277006543277,0.007340392831740416,0.005728205701743452,0.00615111743245837,0.007383281403009715,0.006844937565452341,0.005486953290889193,0.005614746131650271,0.011166616595705978,0.010610146479604694,0.007551257656500923,0.008012574900421114,0.007080182932697303,0.006846875326117216,0.005511127494931703,0.005485910990982577,0.012304761435840928,0.012203844579528843,0.007891997367996291,0.008266371318430166,0.007232930191295926,0.006969957171274353,0.0058475568702874665,0.005876916436669623,0.007098744296470803,0.0068369107345545126,0.005333477441018518,0.005496351630603706,0.00652137901178877,0.0065364985462019725,0.005440249861191575,0.005420443119111245,0.006241633300634388,0.0060320704026106415,0.005420930162791181,0.005553609453665086,0.0059443111664622275,0.006469818674843596,0.005858731572915541,0.00546291806489669
24,32.0,0.008173752749271027,0.007316290083778966,0.005437894064180258,0.005825709704991491,0.007189952027972658,0.0066972069216489774,0.005186435640725797,0.0052831997165135956,0.011464484033769413,0.01080296612651387,0.007270416137639269,0.007746959481341741,0.0069284214801161636,0.0066995689600544165,0.005210222059978,0.0051938499327267235,0.012506053574128359,0.012562928050789604,0.007473237248999783,0.00800971037009135,0.007153734450660617,0.006848232935526273,0.005546147422824816,0.005642218597874894,0.006929747765811629,0.006774358862154282,0.005081217969971463,0.005189828266218224,0.006378718088541883,0.006418296935738167,0.005178480034967914,0.005147094542300867,0.006050797973740375,0.005877025369454552,0.005182094377881493,0.005288571789308795,0.005787091248358991,0.006301926947783873,0.005608752883025195,0.0052265582492850345
25,33.0,0.007841926527042372,0.007222684245718931,0.005260616520846554,0.005540612743186883,0.006854169717152709,0.0064820482242538445,0.004976403395358808,0.005017290955370929,0.01126508151606395,0.010670717940311283,0.007028817722909329,0.007406899840669537,0.006648094333410669,0.0064613364902634425,0.00497669937594074,0.004957244496444223,0.012342693969915755,0.012529336167239075,0.007021285332230412,0.007691839242895596,0.007047208784106374,0.006661331121359467,0.005271942878093278,0.0054756733909422295,0.006678296953439407,0.006636387913100982,0.004884358267714493,0.00493710738932495,0.006189903836899928,0.006274884851515028,0.004990332977964018,0.0049198014735973745,0.005858887208995839,0.005690831219487258,0.004976707591865873,0.00508157982657778,0.005637271567441983,0.0061037266767989375,0.005415418673330243,0.005054302074010416
26,34.0,0.007255773550312459,0.006872195903978387,0.005094486083494769,0.005311916642153536,0.006340998333957699,0.00613656407126622,0.004822432103440414,0.0048000739819733336,0.010591606555545287,0.009894483330794722,0.006710830787467911,0.00713119913846112,0.006216060038669177,0.006102952237604077,0.004796960065971241,0.004767430453314542,0.01159217600756711,0.011572916706875942,0.0065577956294845,0.007421318010983242,0.006724620710598607,0.0062716252641841575,0.005050874151291818,0.005371726729852062,0.006262428604571622,0.006325052560543202,0.004751787744924352,0.00473787378243833,0.005872949704335812,0.0059864781959702365,0.004858321924617266,0.004748871580982379,0.005581143035607303,0.005432971408224266,0.004846421362368471,0.004933871160921205,0.005379414165191533,0.005757540684076338,0.005231233671321788,0.004915856954108711
27,35.0,0.006611812826416838,0.006505181394669159,0.0050277689705203864,0.005148001282637608,0.005829541934509697,0.00579385006155465,0.004740080934054775,0.004658286799822299,0.00961322912441711,0.009038706953180329,0.006489621182213772,0.006825300961489319,0.005760444804729594,0.005724300980701123,0.0046739150789555355,0.004624976312665343,0.010663931845540823,0.010544889006121952,0.00617683062063712,0.007109114825594407,0.006392117941389006,0.0059038306381967425,0.00488287542834506,0.005291494956550239,0.005861928939793098,0.0059937998309854724,0.00466011092463813,0.004597343402172929,0.00555435728423677,0.005693801956531215,0.00477315371361191,0.004622786657485905,0.005334380567137142,0.005154140678828447,0.004714929113062515,0.0048412001580445925,0.005169974341042676,0.00542614363356831,0.005085509501643956,0.004836840378095231
28,36.0,0.005918614914635778,0.005970618696545183,0.00492701367803465,0.005030485746264577,0.005286085492841702,0.00539070829917067,0.004674599330894676,0.00455779396160844,0.008488913830141392,0.007874101585229339,0.006168705514342155,0.006607965701987754,0.005262756453494284,0.005303824033563033,0.004573818694105199,0.004508332250108546,0.009485352945841472,0.009040467575903462,0.005771179034027149,0.0068721218121978,0.005946356670484936,0.005439590321000806,0.004754270612001271,0.005242875755796271,0.0053927911670659245,0.005573288602093451,0.004588011681808738,0.004479169945843713,0.0051837493048633556,0.005301544699820797,0.004679157471773023,0.0045374509382346976,0.0050428049835417035,0.004839050524875231,0.00462711683582399,0.004795584601654442,0.0048974154317732825,0.005036331645483468,0.004946519031408774,0.004770313837824891
29,37.0,0.005356793399505333,0.0055626554785434355,0.004896067502709408,0.004943701645999915,0.004859007910196069,0.005077657344055242,0.004646193258929307,0.004493754684952106,0.007413477328700288,0.006977286151879438,0.005934912280140517,0.006320126581271574,0.004851119648793313,0.004965512673554385,0.004507270614941037,0.00441352199223745,0.008401335954584126,0.00788204933109972,0.005453059691979206,0.0065551440212629365,0.005572316955392167,0.005085108216408081,0.004648677807921571,0.00515777906436728,0.005022806338552781,0.005237660735930628,0.004527239906465824,0.004388952170375658,0.004875721832816186,0.004984375451201242,0.0045954771981666235,0.0044577702680289035,0.004812864688177731,0.004562106888377151,0.0045139643471583165,0.004764629036131422,0.004713800586613036,0.00473833479327397,0.00483780975680663,0.004736231757004491
30,38.0,0.00484408976694502,0.005096354695613841,0.004814224239536736,0.004847464363680639,0.004467778926038934,0.004748806646121923,0.0046125522811247864,0.004425610869730675,0.006475180541327843,0.0060688878387208725,0.005617127330594402,0.006084812398793693,0.004465487468027876,0.004641821168270048,0.004446551384291787,0.004314467751262188,0.0073752501440884416,0.006682514888958344,0.005117634987092224,0.0062991246330740035,0.005161034631975683,0.004698545365812422,0.004543689921920173,0.005063717436170575,0.004633598054463232,0.0048656120719673835,0.004446119710591894,0.004280204550976335,0.004563485217800136,0.004622058132998969,0.004471320813641802,0.00438274440699034,0.0045729920529091455,0.004290721926494145,0.004433667508336332,0.004753745301621942,0.00449629892303057,0.004439275782561271,0.004728024025166246,0.004692636167331834
31,39.0,0.004479190925546212,0.004787976196629159,0.004760849042796215,0.004737380340962355,0.004195650354554621,0.004515236004638758,0.004577156787952325,0.004349916052906027,0.005707868460507775,0.005489814882840389,0.005365699750417458,0.00574541423041529,0.0041869028746514755,0.004416584710774203,0.004390904547557756,0.0042127192875011914,0.006538311007713991,0.005924761309629052,0.004850976356324039,0.005932082252428872,0.004837916812693639,0.00442716896494745,0.0044245973122873485,0.004905442290576695,0.004357413784859972,0.004605712698845187,0.0043583204367699715,0.004171696359452255,0.004328716765356975,0.00436764621305814,0.004353113572624164,0.004285573343789088,0.004394891119769264,0.00408544116522371,0.004326392971803312,0.004707658636770383,0.004354459963382237,0.004236950009241737,0.0046261668777465475,0.004641682325548304
32,40.0,0.0041427413531488965,0.004445717718060511,0.004654136256040656,0.004595803085313483,0.00394468017261837,0.0042633894567940004,0.004518091324340866,0.004251892515274311,0.0051084525965046385,0.00493988189707173,0.005079622903410264,0.005464482035478658,0.003936413714148087,0.004196699866759447,0.004325658015101514,0.004103391022245111,0.005855298684436543,0.005230794929982549,0.004612913849689057,0.0056459615279794316,0.0045047902106224984,0.004142467552532627,0.004300031576409937,0.004743018132145658,0.004070572165689229,0.0043197247317414405,0.004241495256778224,0.004036185894577207,0.004103738683868683,0.004092765233669536,0.00420629764919722,0.004191794814689219,0.0042202517598690995,0.003892437364523197,0.004248585212647995,0.004665505307063634,0.004173678515093885,0.004039601948712542,0.0045210398839034315,0.0045623261569101995
33,41.0,0.003913467159515974,0.0042262125135144515,0.004546361580778914,0.004443295500174796,0.0037795807806038357,0.004084186989309398,0.004430375739013442,0.004150351881922664,0.0046371973322933725,0.004606641487500853,0.004834602754189363,0.00510930838930905,0.0037704751133291726,0.004045840169534109,0.004245694137640081,0.003998972565313511,0.005314812152538705,0.004832364830110397,0.0044012515561740115,0.005268072948066064,0.004250726291434245,0.003945534698231623,0.004149086238406539,0.004535052446843222,0.0038817083913752393,0.0041313564331284846,0.004117295499301557,0.0039047947011522912,0.003948536127994292,0.003923895590621673,0.0040780392761946525,0.004082573155950784,0.004085357644995259,0.003754353202470681,0.004144141826007473,0.004567894841935524,0.004040554769877844,0.0039110515747035075,0.0044119173571190995,0.004454444404569651
34,42.0,0.003715308591986638,0.004006889886213333,0.004436783348906693,0.004312702491584391,0.0036347295714163493,0.0039091851610785,0.004351060382754291,0.004067658401262052,0.004308787681486384,0.0043053976811152075,0.004635625060539225,0.004883894739804047,0.003642243707961851,0.003901596724890171,0.004179757227527683,0.003933809731421795,0.004939979623396723,0.0044815258446392735,0.004280740387026972,0.005050876493208416,0.004033555962403059,0.003784822671719905,0.004059956424976502,0.0043906480047012815,0.0037071053924374793,0.003938285171603015,0.004007422919795053,0.003799084887074855,0.0038286809628810636,0.003758781453320794,0.003967750615392766,0.004026874638516126,0.0039845364742075885,0.00365256094293034,0.004099178540626079,0.0045170211376598605,0.0038947160918046285,0.0038072607466766942,0.0043408766448024315,0.0043549538701475226
35,43.0,0.0036083081292425665,0.0038945504089853648,0.004338854147642481,0.0042066348694243215,0.0035647214207201045,0.003803506138358159,0.004258227253318576,0.00401237604505417,0.004082677122237918,0.0041513300967353775,0.004473550170892264,0.0046465646081209335,0.0035860999219663437,0.0038174948875279446,0.0041119019539422085,0.0038955697305377264,0.004668055779196727,0.004304940748852761,0.004152448856526435,0.00479288826643983,0.0039006182244125617,0.0036993830162115778,0.003963152732546779,0.004242239356686794,0.0036221629689175403,0.003831424421997151,0.0039043238615420863,0.003717571964262858,0.0037732110114777873,0.0036904904617724213,0.00389076395829778,0.0039735068772004355,0.0039179852013659314,0.003602485670884105,0.0040425264183966145,0.004433010732579027,0.003800474937864622,0.003761657144059311,0.0042779618461322244,0.00424780303841644
36,44.0,0.0036488330983317605,0.003920701820817787,0.004403703726978486,0.004283505969990962,0.0036223363658374804,0.003835973318159043,0.004326414323860501,0.004112932237943981,0.004085588436833536,0.004158302854369568,0.004527250601345031,0.004697851446422559,0.0036813413617695708,0.003855666514760003,0.00419226441713566,0.004039202560722618,0.004662590127387327,0.004284946462969749,0.004273642999312257,0.0048562795200539684,0.00394976157251665,0.00380216793424794,0.004101519537456284,0.004323503900839333,0.0036721913733549845,0.0038440580451086686,0.003962859248533559,0.0038084459324418626,0.003875431463669477,0.0037392368769602518,0.003970554648433421,0.004120498474402502,0.004022702787559415,0.0037233940755528553,0.004194519919599873,0.004553331674020626,0.0038370883304196164,0.0038692324418726554,0.004405279317539796,0.004303057057679983
37,45.0,0.0038127846583218173,0.004089979835757012,0.004545204220441773,0.0044476827603529,0.00379380850861311,0.003982103493627095,0.0044496230332999945,0.004299440423774826,0.004217328884872284,0.004330334553298616,0.004665661684947574,0.004808800979305752,0.0038802366399683244,0.0040030703766686816,0.004332311158639569,0.00425607750048584,0.004774400268344209,0.004431559640182745,0.004412298502408725,0.004940056773089693,0.004126656752115924,0.004005963123894905,0.0042750730822841265,0.004463296580210119,0.0038386366528265644,0.003978500822195962,0.004074018120290386,0.003961154551303683,0.004077370576732788,0.003917009397057836,0.004128236962136446,0.004313284413670184,0.0042080315344774025,0.003941132539345019,0.004392973529843466,0.004704709606230455,0.0039773800572652585,0.00407537118899582,0.0045937499187770426,0.004414710556182399
38,46.0,0.005219575268435558,0.005517477465173676,0.005997463392300956,0.005961954519895578,0.005136127356151701,0.005357320209979216,0.0058385486276599724,0.005736134931229869,0.00566956501588526,0.00579167142440967,0.0061679882149989675,0.006378567171700487,0.005324101645309749,0.005344013993304436,0.0056980552846838135,0.005799137958938378,0.006296880083263713,0.005874099329206678,0.005963316409034878,0.006522434556156366,0.005660952078291958,0.005570998488198908,0.005870878104369292,0.006028650384595391,0.005194452512692016,0.00529224965803504,0.005410215168593208,0.00535659755183027,0.005557577418852204,0.005294926704358023,0.005550110525667404,0.005857271063561521,0.00574865331070985,0.005523754912685798,0.00603787824175496,0.0062628507677100625,0.00536476236427537,0.005571239230703351,0.006158094367663033,0.0058117611627607835
39,47.0,0.006348459376286621,0.006679599316689247,0.0072216449873342475,0.007254466623115925,0.006223444246230184,0.006460952767005036,0.006990994988807566,0.006969106370605247,0.006843616139664564,0.007013865406689157,0.007447485962728174,0.007693858141635445,0.006485233043435303,0.0064184813325784944,0.006819766196149306,0.007102878963662245,0.00753011703055594,0.007070630519248737,0.007169471680503167,0.007785743857858375,0.0069451685708293645,0.006837560994889243,0.007132335133561241,0.007312490043815704,0.006297679126398503,0.006363810194315787,0.006487653471818153,0.006495852057461878,0.006774995901403875,0.00642474415926086,0.006709375000169939,0.007116769643044917,0.006968949309854733,0.0068053376062317894,0.007376037542028521,0.007502139978357427,0.0064930415708136,0.006810975952438569,0.007476763116072402,0.006951475111268593
