F7,F8,Fp1,Fp2,O1,O2,P7,P8,T7,T8,Cpz
-6.856714207970072e-05,4.4438917029765435e-05,-4.0264521885546856e-05,2.015222298723529e-05,7.31409545551287e-06,1.1891073881997727e-05,4.331194759288337e-06,1.6525088540220167e-05,-2.254040191473905e-05,1.7914056684276147e-05,8.805417792245862e-06
-5.0557946451590396e-05,0.00017122854478657246,-2.567412593634799e-05,3.2071191526483744e-05,-4.5397609028441366e-05,-2.2944944248592947e-05,-5.3128483614273136e-05,2.076406599371694e-05,-5.332192995410878e-05,9.770363249117509e-05,-7.074239147186745e-05
-5.747632167185657e-05,9.274821786675602e-05,-8.759941920288838e-06,2.923132797150174e-05,-3.574568472686224e-05,5.918867827858776e-06,-6.336061778711155e-05,5.6933156884042546e-05,-9.358361785416491e-05,0.00012945056005264632,-5.53559457330266e-05
-0.00012050500049554103,9.164897710434161e-05,-7.325751448661322e-05,1.8282271433633923e-05,9.603427088222816e-06,2.682260310393758e-05,-5.626658776236582e-06,3.7077816159580834e-05,-4.7739988076500595e-05,6.75909141136799e-05,-3.8968446460785344e-06
-3.590797780361754e-05,4.750230345962336e-05,-2.9494185582734644e-07,3.145638447676902e-05,-8.288815479318146e-06,-6.686450433335267e-06,-9.977015054118965e-06,-2.0165280147921294e-06,-2.1307775796231e-05,1.343779695162084e-05,-7.916980962363596e-06
-3.787899549934082e-05,3.870738873956725e-05,-3.303556331957225e-05,3.142798391309043e-06,5.85311177303538e-06,7.296644696452859e-06,2.105120756823453e-06,1.2280082501092693e-05,-1.2806839833956474e-05,1.227602842845954e-05,2.0602169570338447e-06
-8.019431879802141e-05,0.00011754739171010442,-1.9792942111962475e-05,6.304906037257751e-05,-3.142930108879227e-05,4.55613735539373e-06,-6.156265226309188e-05,4.642027670342941e-05,-9.886259431368671e-05,0.00011288295354461297,-5.26140129295527e-05
-7.850022848288063e-05,5.4102174090076005e-05,-3.632924745033961e-05,2.2426109353546053e-05,3.653362909972202e-06,6.565512649103766e-06,4.686935426434502e-07,1.8614857026477694e-05,-2.3014939870336093e-05,3.604405264923116e-05,-4.030351192341186e-06
-3.791797826124821e-05,4.4875630919705145e-05,-2.886770516852266e-05,4.972600436303765e-06,-4.129174158151727e-06,5.563925981277862e-06,-1.131696808442939e-05,1.5468800938833738e-05,-1.9124192476738244e-05,4.218404683342669e-05,-1.1708992133208085e-05
-3.8555180026378366e-05,0.0005117190594319254,-2.2955460735829547e-05,-7.866897612984758e-05,-5.404706462286413e-05,-6.382135325111449e-05,-0.00015078002343216212,-3.706145434989594e-05,-4.624049142876174e-05,4.0821156289894134e-05,-6.041019514668733e-05
-2.8859404892500606e-05,5.778643026133068e-05,-1.063798390532611e-05,1.881245339063753e-05,-2.0194039279886056e-05,4.4776115828426555e-06,-3.045754874619888e-05,2.7221845812164247e-05,-5.477968352352036e-05,6.208404101926135e-05,-2.545372444728855e-05
-4.1826642700470984e-05,2.6494923076825216e-05,-3.099185641985969e-05,2.056638550129719e-06,6.808664693380706e-06,1.3644296814163681e-05,2.1780579118058085e-06,1.6600285107415402e-05,-1.4479072888207156e-05,1.910020273498958e-05,4.145031198277138e-07
-4.5335941649682354e-05,3.414384445932228e-05,-2.841849436663324e-05,1.0938179912045598e-05,1.7136262613348663e-06,7.163866939663421e-06,-1.4860634109936655e-06,1.3084958027320681e-05,-1.1303818837404833e-05,2.1731716060457984e-05,-2.2318727133097127e-06
-3.043431388505269e-05,2.7100020361103816e-05,-1.2685527053690748e-05,1.738410423968162e-05,-4.4178159441798925e-07,5.3126641432754695e-06,-8.558868671570963e-06,1.5149122646107571e-05,-2.0989194126741495e-05,1.9825527033390244e-05,-1.1661750249913894e-05
-3.70036473213986e-05,3.242661477997899e-05,5.41771441930905e-06,8.763679943513125e-06,3.2582956919213757e-06,5.310197593644261e-06,-5.416915882960893e-06,1.3926510291639715e-06,-1.6022422641981393e-05,-2.074666554108262e-07,2.0812658476643264e-06
-4.838610533397514e-05,4.591755509864015e-05,-1.157533552031964e-05,3.1963849323801696e-05,-2.206841600127518e-06,-1.657307439018041e-05,-4.708432243205607e-06,1.2722702194878366e-05,-3.235575059079565e-05,2.643467450980097e-05,-1.2332347978372127e-06
-0.00010482015750312712,7.280719478330866e-05,-6.174186273710802e-05,5.8235869801137596e-05,1.825093409024703e-05,5.4478523452416994e-05,-1.2725045962724835e-05,2.6643428100214805e-05,-5.205609613767592e-05,2.6753295969683677e-06,-1.7481143004260957e-06
-0.0001849902491812827,0.00019735132809728384,4.557240754365921e-05,-1.2753444025292993e-06,-1.8905746401287615e-05,-2.6954414352076128e-05,-0.00016416065773228183,6.195739842951298e-05,-1.4386583643499762e-05,5.068835162092e-05,5.5103505474107806e-05
9.052636414708104e-06,0.00026791005802806467,-2.4446126190014184e-05,-1.967218122445047e-05,-1.817250085878186e-05,-2.7679088816512376e-05,7.041729986667633e-06,-4.995919698558282e-05,-7.657799869775772e-07,-0.00012321542635618243,-2.00941312868963e-05
-2.1891019514441723e-05,3.271474088251125e-05,-2.503464997971605e-05,-3.691548272399814e-06,-6.37441053186194e-06,-8.398546924581751e-06,-5.50768800167134e-06,7.189848474808969e-06,-2.0217769815644715e-05,5.789782517240383e-05,-6.686780579912011e-06
-1.4741786173999571e-05,2.9284999982337467e-05,-7.418125107960805e-06,2.1682162696379237e-06,-1.56870337377768e-05,-6.618869520025328e-06,-1.9636673641798552e-05,1.1202177120139822e-05,-1.730245003273012e-05,5.157661871635355e-05,-1.2827073987864424e-05
-3.5144910725648515e-05,4.937434732710244e-05,-1.2581251212395728e-05,5.485830570250982e-06,-2.083162189592258e-05,-7.725492878307705e-06,-1.831818610753544e-05,1.891814190457808e-05,-3.8778845919296145e-05,5.497565160794693e-05,4.626340341928881e-06
-3.0152049021126004e-05,2.976597625092836e-05,-5.0299111080676084e-06,1.2617477295862045e-05,-1.1230522034111345e-05,8.823206599117839e-06,-1.5299390270229196e-05,1.2342036370682763e-05,-1.604552653589053e-05,1.704023998172488e-05,-2.8315384952293243e-06
-2.087568736897083e-05,2.3229885300679598e-05,-1.0665431545930915e-05,1.0002465387515258e-05,-1.8296871417078364e-05,-1.0077094430016587e-06,-2.1501810351765016e-05,1.595749108673772e-05,-2.1392906091932673e-05,3.9675956941209733e-05,4.874615683547745e-06
-4.4070908188587055e-05,4.199960676487535e-05,-5.082627467345446e-06,-0.00017911044415086508,1.0360658052377403e-05,6.501846655737609e-06,-7.786009518895298e-06,3.89984852517955e-05,-3.6647936212830245e-05,0.00017426807607989758,5.692636477760971e-07
-5.0528911742731e-05,4.186397359262628e-05,-6.43532257527113e-06,1.1088326573371887e-05,2.5138197088381276e-06,-2.7005753509001806e-06,3.0968985811341554e-06,-1.4774050214327872e-06,2.2041941520001274e-05,-1.4065887626202311e-05,-5.3968615247868e-06
-4.4813907152274624e-05,6.608719377254602e-05,-2.4375335897275363e-05,1.1563462066987995e-05,-2.8468846721807495e-05,6.342837650663569e-06,-4.130942397750914e-05,4.204994002066087e-05,-5.848845285072457e-05,0.00010723139712354168,-3.581886448955629e-05
-4.157020066486439e-05,1.3169337762519717e-06,-6.859127825009637e-05,-5.5173815781017765e-05,2.986715298902709e-05,2.5110208298428915e-05,2.498527646821458e-05,2.3108095774659887e-05,1.5891992006800137e-06,3.157773471684777e-05,2.7780697564594448e-05
-3.3269351661147084e-05,4.109498695470393e-05,-1.0763500540633686e-05,1.925117658174713e-05,-2.1294747057254426e-05,8.877243544702651e-07,-2.9410887691483367e-05,1.8406405843052198e-05,-3.730128810275346e-05,7.024813567113597e-05,-1.7848656625574222e-05
-2.0299551579228137e-05,3.042758999072248e-05,-8.31480167562404e-06,1.497917355663958e-05,-2.2046379854145925e-05,-3.891802862199256e-07,-1.864221530922805e-05,2.0479109025473008e-05,-2.19966577788e-05,2.8181084417155944e-05,-2.3781717573001515e-06
-2.0650891656259773e-05,2.6921213702735258e-05,-7.302161748157232e-06,-5.886435587854066e-07,-9.132793593380484e-06,-4.798493137059268e-06,-8.190177595679415e-06,1.113141138375795e-05,-7.260434962574891e-06,2.8756558208442584e-05,-8.885587476470391e-06
-5.911281186854467e-05,8.712497219676152e-05,-2.3791868443368003e-05,1.4138259473384096e-05,-3.221576480427757e-05,-5.220028356234252e-06,-4.072025876666885e-05,4.0090643778967205e-05,-4.5292127651919145e-05,9.888194836094044e-05,-3.388296136108693e-05
-1.9408138996368507e-05,3.80354485969292e-05,-6.895847945997957e-07,1.3570431519838166e-05,-2.8897438824060373e-05,-7.466452871085494e-06,-2.4525742446712684e-05,1.312680558385182e-05,-1.1839876151498174e-05,3.45116927746858e-05,-6.417143822545768e-06
-2.7917346514527708e-05,6.220658178790472e-05,5.800004146294668e-06,2.651343811521656e-05,-3.979427765443688e-05,-1.4800007647863822e-05,-4.604924833984114e-05,2.0554969069053186e-05,-4.6475246563204564e-05,7.957517300383188e-05,-1.9614040866144933e-05
-1.1755626246667816e-05,6.25337052042596e-05,1.538915603305213e-05,3.335059227538295e-05,-2.4724584363866597e-05,-2.8810092771891505e-05,-2.660227391970693e-05,-1.4544631085300352e-05,-2.12106801882328e-05,3.984439899795689e-05,-2.3469958250643685e-05
-3.574800939531997e-05,4.4621674533118494e-05,-2.040831805061316e-05,-6.8056906457059085e-06,-5.495372533914633e-06,-4.4802247884945245e-06,-1.040638471749844e-05,1.8443022781866603e-05,-1.8916256294687628e-05,5.9888395298912656e-05,-2.069283709715819e-05
-1.556711686134804e-05,2.9968464332341682e-05,3.6643868952523917e-06,1.5930315385048743e-05,-1.6824662452563643e-05,-2.740775016718544e-06,-2.4358113023481565e-05,1.5767389413667843e-05,-2.773478627204895e-05,3.551249028532766e-05,-1.3617592685477575e-05
-2.9730690243923164e-05,5.362994488677941e-05,-1.1991467772531905e-05,3.0750088626518846e-06,-1.662150598669143e-05,-1.8478610854799626e-06,-1.7092084362957394e-05,2.320077328477055e-05,-3.703844140545698e-05,2.871108790714061e-05,5.705236389985657e-06
-0.000102236061138683,0.00012963473272975534,-0.00012335557767073624,-7.34789646230638e-05,-1.0758710232039448e-05,2.9402453947113827e-06,1.8858310795621946e-05,2.2571003484017638e-05,-2.0732586563099176e-06,0.00013854294593329541,-6.446807674365118e-07
-7.099984577507712e-05,0.00016437172598671168,2.3747707018628716e-05,2.565502654761076e-05,-1.622250783839263e-05,-4.9956311158894096e-06,-3.0418603273574263e-05,9.808522008825094e-06,-4.2837013097596355e-05,-4.9299687816528603e-05,-8.809691053102142e-06
-3.869478859996889e-05,2.972064302753097e-05,-1.2710995633824496e-05,8.45916656544432e-06,-1.2411260286171455e-06,1.2934996220792527e-06,-6.731213943567127e-06,2.100098026858177e-05,-2.365792840919312e-05,2.3420173420163337e-05,-8.584065653849393e-07
-9.372094291393296e-05,0.00010580028720141854,-8.22933616291266e-05,-6.743661955965763e-06,1.450005584047176e-06,2.3096933773558703e-05,-3.009897227457259e-06,2.8080641641281545e-05,-2.222104993876428e-05,5.4174151046026964e-05,-4.6131052044984244e-06
-3.936139410143369e-05,6.345646147565276e-05,-3.101383845205419e-05,3.20698363793781e-05,-1.5199378140096087e-05,-1.142335668191663e-05,-2.8275035219849087e-06,-4.105459083802998e-09,-1.4473891496891156e-05,3.16969408231671e-05,-1.2919768778374419e-05
-4.244187039148528e-05,4.4052030716557056e-06,-2.1026226022513583e-05,2.6981715564033948e-05,-8.353558769158553e-07,3.6443451563172857e-06,-4.780304152518511e-06,-1.835132934502326e-08,-7.912167347967625e-06,4.111230873604654e-05,8.70692019816488e-07
-0.0001457967155147344,8.031711331568658e-05,-9.834644151851535e-05,3.72884824173525e-05,9.662124284659512e-06,2.9273098983040313e-05,1.600099858478643e-05,3.867565010295948e-05,-4.41867123299744e-05,6.727466097800061e-05,9.837732250161935e-06
-5.045420220994856e-05,6.156528797873762e-05,-3.173241566400975e-06,5.8251694099453744e-05,-1.552490766698611e-05,-1.9538860442480654e-05,-1.8706663922785083e-05,1.0553775609878357e-05,-3.258426659158431e-05,1.845032602432184e-05,-8.838933581500896e-06
-4.957025339535903e-05,9.832931800701772e-05,-4.046333333462826e-05,1.6973265246633673e-05,-1.518192220828496e-07,-8.819292361295084e-06,-1.1796206308645196e-05,-3.135975748591591e-05,-1.730838448565919e-05,4.6487369218084496e-05,-2.3209086066344753e-06
-0.0001157374222202634,5.3802792535861954e-05,-0.00023535786021966487,-0.00012913427326566307,5.907915442548983e-05,8.037055386012071e-05,4.90010734210955e-05,8.946021443989594e-05,1.2760916433762759e-05,0.00010204980662820162,3.370505146449432e-05
-0.00012266648991499096,0.0001376250511384569,-2.185008634114638e-05,7.09095511410851e-05,-1.7380170902470127e-06,8.179260476026684e-06,-1.950216210389044e-05,1.6956229956122115e-05,-2.9608794648083858e-05,-3.5112976547679864e-05,-3.1915560612105764e-06
-7.28021768736653e-05,3.8963480619713664e-07,-0.00010964932516799308,-5.3509505960391834e-05,3.931988794647623e-05,4.976434865966439e-05,3.797613317146897e-05,5.340037932910491e-05,9.321633115177974e-06,2.2819307559984736e-05,2.2969684323470574e-05
-0.00010851970000658184,2.431468044505891e-05,-0.00031160727667156607,-0.00021629660659527872,0.00011048131636925973,9.150341793429106e-05,8.876853826222941e-05,8.142866317939479e-05,6.453375499404501e-05,0.00011253584352743928,6.285737424605031e-05
-3.776598532567732e-05,4.572078432829585e-05,-6.355775258271024e-05,-2.633939584484324e-05,9.385548764839768e-06,-5.0028611440211535e-06,1.2140697435825132e-05,1.7828242562245578e-05,2.1425039449241012e-06,5.060395415057428e-05,-5.155745384399779e-06
-7.95567684690468e-05,0.00013742288501816802,-5.9483476434252225e-05,-4.500736395129934e-06,1.5528352378169075e-05,9.943183613358997e-06,2.7719070203602314e-06,-8.408369467360899e-07,-2.9193414775363635e-05,2.04701786969963e-05,-1.2561266885313671e-05
-8.725991301616887e-05,0.00010071046619941626,-0.00013375779053603765,-4.860180774812761e-05,3.819516132352874e-05,2.4668319383636117e-05,2.920368660852546e-05,2.235564352304209e-06,-7.370876119239256e-06,7.337708666455e-05,8.600101864431053e-06
-0.00012296269051148556,0.00010042167377832811,-0.00016852081898832694,-8.592406447860412e-05,4.3163136979273986e-05,3.1558573709844495e-05,1.7300478248216677e-05,2.7803806005977094e-05,6.519465387100354e-06,0.00010882903734454885,4.1811395817603625e-05
-7.263524867084925e-05,4.1411865822738037e-05,-4.8140438138943864e-05,3.302044569863938e-05,1.0759963515738491e-05,1.625938546112593e-05,2.6790748961502686e-06,1.489169835622306e-05,-2.9875407335566706e-05,1.475446333643049e-05,1.6874197172001004e-05
-9.853972005657852e-05,0.00021351335453800857,-7.640542753506452e-05,4.978512151865289e-06,-1.1870495654875413e-05,-2.7307469281367958e-06,-2.2194217308424413e-06,2.2398100554710254e-05,-2.7423398933024146e-05,4.7624052967876196e-07,-2.2177011487656273e-05
-0.00010215917654932127,8.311176065944892e-05,-0.00011584362437133677,-6.096855940995738e-06,1.930025428009685e-05,2.796120952552883e-05,1.558936992296367e-05,2.0898676666547544e-05,-1.7270728676521685e-05,6.049860894563608e-05,1.4010511222295463e-05
-3.9105261748773046e-05,3.206007204425987e-05,-1.7450006907893112e-05,-1.1845148037537001e-05,-1.5163192756517674e-05,2.7123023755848408e-06,-2.1908805592829594e-05,3.405115239729639e-05,-4.03084050049074e-06,5.692264255685586e-05,-1.6242914853137336e-05
-3.268272848799825e-05,1.7996450878854375e-05,-9.378325103170937e-06,2.6022065640063374e-06,1.7542179193696938e-06,-1.8441796783008613e-06,-1.8006721802521497e-07,1.2676494861807441e-05,-1.3367898077376594e-05,1.3654797612616676e-05,8.769031410338357e-06
-4.099727266293485e-05,6.402139479178004e-05,-4.3406794475231436e-05,-2.0594069610524457e-05,6.72801434120629e-07,2.9064735826977994e-06,-3.0208755106286844e-06,-1.2421605788404122e-06,-1.0674357781681465e-05,5.371008228394203e-05,-1.375223575905693e-06
-3.646337063401006e-05,1.9093626292487897e-05,4.371424438431859e-06,5.302149929775624e-06,6.842734705969633e-06,-3.74258615920553e-06,4.873075113209779e-06,2.0702077563328203e-07,-9.71658505477535e-06,1.7687438457869575e-05,-8.454928320134059e-06
-7.811948307789862e-05,6.753148954885546e-05,0.00010741442201833706,0.00020564516307786107,-4.100473233847879e-05,-4.623770541911654e-05,-4.996325378670008e-05,-2.494326236046618e-05,-8.65126548887929e-05,-2.9468546927091666e-05,-2.4341449716303032e-05
-8.868190116118058e-05,9.812517600948922e-05,-1.3930666682426818e-05,7.047740109555889e-05,-1.9035147545309883e-05,1.0566420314717107e-05,-2.2338870621751994e-05,-5.283733116812073e-06,-2.9502322831831407e-05,-1.7484471754869446e-06,1.3520857464754954e-06
-7.694545729464153e-05,4.891184107691515e-05,-1.2913092064081866e-05,5.488043871082482e-05,1.0850780427063e-05,1.4218365322449245e-05,1.621704905119259e-05,1.0093286618939601e-05,-7.804313099768478e-05,2.2730237105861306e-06,1.0456898053234909e-05
-4.240586167725269e-05,9.361491902382113e-05,-5.0048187404172495e-05,-3.517509685480036e-05,-1.068675965143484e-05,-6.515078894153703e-06,-2.61855950611789e-06,9.989253157982603e-07,-2.7511016014614142e-05,9.685010809334926e-05,-1.650339618208818e-05
-7.52502919425524e-05,4.24039717472624e-05,-6.027711469869246e-05,-1.0521783678996144e-05,2.425584534648806e-05,1.4072881583615526e-05,2.2103003175288904e-05,-4.494104359764606e-07,7.337304168686387e-06,3.595894122554455e-05,3.666459633677732e-07
-1.6717053767933976e-05,3.772973741433816e-05,2.3994711682462366e-05,4.7920160795911215e-05,-1.98096008716675e-05,-9.38061623401154e-06,-2.671215042937547e-05,1.3169573435334314e-05,-5.256612166704144e-05,2.975181723741116e-05,-2.7380457140679937e-05
-7.690062557230704e-05,8.28988440844114e-05,-2.851679346349556e-05,7.302345636617247e-05,-1.4940662367735058e-05,-1.2474876598389528e-05,-1.4658093647312853e-05,1.2834818505780277e-06,-3.479082351987017e-05,3.2294850825564936e-05,-7.218757218652172e-06
-6.77727202855749e-05,7.550520922450232e-05,-6.126535299699754e-05,2.3416905605699867e-05,-6.5978147176792845e-06,1.4591023500543088e-06,-3.369621299498249e-05,9.35753996600397e-06,3.5229641071055084e-06,4.720516881207004e-05,8.865205018082634e-06
-5.6025353842414916e-05,0.00010815972927957773,1.699360882412293e-05,0.0001630802762520034,-4.027946124551818e-05,-1.4480592653853819e-05,-0.0001341729869182018,-2.327605034224689e-05,-2.4340579329873435e-05,1.833228816394694e-05,-1.3990883417136502e-05
-2.972474612761289e-05,0.00015719796647317708,-1.1657310096779838e-05,6.0782767832279205e-06,-1.631300983717665e-05,-1.9485260509100044e-05,-2.203146868851036e-05,-3.737863153219223e-06,-0.00012693923781625926,5.4142049521033186e-05,1.2470598448999226e-05
-7.421209011226892e-05,3.5561064578359947e-05,-3.4050317481160164e-05,3.600966010708362e-06,9.36380911298329e-06,1.6340352203769726e-05,1.2002099538221955e-05,8.359828044035567e-06,1.704716578387888e-05,6.7058062995783985e-06,-7.186854418250732e-07
-0.00013660028707818128,0.000207506978767924,0.00011395468391128816,0.00028843523614341393,-7.415332584059797e-05,-5.8275501942262053e-05,-6.10845563642215e-05,-2.6775423975777812e-05,-0.00016877225789357908,1.9380559024284594e-05,-0.000103616104752291
-4.6299686800921336e-05,9.642374425311573e-05,2.2674124920740724e-05,1.7856582417152822e-05,-2.7169438908458687e-05,-2.253675484098494e-05,-4.944167267240118e-05,-3.8290951124508865e-05,5.5980563047342e-06,4.005904702353291e-05,1.1269512469880283e-06
-0.00013550825315178372,0.00011877454380737618,0.00010738693799794419,0.00015679624084441457,-4.480333495848754e-05,-6.6162392613478005e-06,-6.86101766405045e-05,-3.873712557833642e-05,-0.00010505346926947823,3.770353396248538e-05,-2.1332655023797997e-05
-0.0001936613698489964,0.00012873321975348517,-1.8211881979368627e-05,1.9149068975821137e-05,1.4171826478559524e-05,1.538179458293598e-05,-2.911125193350017e-06,3.010607360920403e-05,-1.8420832930132747e-05,3.0452928967861226e-05,-4.789697413798422e-06
-2.730210758272733e-05,1.8938049834105186e-05,-1.4805537830397952e-05,4.6646575810882496e-06,5.383994903240819e-07,9.595660827699248e-06,-7.286615982593503e-06,1.3938291658632807e-05,-1.4615281997976126e-05,1.7781872884370387e-05,-1.4473897635980393e-06
-1.6636887266940903e-05,2.3844847419240978e-05,1.3174485502531752e-07,1.4365270089911064e-05,-2.3116258034860948e-05,5.8416494539415e-06,-2.6123686438950244e-05,2.2553294911631383e-05,-2.903617041738471e-05,2.98582317554974e-05,-1.6820366113279306e-06
-1.959724386324524e-05,1.9245860130467918e-05,-9.62488002187456e-06,6.758101790182991e-06,-1.7412683064321755e-05,2.7453593247628305e-06,-1.70373778018984e-05,2.277332987432601e-05,-1.839781680246233e-05,1.9010341020475607e-05,1.153700986833428e-05
-2.5231787034840636e-05,1.3774356602880289e-05,-7.067101478241966e-06,2.9431886900965765e-06,-2.3048083903631778e-06,1.1212865729248733e-05,-3.273657938507313e-06,9.371515488965088e-06,-1.4976347529227496e-05,1.130675201466147e-05,4.245024797455699e-06
-2.8600854875548976e-05,2.526000935176853e-05,-1.2542308923002565e-05,7.0498949753527995e-06,9.947902981366497e-07,8.579547738918336e-06,-2.6101561161340214e-06,8.45613431010861e-06,-1.5762866951263277e-05,1.3242462046036962e-05,-4.066653559675615e-06
-1.3779451819573296e-05,4.300625732867047e-05,8.964599146565888e-06,2.3731593500997405e-05,-2.0636606222979026e-05,-1.1954972251260187e-05,-1.9428727171089122e-05,-6.243622010515537e-07,-1.657751272432506e-05,2.727977880567778e-05,-1.998059588004253e-05
-2.121734360116534e-05,4.3138469010273184e-05,4.034764288007864e-06,3.481508110780851e-05,-2.2887738396093482e-05,-1.81046793841233e-05,-1.7393626535522344e-05,-1.7841541648522252e-06,-1.1923288639081875e-05,4.1459408294031164e-05,-3.0136891496113094e-05
-4.2533655687293503e-05,5.093626759844483e-05,-1.5989560324669583e-05,1.1929705578950234e-05,3.0099749892542604e-07,8.510130498962098e-06,-1.734649799800536e-05,1.9417147086642217e-05,-4.049596645927522e-05,4.293057645554654e-05,-1.7659145669313148e-05
-2.9190571694925893e-05,0.00010511527943890542,3.408829343243269e-05,8.252388306573266e-05,-5.9533944295253605e-05,-3.441650285651576e-05,-6.391993883880787e-05,5.830410373164341e-06,-7.133700273698196e-05,9.204631896864157e-05,-6.120622310845647e-05
-3.252578608226031e-05,4.451685890671797e-05,-5.427791961665207e-06,2.2012343833921477e-05,-2.268986645503901e-05,3.2137961625267053e-06,-3.124948034383124e-05,2.887803657358745e-05,-3.715149978233967e-05,3.9242291677510366e-05,-8.818903495466657e-06
-6.663844931154017e-05,4.713275393442018e-05,-5.549283741856925e-06,2.576917722763028e-05,1.8877638012781972e-06,3.22504315590777e-05,-3.2382817607867764e-05,4.278493634046754e-05,-8.450360655842815e-05,6.261075941438321e-05,-2.3361664716503583e-05
-3.229214780731127e-05,7.083403124852339e-05,-1.409911328664748e-05,1.6136569684022106e-05,-2.270285290251195e-05,-2.425976981612621e-05,-2.411608147667721e-05,1.7102415313274832e-05,-3.283396119968529e-05,6.70324698148761e-05,-2.080155991279753e-05
-3.979939174314495e-05,4.3724312490667216e-05,-1.5073928807396442e-06,2.7771092845796375e-05,-7.823109172022669e-06,1.0620184184517711e-05,-2.029673214565264e-05,1.7440617284592008e-05,-5.915973542869324e-05,1.902369513118174e-05,1.0006456250266638e-05
-4.0383365558227524e-05,6.841969957349647e-05,-1.4933926649973728e-05,2.396581203356618e-05,-2.7561501156014856e-05,-8.302686183014885e-06,-3.038148770428961e-05,1.599395000084769e-05,-2.1989420929457992e-05,6.544628104165895e-05,-3.0273362426669337e-05
-6.596229832211975e-05,8.976852404884994e-05,-1.311616233579116e-05,3.787609875871567e-05,-1.687426720309304e-05,1.2391360542096663e-06,-4.2837798901018687e-05,3.507204201014247e-05,-8.438175427727401e-05,9.592072819941677e-05,-3.670424393931171e-05
-5.886602320970269e-05,4.6842650590406265e-05,-2.9873265702917706e-05,2.833923645084724e-06,-6.930280733286054e-06,-6.7077053245157e-08,-1.0062340606964426e-05,2.7958278224105015e-05,-2.331760288143414e-05,6.642250991717447e-05,-1.4940769233362516e-05
-5.681606489815749e-05,9.28336573906563e-05,-1.0838597518159077e-05,3.748387098312378e-05,-2.4825171749398578e-05,-8.035409109652392e-06,-4.36298114436795e-05,2.4126705625349132e-05,-7.508596718253102e-05,9.652943481341936e-05,-3.174264384142589e-05
-3.162366283504525e-05,2.1686097397832782e-05,6.2492840697814245e-06,2.241880747533287e-05,-6.155906703497749e-06,6.744876259290322e-06,-1.0524679510126589e-05,1.1488058135000756e-05,-4.0931116018327884e-05,1.8298472241440322e-05,2.3497700567531865e-06
-4.146721448705648e-05,9.241792940883897e-05,-6.336420483421534e-06,4.3206350710534025e-05,-2.8053979804099072e-05,-1.2114074706914835e-05,-3.8017906263121404e-05,1.2776555195159744e-05,-4.212657040625345e-05,6.804637541790726e-05,-4.8331045036320575e-05
-8.00189995970868e-05,4.9004142283592955e-05,-2.0279739146644715e-05,2.7982521714875475e-05,5.803787644254044e-06,1.6305851659126347e-05,-1.2334161965554813e-05,1.3913512475483003e-05,-1.996077389776474e-05,2.5378087229910307e-05,-5.79422401614238e-06
-8.874316063156584e-05,7.417761844408233e-05,1.1391639418434352e-06,6.202860913617769e-05,-2.378079267373323e-05,-1.388565704019129e-05,-3.1842449971009046e-05,7.267382898135111e-06,-5.950068589299917e-05,9.812388998398092e-05,-2.498391268090927e-05
-7.614442984049674e-05,1.703112866380252e-05,-0.00021794076747028157,-0.00014306544289865997,7.80994687374914e-05,7.255498712765984e-05,6.546919530592277e-05,6.161221836009645e-05,2.6981230803357903e-05,5.8979140703740995e-05,5.6423269143124344e-05
-1.7075777577701956e-05,5.01614058521227e-05,-3.916294599548564e-05,-2.3089253772923257e-05,-9.120931196093807e-06,-1.8316368368687108e-06,-7.588632456645428e-06,1.851824822551862e-05,2.665377269295277e-05,2.1165127691347152e-05,-1.862937460828107e-05
-2.41628622461576e-05,2.676353597053094e-05,-1.1729176080166326e-05,1.039697099258774e-05,-2.621207249831059e-05,-4.363156222098041e-06,-2.0095665718145028e-05,1.5320981674449285e-05,-1.762163046592491e-05,4.2451763420103816e-05,9.251308938473812e-06
-0.00010822617696248926,1.3765111361863092e-07,1.0325768926122691e-05,4.612207703758031e-06,1.6967680949164787e-05,2.497859406958014e-05,1.2098775414415286e-05,2.671593222203228e-05,3.5558828130888287e-06,2.128654159605503e-06,6.70502731736633e-06
-5.199408042244613e-05,1.3250358108507498e-05,1.3614934687211644e-05,1.111270057663205e-05,1.1911348337889649e-05,5.954508196737152e-06,9.216811122314539e-06,-5.174586476641707e-06,1.0101139196194708e-06,-1.7300462999969568e-05,8.398357749683782e-06
-5.8072728279512376e-06,5.0393876335874666e-05,3.2368664619752963e-06,1.1338991043885471e-05,-1.8269740394316614e-05,-1.2695060831902083e-05,-1.374170028611843e-05,-3.7577653984044446e-06,2.4176265753794723e-06,-6.735654096701182e-07,-1.2442254501365824e-05
-3.224489137210185e-05,7.246480709000025e-05,-2.2939040036362712e-05,7.044872631922772e-06,-2.428360858175438e-05,-1.2767824955517426e-05,-3.7027773942099884e-05,2.3491272258979734e-05,-4.90073325636331e-05,0.00010856796689040493,-3.329844776089885e-05
-4.762458411278203e-05,7.715939864283428e-05,-1.6104359019664116e-05,1.4074218825044227e-05,-2.5399001174264413e-05,-2.007966031669639e-06,-4.992335925635416e-05,4.034083031001501e-05,-7.234020813484676e-05,0.00011248451482970268,-3.065948021685472e-05
-2.1763275981356855e-05,1.8181960740548675e-05,-1.132415195570502e-05,8.393830398745195e-06,-5.531853275897447e-06,5.633474074784317e-06,-8.222532642321312e-06,1.3978929473523749e-05,-1.9587878796301084e-05,1.0446841315570055e-05,9.794656762096565e-06
-1.819669978431193e-05,2.821432508426369e-05,-5.573996759267175e-06,4.279091172065819e-06,-2.748000042629428e-06,3.257856633354095e-06,-1.7650166682869894e-05,1.5058976714499295e-06,-2.4560937390560866e-05,4.9219149332202505e-05,-1.7746517187333666e-05
-1.3673405760528112e-05,3.614616798586212e-05,-1.90553782886127e-06,2.3543577299278695e-05,-3.0388213417609222e-05,-3.634797849372262e-06,-2.271489120175829e-05,1.514305313321529e-05,-2.5281630087192752e-05,2.071930248348508e-05,2.0463721739361063e-06
-1.3164776191842975e-05,3.0485149181913584e-05,1.8525579434935935e-06,2.4855550350366684e-05,-1.581024753249949e-05,-2.9698539947276004e-06,-1.8738428934739204e-05,5.38475252653825e-06,-2.3836509171815123e-05,2.2918551621842198e-05,-1.0976747716995305e-05
-2.1129982997081243e-05,9.760472948983079e-06,-1.4546575130225392e-05,-9.333812158729415e-07,3.3259236147387128e-06,1.6049986697908025e-05,-9.368495739181526e-06,2.5742367824932444e-05,-1.676589226917713e-05,2.494235411631962e-05,-1.7076778021873906e-05
-2.093997500196565e-05,2.8276039301999845e-05,-1.1369530511728954e-05,2.1040041247033514e-06,-2.1814216324855806e-05,7.35164871912275e-06,-2.0320322619227227e-05,2.4461773136863485e-05,-2.623457658046391e-05,3.023144199687522e-05,8.253715805039974e-06
-2.709022919589188e-05,7.994916086317971e-05,-1.3073351965431357e-05,1.79164890141692e-05,-3.219335303583648e-05,-2.0067290279257577e-05,-3.291789471404627e-05,1.4930969882698264e-05,-3.341849514981732e-05,7.376596113317646e-05,-2.7801964279206004e-05
-4.8740515126155515e-06,2.944124753412325e-05,-2.530366714381671e-06,8.718990102352109e-06,-9.442841474083252e-06,-4.822096343559679e-06,-1.1135115983051946e-05,-4.848500338994199e-06,-8.522228654328501e-06,2.4232461782958126e-05,-1.6217497432080563e-05
-4.386187356431037e-06,2.5290525627497118e-05,1.6884066383227037e-05,3.0203439564502332e-05,-1.2567464182211552e-05,-1.2002069524896797e-05,-1.776652652552002e-05,2.9640445973200258e-06,-3.121933332295157e-05,1.3125403768299293e-05,-1.0525900734137394e-05
-5.577538649959024e-05,4.314347188483225e-05,-1.2642681213037577e-06,2.679418275874923e-05,1.0065139576909132e-05,4.698141765402397e-05,-4.092356311957701e-05,3.4631642847671174e-05,-8.91039780981373e-05,4.859570435655769e-05,-2.314435970163231e-05
-4.1210618292097934e-05,8.82376407389529e-05,-9.629683518141974e-06,3.1328901059168857e-05,-3.336008830956416e-05,-1.1608173736021854e-05,-3.814913361566141e-05,1.538713127047231e-05,-4.346351488493383e-05,7.920368989289273e-05,-3.6736149922944605e-05
-6.670122274954338e-05,5.968344339635223e-05,-2.3595744551130338e-05,1.4943415862944676e-05,1.6705557811746985e-05,3.1792777008377016e-05,-4.1732754084478074e-05,4.253124961905996e-05,-9.475745719100814e-05,8.442875332548283e-05,-2.329801986888924e-05
-4.366603093330923e-06,4.947034267388517e-05,1.283159690501634e-06,1.720776413094427e-05,-2.0642336494347546e-05,-2.0379954889904184e-05,-1.8512385850044666e-05,-1.006054708341253e-05,-2.1604342691716738e-05,4.354563316155691e-05,-1.5940728076202504e-05
-2.2176247512106784e-05,5.203224554861663e-05,-7.78972884063478e-06,1.474428813708073e-05,-2.031641247413063e-05,-1.3293845768203028e-05,-2.0725649847008754e-05,2.5398630896233954e-06,-2.6236751409669523e-05,5.937976402492495e-05,-1.8157525289552723e-05
-5.24857659911504e-05,3.632703328548814e-05,-1.5124629044294124e-05,2.5864304916467518e-05,-6.512664185720496e-07,9.279924142902019e-06,-4.562970161714475e-06,7.792778887960594e-06,-3.269024296059797e-05,2.85921983049775e-05,-2.3413650751535897e-06
-3.7838820276192564e-05,4.338344842835795e-05,-1.775311102392152e-05,1.1882424587383866e-05,1.240210622199811e-06,6.189677151269279e-06,-1.6923677321756259e-06,6.794989531044848e-06,-2.3797055291652214e-05,2.1067077341285767e-05,-9.47647185967071e-06
-5.9076526667922735e-05,6.599218295377796e-05,-1.2714273907477036e-05,5.193083779886365e-05,-8.288234312203713e-06,-1.2952070392202586e-05,-7.388978701783344e-06,1.9602139218477532e-06,-1.0333245882065967e-05,1.8539285520091653e-06,-1.0983823813148774e-05
-0.00010291649778082501,8.6791156718391e-05,-6.527463392558275e-05,4.982040536560817e-05,-1.8955779523821548e-05,-8.869270459399559e-06,-2.6397972305858275e-05,-8.98828466233681e-06,-4.836943389818771e-05,0.00014452426694333553,-1.3639601093018427e-06
-8.698770579940174e-05,4.942941586705274e-05,-2.54217393376166e-05,-8.371767762582749e-06,1.5372748748632148e-05,3.0004912787262583e-05,1.9580398145535582e-05,3.163222788771236e-05,-0.00010824747732840478,6.631706855841912e-05,1.6691909650035086e-05
-6.5529388848517556e-06,3.487698950266349e-05,1.1203343092347495e-05,2.318998122063931e-05,-2.9408325644908473e-05,-1.9414329017308773e-05,-2.5509838451398537e-05,-4.986991370969918e-06,-1.2154992262480846e-05,4.058530794281978e-05,-1.1828205970232375e-05
-2.9470825211319607e-05,1.215423833400564e-05,-1.0635001672198996e-05,4.056642069372174e-06,-5.058526312495815e-06,1.3459493857226335e-05,-6.219509600668971e-06,3.326687328808475e-05,-3.336471581860678e-05,1.0660989119060105e-05,1.1150342743349029e-05
-6.850419595139101e-06,4.10550619562855e-05,-7.806191888448666e-07,1.3710913890463416e-05,-1.2350262295512948e-05,-8.454797807644354e-06,-1.708931563371152e-05,1.5461096154467668e-06,-1.718768317005015e-05,1.960122972377576e-05,-1.3200216926634312e-05
-4.7383116907440126e-05,6.726986794092227e-05,-2.1541540718317265e-05,1.2459821846277919e-05,-2.6614808575686766e-05,-9.89097316050902e-06,-3.576165227059391e-05,2.8017579552397365e-05,-4.29835963586811e-05,9.962870171875693e-05,-2.3200279429147486e-05
-5.34274095116416e-05,6.869997378089465e-05,1.8743840882962104e-05,7.846094922570046e-05,-1.3414375189313432e-05,-1.8022290532826446e-05,-1.8169419945479603e-05,-1.6476462405989878e-05,-3.0822569442534586e-05,3.1553117878502235e-06,-1.872754683063249e-05
-6.882954767206684e-05,7.598429874633439e-05,-2.491355007805396e-05,3.999193722847849e-05,-6.164762282878655e-07,-4.781397592523717e-06,-8.167658961610869e-06,3.856326486584294e-06,-2.151336047973018e-05,2.169664003304206e-05,-1.2707214409601875e-05
-4.484365490498021e-05,5.0634946092031896e-05,5.939889888395555e-06,3.5540747171936005e-05,-9.9965394042556e-06,6.214081622601952e-07,-1.9247106592956698e-05,-3.904469849658199e-06,-3.320212636026554e-05,2.031090571108507e-05,-1.8539903976488858e-06
-8.816275840217713e-05,0.00041955176857300103,-6.703109647787642e-05,-7.954257853270974e-05,-1.097342828870751e-05,-7.108915269782301e-07,-2.0873910216323566e-05,-1.1180156434420496e-05,-0.00010624917376844678,-1.6268901617877418e-05,-1.8558854321781837e-05
-0.0001956085761776194,0.0002599528233986348,-4.369976704765577e-05,1.782118488335982e-06,1.8092177924700081e-06,3.7419267755467445e-06,-1.6450419934699312e-05,8.69048380991444e-06,-0.00010593212232379301,7.825346210665884e-05,7.460843335138634e-06
-6.102751649450511e-05,0.0001404144786647521,1.3070384738966823e-05,5.524131120182574e-05,-3.236802240280667e-05,-1.6470705304527655e-05,-6.469188792834757e-05,2.8352460503811017e-05,-8.028894444578327e-05,6.852858768979786e-05,-5.0760136218741536e-05
-3.7506117223529145e-05,1.3733077139477246e-05,1.1720774637069553e-05,3.179168561473489e-05,6.49279809294967e-06,2.563535417721141e-06,8.07577271189075e-06,-9.758228429745941e-06,-3.930877892344142e-05,-3.5809898690786213e-06,1.5776468217154616e-05
-3.324215504107997e-05,0.0002566512848716229,0.0002608411305118352,0.0003056217610719614,2.4535638658562675e-05,5.327935105015058e-05,3.9324353565461934e-05,0.00010169869256060338,1.5234894817695022e-05,-0.0010076818143716082,-1.62631204148056e-05
-6.263396426220424e-05,5.0047248805640265e-05,8.375999277632218e-05,0.00014476572687271982,-4.213369538774714e-05,-3.26439749187557e-05,-5.261218723262573e-05,-1.849099135142751e-05,-2.701909852476092e-05,-1.2444579624570906e-05,-3.059448044950841e-05
-6.411523645510897e-05,1.2017980679956963e-05,-1.0282716175424866e-05,4.103898390894756e-06,1.5002922282292275e-05,1.1922535350095131e-05,9.375231684316532e-06,1.1785616607085103e-05,-3.2720319723011926e-05,4.0309836776941665e-05,2.600252628326416e-06
-7.935171925055329e-05,6.149011687739403e-05,-1.6761765436967835e-05,3.752802513190545e-05,2.9928393878719817e-06,6.20495640646368e-06,-1.4302459021564573e-06,6.992055205046199e-06,-4.185204943496501e-05,2.518636392778717e-05,-9.98570953925082e-07
-1.3289071659983165e-05,2.1266070689307526e-05,-2.9548377824539784e-06,1.0798264625577758e-05,1.9768958736676723e-06,1.4064827098536625e-06,-9.162273272522725e-06,2.505635166016873e-06,-7.098059654708777e-06,1.1054062269977294e-06,-6.554512538059498e-06
-7.810632496330072e-06,2.4081294668576447e-05,-1.7637640326029214e-06,4.269620831109933e-06,4.542234819382429e-07,7.519697874158737e-06,-1.2301745755394222e-06,4.183159717285889e-06,-2.0505358662603612e-05,-2.55944632954197e-06,-6.638621243837406e-06
-1.242325652128784e-05,2.1791235212731408e-05,-7.680733006054652e-06,-6.9547368184430525e-06,5.902937459723034e-06,5.1886518122046255e-06,7.381049726973288e-07,2.1879216092202114e-06,-1.0253760478917684e-05,3.487181857053656e-06,-1.983546553674387e-06
-2.2659994144191842e-05,2.3439155256710364e-05,-3.3907044780789874e-06,2.5516143750792253e-05,-2.8977106012462173e-06,4.917774276691489e-06,-6.8947350655435e-06,1.0602907650536508e-05,-2.386274172749836e-05,-2.594060333649395e-06,-2.1760342860943638e-06
-1.7828293493948877e-05,0.00031687143518865923,6.323116394924e-07,1.2934038750245236e-05,-4.164576512266649e-05,-4.569525663100649e-05,-5.101064289192436e-05,-4.826623080589343e-05,-5.7394559917156585e-05,-2.7243548174737953e-05,-4.135347990086302e-05
-1.788736017260817e-05,0.00010528451275604311,-5.6258404583786614e-06,8.954291843110695e-06,-1.7840964574133977e-05,-1.7585471823622356e-05,-1.9740423795155948e-05,6.3409534050151706e-06,-2.9157615927033476e-05,1.4214701877790503e-06,-1.4163553714752197e-05
-2.4412050606770208e-05,1.9662904378492385e-05,-2.7310034056426957e-05,1.2826923921238631e-05,2.683467755559832e-06,-9.484021575190127e-06,4.952635208610445e-07,3.58686802428565e-05,-2.079567184409825e-05,7.279709052454564e-06,3.1848276194068603e-06
-7.513805189773848e-05,0.0003723341287695803,-4.9722679250407964e-05,-2.9907134887707798e-05,-3.833425080301822e-05,-4.9524664973432664e-05,-3.736274356924696e-05,-3.254801231378224e-05,-6.898213723616209e-05,3.0306648113764822e-05,-2.1121106556165614e-05
-4.333539618528448e-05,7.317011477425694e-05,-3.3083495509345084e-05,2.8594658942893147e-05,1.295686342928093e-05,2.3673066607443616e-05,1.3762344678980298e-05,3.3061278372770175e-06,-0.00011906648796866648,2.466628939146176e-05,1.535593401058577e-05
-2.3062500986270607e-05,4.387990338727832e-05,-9.985653377952985e-06,2.530127949285088e-05,-1.993143632716965e-05,-9.276555829274002e-06,-1.8183770407631528e-05,2.930219125119038e-06,4.1057255657506175e-06,2.238982415292412e-05,-1.8167028684956676e-05
-3.432623088883702e-05,6.30068825557828e-05,3.34075593855232e-06,3.158719346174621e-05,-1.1315892379570869e-05,-3.7521831472986378e-06,-2.5824870135693345e-05,2.2536187771038385e-05,-1.8360472495260183e-05,-6.963546184124425e-06,-1.992783063542447e-05
-7.846705739211757e-05,3.433726669754833e-05,-3.7506317312363535e-05,8.489239917253144e-06,6.385513188433833e-06,3.0592273105867207e-06,1.0820655916177202e-05,2.4125189156620763e-05,-4.482235090108588e-05,6.522228795802221e-05,8.356351827387698e-06
-3.971063415519893e-05,8.075216464931145e-05,1.1970161722274497e-05,5.588863859884441e-05,-2.0432416022231337e-05,-9.053123903868254e-06,-3.548280983523e-05,-4.335251105658244e-06,-2.263181158923544e-05,-1.5658624761272222e-06,-1.5399046105812886e-05
-2.9895196348661557e-05,2.4740655135246925e-05,-1.6301724826917052e-05,8.732349670026451e-06,5.343583325156942e-06,6.729265805915929e-06,5.156924999027979e-06,1.732015334710013e-05,1.1452837497927248e-05,-3.294591442681849e-05,-3.329405444674194e-07
-9.701707313070074e-06,4.7027799155330285e-05,-1.5057237760629505e-05,-7.076276233419776e-06,3.282755642430857e-06,6.745807695551775e-06,-2.5931294658221304e-06,9.67739470070228e-06,-3.61005513696e-05,-3.3309097489109263e-06,7.126052878447808e-06
-5.9609210438793525e-06,3.2271185773424804e-05,-1.2028938272123924e-05,-2.284318361489568e-05,2.1871219360036775e-06,1.9571689335862175e-06,2.7654023142531514e-06,-1.7628190107643604e-06,-1.1665582860587165e-05,2.18003888221574e-05,-6.7198125179857016e-06
-0.00014252014557314396,0.0011867342982441187,-0.00013918014701630455,-0.00016957046682364307,-0.00021181847114348784,-0.00019456537484074943,-0.0001772228633853956,-0.00018403661488264333,-0.00017191367942359648,0.0003815415548160672,-0.00017744808246789034
-5.201426029088907e-05,9.241899533662945e-06,-3.459345407463843e-06,1.3376886272453703e-05,8.231909760070266e-06,1.3874439275696204e-05,5.3139558531256625e-08,1.5110210370039567e-05,-8.709957910468802e-06,-1.6382846297346987e-06,5.9333581816645165e-06
-2.2872134650242515e-05,4.60440469396417e-05,1.4607235470975866e-05,2.2250440224524937e-05,-1.5865280261095904e-05,4.1658613554318435e-06,-1.8605317563924473e-05,3.454759280430153e-06,-3.0204852919268887e-05,1.3608743302029325e-05,-1.6583499927946832e-05
-8.502367563778535e-05,5.340039933798835e-05,3.232196559110889e-05,9.45226429394097e-05,-1.5377985619124956e-05,-1.7209346651725355e-05,-2.1571104298345745e-05,-1.4665456319562509e-05,-4.018449681097991e-05,1.5492939382966142e-05,-1.7058791854651645e-06
-1.0306942613169667e-05,2.2538040411745897e-05,5.7127803074763506e-06,1.8665703464648686e-05,-2.1168251805647742e-05,-4.099780881006154e-06,-2.0183302240184275e-05,1.663867169554578e-05,-2.3946479814185295e-05,1.6219690223806538e-05,-7.012795322225429e-08
-4.7657075072038424e-05,4.936590312354383e-05,3.484295120870229e-06,3.9324688259512186e-05,-1.3416434740065597e-05,-3.378549536137143e-06,-1.2911275916849263e-05,-3.1727338409837103e-06,-3.255605679441942e-05,2.8219173600518843e-05,-7.30193733033957e-06
-0.00014188274144544266,0.00010841539187822491,-8.607684048911324e-05,4.652750430977903e-05,1.1666903446894139e-05,7.694014129810967e-06,1.0870979167521e-05,4.303972309571691e-05,-2.07724069696269e-05,1.7429093531973194e-05,3.088376615778543e-06
-3.927523857782944e-05,1.0474657756276429e-05,5.933325155638158e-07,1.7973299691220745e-05,7.054610250634141e-06,-2.767083060462028e-07,5.091056664241478e-06,1.437190121578169e-05,-2.9052648642391432e-05,1.072772647603415e-05,2.3180118660093285e-06
-3.8254156379480264e-05,5.345898989617126e-05,7.042034667392727e-06,5.2126777518424205e-05,-1.686649068233237e-05,-6.766147635062225e-06,-1.3807147581701429e-05,-9.895367838907987e-06,-5.332698765414534e-05,3.37493647748488e-05,-7.460870023123789e-06
-6.428177402995061e-05,7.881220881245099e-05,7.597637522849254e-05,0.00015227433686959557,-2.771417439362267e-05,-1.4639884284406435e-05,-3.670515070552938e-05,-4.429756518220529e-05,-8.182390320143895e-05,-3.191212545061717e-05,-5.688342014309455e-06
-4.5959819544805214e-05,0.00025603520225558896,-7.896063198131742e-05,-7.720754911133554e-05,-1.8853504343496752e-05,-1.1399544746382162e-05,-1.9776731733145425e-05,-3.551108056853991e-05,5.174507032279507e-05,4.990637535229325e-06,-2.5102040581259644e-05
-7.13239915057784e-05,4.7608944441890344e-05,-1.1075477289068658e-05,4.6272139115899336e-05,-5.015749138692627e-06,-4.3022211571042135e-06,-9.044602848007344e-06,1.3643139027408324e-06,-1.0409811068257113e-05,1.747793794493191e-05,-1.5514860933762975e-06
-8.3738355897367e-05,7.197961167548783e-05,-1.1325858395139221e-05,5.363364289223682e-05,-1.0988583198923152e-05,-2.118389602401294e-06,-1.554753089294536e-05,-9.238532584276982e-06,-1.1108586477348581e-05,2.0589031009876635e-05,-2.136452167178504e-06
-4.3954089960607234e-05,4.2234511056449264e-05,2.9102902772137895e-06,3.28520436596591e-05,-3.3423202694393694e-06,-5.582872290688101e-06,-8.950855772127397e-07,-2.2864469428895973e-06,-1.8570193788036704e-05,1.1332853318890557e-05,-1.4698689483338967e-05
-4.6253029722720385e-05,0.00010295843094354495,-2.9100646770530147e-05,1.0082343578687869e-05,1.8104279661201872e-05,5.880171556782443e-06,-3.4052227420033887e-06,-4.1730185330379754e-05,-2.853181285900064e-06,-8.060447726165876e-06,-5.622514436254278e-06
-5.107400465931278e-05,0.00011330398956488352,-1.3852459460395039e-05,4.0467265080224024e-05,-2.082302307826467e-05,7.05200363881886e-07,-2.0114604240006884e-05,-1.3603185607280466e-05,-3.726644717971794e-05,3.081223076151218e-05,-2.8554962227644864e-05
-1.9692717614816502e-05,3.0679269912070595e-05,6.897640560055152e-06,2.6327636078349315e-05,-3.6221554182702675e-06,-6.9491734393523075e-06,1.3648324966197833e-05,-1.2797234376193956e-05,-2.625573233672185e-05,5.5281343520618975e-06,-1.3763991432824696e-05
-4.883788187726168e-05,1.2620719644473866e-05,-1.9150078514940105e-05,-9.231571311829612e-06,1.521808371762745e-05,1.9496663526297198e-05,6.135689545772038e-06,1.1662737961160019e-05,-1.9819547333099763e-05,2.6454061298863962e-05,5.451127663036459e-06
-2.6073131294879204e-05,1.2552537100418704e-05,-1.8017334696196485e-05,2.4503059194103116e-05,-8.801762760413112e-06,5.727033567382023e-07,2.8182430469314568e-06,3.509147973090876e-06,-8.943462034949334e-06,2.2769447014070465e-05,-4.889447154710069e-06
-6.313366793619934e-05,3.617516722442815e-05,-9.654480891185813e-06,3.179186751367524e-05,-1.554075424792245e-06,-1.773332587617915e-05,-2.3972303097252734e-05,7.05635393387638e-05,-4.279223321645986e-05,2.7780146410805173e-05,-7.4706294981297106e-06
-9.970875908038579e-05,8.936379344959278e-05,-1.723408240650315e-05,7.436197756760521e-05,-3.7685151255573146e-05,-1.9240662368247285e-05,-2.1301473225321388e-06,2.062876001218683e-05,-3.8357101857400266e-05,3.367255339981057e-05,-3.671175363706425e-06
-1.628850850465824e-05,4.6306211515911855e-05,-1.8435262063576374e-05,1.2071398941770894e-05,-1.3036399195698323e-06,-5.104807314637583e-07,-9.374295586894732e-06,-1.735395926516503e-06,-1.6804912092993618e-05,1.804346857170458e-05,-1.196858534058265e-05
-7.269485104188789e-05,3.524142357491655e-05,2.162010787287727e-06,3.7799606843691436e-05,-1.909043476189254e-06,8.38493633636972e-06,-1.3809592701363727e-05,3.126565570710227e-05,-6.462845703936182e-05,4.224971780786291e-05,-4.061409981659381e-06
-3.0618080927524716e-05,1.963231966328749e-05,-3.167145223414991e-06,2.558189999035676e-05,2.5434310373384506e-06,-3.189928065694403e-06,-1.1233966688450892e-05,3.112575359409675e-05,-3.175544225086924e-05,1.3341123121790588e-06,-2.529513949411921e-07
-2.3473471173929283e-05,8.605459879618138e-05,2.547603889979655e-05,5.6464790759491734e-05,-3.1327066949415894e-05,-3.416139406908769e-05,-1.9957026779593434e-05,-4.918892045679968e-06,-1.3185725492803613e-05,-2.189370161431725e-05,-1.9078151126450393e-05
-2.6930111744150054e-05,2.598634182504611e-05,-3.228602508897893e-06,2.1462195945787244e-05,6.063557975721778e-06,-6.024682079441845e-06,-3.080059713056471e-06,-2.004910129471682e-05,1.5927270396787208e-05,2.561377186793834e-06,-1.2688186870946083e-05
-2.1069430658826604e-05,2.4639566618134268e-05,-1.2695836630882695e-05,1.0289333658874966e-05,-1.0378199249316822e-05,-2.6135825237361132e-06,-1.4319040928967297e-05,4.439515578269493e-06,1.8315624856768409e-06,2.338416379643604e-05,-3.508050212985836e-06
-0.0001152408767666202,9.894845425151289e-05,-4.190040453977417e-05,4.999687189410906e-05,-5.899484044391556e-06,8.64589947013883e-06,-9.071581189346034e-06,1.1208199993006929e-05,-7.384230229945388e-06,1.5143407836148981e-05,-4.446256752999034e-06
-1.984044729397283e-05,2.2097215605754172e-05,-5.681859079231799e-06,1.2045748235323117e-05,-2.876715171851174e-06,-8.186548939193017e-06,-8.087749165497371e-06,1.006814454740379e-05,-1.9352567051100777e-05,2.1738559098594123e-05,-1.9237813830841333e-06
-1.934107694978593e-05,1.0172909242101014e-05,-1.6539893294975627e-05,-3.0508676598373086e-06,1.9396749095790256e-07,1.2472512935346458e-05,1.5664970760553842e-06,9.671378393250052e-06,-1.5335690477513708e-05,2.5892063149512978e-05,-5.701801455870736e-06
-5.2801099315047395e-06,2.3905808575364063e-05,1.3525405279324332e-05,2.1728634237661026e-05,-2.5190523047058377e-05,-8.136404630931793e-06,-2.601308324301499e-05,9.479843185999925e-06,-2.302969278389355e-05,1.2934155734001251e-05,6.0759658566666985e-06
-7.494776809835457e-06,3.222861050744541e-05,-1.0451837624714244e-05,5.624942559734336e-06,-1.8130483567802003e-05,-5.641755763008405e-06,-2.707368003029842e-05,6.847016720712418e-06,-8.73917679200531e-06,5.2870074796373956e-05,-2.0038931324961595e-05
-1.244687473445083e-05,4.122435530007351e-05,-5.925650611970923e-06,9.598702831681294e-06,-2.1002086214139126e-05,-1.5601629002048867e-05,-2.6704227821028326e-05,1.345026794297155e-05,-2.048726219072705e-05,5.408155357145006e-05,-1.6187151743451977e-05
-4.779349129080401e-05,3.3914427149284165e-05,-3.7012866869190475e-05,-1.4441130815612269e-05,-2.049993690889096e-05,1.5939010154397693e-05,-3.5821103665512055e-05,6.451236095017521e-05,-4.131639980187174e-05,0.00011884203377121594,-3.632290645327885e-05
-1.558150052005658e-05,1.9784831692959415e-05,-9.702956049295608e-06,3.1265331017493736e-06,-1.0186485269514378e-05,-1.840327968238853e-06,-4.159543095738627e-06,9.854721156443702e-06,-1.075499767466681e-05,1.945306303241523e-05,6.660457074758597e-09
-2.0543202026601648e-05,2.7142597900819965e-05,-7.565345185867045e-07,2.3649206013942603e-05,-1.2986204012577218e-05,-8.072757282207021e-06,-8.22202923700388e-06,7.927977321742219e-06,-3.579305666789878e-05,2.1737296492574387e-05,5.9167064137000125e-06
-1.4032605577085633e-05,4.641334180632839e-05,-2.9841469313396374e-06,1.7527286672702758e-05,-1.7263342670048587e-05,-6.886089067847934e-06,-2.0848287462627013e-05,5.274314389680512e-06,-3.7011897511263214e-05,5.298094151839905e-05,-2.316951304237591e-05
-3.243581886636093e-05,2.7323540962242987e-05,7.412304512399714e-07,2.4386667519138427e-05,9.7569181889412e-07,-1.826725963383069e-06,-1.8344867385167163e-06,-5.228125246503623e-06,2.0913406899580878e-06,-1.6072803191491403e-05,1.8794903553498443e-06
-3.4781247450155206e-05,3.460267737409595e-05,-2.2011351120454492e-05,-6.576659870916046e-06,1.4205894103724859e-05,9.916628187056631e-06,7.122467877707095e-06,6.530151949846186e-06,-1.887433438696462e-05,8.787089086581545e-06,1.0786818620545091e-06
-3.40523874911014e-05,3.811586634583364e-05,1.2587173841893673e-05,1.2831151252612472e-05,-1.3626410236611264e-05,-2.519883446439053e-05,-2.6732063815870788e-05,8.88169597601518e-06,2.779462147373124e-05,2.0038896764162928e-05,-2.063970123344916e-05
-6.1011196521576494e-05,7.881577130319783e-05,-4.915460885968059e-05,-4.83766634715721e-05,3.737823135452345e-06,9.129747922997922e-06,4.385390639072284e-06,1.4687975635752082e-06,3.284112608525902e-06,6.569687502633315e-05,-7.976053893798962e-06
-5.395368134486489e-05,1.6485616697536898e-05,9.34496711124666e-06,5.091581942906487e-05,-2.908303667936707e-05,-2.5300466404587496e-05,-3.177502821927192e-05,3.1266838050214574e-05,3.0151850296533667e-05,2.0794607280549826e-05,-1.884749465830282e-05
-7.317120252992027e-05,0.0002914234792115167,-8.708488712727558e-05,-6.756846869393485e-05,-5.1786131280096015e-05,-6.836032798673841e-05,-7.971500781422947e-05,-7.425004878314212e-05,0.00017214805848198012,0.00011736038140952587,-7.899585307313828e-05
-0.00012676797996391542,0.00018424339941702783,-2.0747858798131347e-05,-3.138770262012258e-05,-1.9285482267150655e-05,-2.9717766665271483e-05,-3.121285590168554e-05,-2.481316425928526e-05,6.814378139097244e-05,5.705008061340777e-05,-2.5504457880742848e-05
-3.89319641271868e-05,2.901385596487671e-05,-3.098342858720571e-06,1.1256841389695182e-05,3.326863043184858e-05,2.5227919650205877e-05,5.941476814541602e-06,-8.89178627403453e-05,-1.5941813444442232e-05,3.514802119752858e-05,7.0332521886484756e-06
-4.7032601287355646e-05,2.9246304620755836e-05,-2.2779195205657743e-06,2.7604433853412047e-05,3.076197117479751e-06,-3.7738197988801403e-07,7.880047633079812e-06,-5.047029844718054e-06,-2.4659357222844847e-05,1.3867904726794222e-05,-2.280597072967794e-06
-6.916889560670825e-05,3.2360384466301184e-05,1.590070263546295e-05,5.7306244343635626e-05,-1.5216215160762658e-05,-4.333170636527939e-05,-2.1241553440631833e-05,5.811433948110789e-05,2.0446168491616845e-06,1.4661886780231725e-05,-3.142979818449021e-05
-4.767926839122083e-06,8.514684850524645e-05,-1.712898665573448e-06,-2.1203562027949374e-05,7.01982389728073e-06,1.0509334970265627e-05,-0.00013163155836082296,3.197399928467348e-05,-6.453489186242223e-05,9.530075931252213e-05,-6.09993003308773e-06
-0.00012357438754406758,8.220030576922e-05,-0.00011070002437918447,-7.926140824565664e-06,2.503010637155967e-05,6.381206731020939e-05,-3.88922206298048e-05,2.9116727091604844e-06,-7.004451617831364e-06,8.722746861167252e-05,2.6915611670119688e-05
-0.00011548915063031018,6.0430753364926204e-05,-0.00029441999504342675,1.4552033462678082e-05,6.402551298378967e-05,5.664945820171852e-05,4.2694448893598747e-05,4.205325785733294e-05,1.7187988305522595e-05,5.2539483476721216e-05,5.977620276098605e-05
-9.662752472650027e-05,0.00010267975449096411,3.180031285410223e-06,8.720435653231107e-05,-1.5951950445014518e-05,-6.0450047385529615e-06,-2.9476027521013748e-05,-2.181283798563527e-05,-5.122964103065897e-05,4.882350731350016e-05,-2.0744658968396834e-05
-7.792340466039605e-05,7.700983223912772e-05,-5.4137775805429555e-05,2.577013674454065e-05,-1.1845001608890016e-05,7.623912279086653e-05,-5.562425940297544e-06,-3.977109417974134e-05,-2.836041312548332e-05,4.719098251371179e-05,-8.609960786998272e-06
-0.00019982278172392398,0.00010825673962244764,-6.450062255680677e-05,9.56295716605382e-05,9.812765938477241e-06,-2.555425453465432e-07,5.236981451162137e-06,3.407476106076501e-05,-7.398712114081718e-06,3.942472176277079e-05,-2.04578852560644e-05
-9.443760791327804e-05,7.8766759543214e-05,-4.448808613233268e-05,1.6863574273884296e-05,-6.990681868046522e-06,9.507182198831288e-06,-1.8441278371028602e-06,2.1044562345196027e-05,-2.5057925086002797e-05,4.7412690037162974e-05,-7.763337634969503e-07
-7.067777005431708e-05,5.8074682783626486e-05,1.0165866115130484e-05,7.619319785590051e-05,-3.2224179449258372e-06,-2.777960617095232e-08,-2.164528996217996e-05,-6.202807867339288e-06,-3.955513420805801e-05,6.6556676756590605e-06,-9.758205123944208e-06
-4.21266995545011e-05,1.9945156054745894e-05,-1.992632678593509e-05,6.459091309807263e-06,1.0009415291278856e-05,1.754475488269236e-05,-3.1069157557794824e-06,1.3731350236412254e-05,-1.701754445093684e-05,9.966378456738312e-06,4.521338269114494e-06
-1.7126640159403905e-05,1.1775993698392995e-05,-2.0098395907552913e-05,-1.1960219126194715e-06,-9.569301255396567e-06,1.6724516171962023e-07,-1.4074570344746462e-05,2.6205302674497943e-06,1.109777213059715e-05,2.9830507628503256e-05,6.57288092043018e-06
-2.0814686877201893e-05,4.408690236346047e-05,-5.838870720253908e-06,1.400841119902907e-05,-1.5718511349405162e-05,-1.01637197076343e-05,-1.7497509020358848e-05,1.1890884252352407e-05,-3.2353587812394835e-05,4.112577425985364e-05,-8.725087354832795e-06
-4.43131157226162e-05,3.3539076866873074e-05,-1.9336457626195624e-05,-1.3432813972258373e-06,5.710848654416623e-06,1.0753295100585092e-05,-7.73664578446187e-06,1.934867691488762e-05,-5.5038843129295856e-05,5.864881495654117e-05,-2.3237066670844797e-07
-4.0778841139399447e-05,1.4469909729086794e-05,-6.636486432398669e-06,2.286134986206889e-06,2.4350935746042524e-05,3.462618406047113e-05,-1.9958099983341526e-05,3.419287531869486e-05,-5.75567764826701e-05,2.217763085354818e-05,-7.173464837251231e-06
-2.7029374905396253e-05,3.8776537735429883e-05,-8.70032818056643e-06,7.144733899622224e-06,-3.416481376916636e-05,-1.1238496256282815e-05,1.6095971204777015e-05,-8.888455340638757e-07,-1.6739024317757867e-05,3.7811089896422345e-05,-1.0674523309717188e-06
-7.208074657683028e-05,3.6223415918357205e-05,-2.218288864241913e-05,5.965637683402747e-06,3.8787802623119205e-06,1.2822016287827864e-05,-7.09020605427213e-06,6.244707037694752e-06,-3.907559221261181e-05,6.094955915614264e-05,1.4345316230901517e-05
-5.695979029951559e-05,4.817312401428353e-05,1.7196890439663548e-05,4.4423014060157584e-05,-8.206447546399431e-06,2.862256224034354e-06,-1.7450153904974286e-05,2.060931683445233e-05,-3.0645720471511595e-05,-5.322359356796369e-06,-1.4680129538646725e-05
-7.512462070735637e-05,5.613800749415532e-05,-4.544047078525182e-05,-5.670241080224514e-06,3.106220992776798e-05,-3.994001872342778e-06,-1.2549932307592826e-05,5.276647971186321e-05,-1.7575343008502387e-05,2.138512763849576e-05,-9.97216375253629e-07
-0.00010792423108796356,0.00017320018378086388,1.1255392564635258e-05,9.079865776584484e-05,-3.059388450310507e-05,-1.8492215076548746e-05,-4.541158614301821e-05,-2.6480706651454966e-05,-6.784457582398318e-05,5.0087015551980585e-05,-2.8594061745934596e-05
-6.076636054785922e-05,1.6899934053071775e-05,-2.8960763302166015e-05,-3.9119506254792213e-05,-5.940179107710719e-06,-6.128393579274416e-05,5.07212316733785e-05,0.00012380445332382806,2.406296152912546e-05,2.906119334511459e-05,-4.847900891036261e-05
-0.00015837061073398218,6.520298779832956e-05,-0.00017177236441057175,-8.236782377935015e-06,3.789359652728308e-05,4.634181459550746e-05,4.0346903006138746e-05,6.063914656806446e-05,-8.655473038743366e-06,5.488110036822036e-05,4.1729687836777885e-05
-4.942905070492998e-05,3.5763310734182596e-05,-1.9670333131216466e-05,1.876020905910991e-05,-9.055154805537313e-06,-1.100832741940394e-05,2.6279692974640056e-05,-3.903817560058087e-05,2.5014833227032796e-05,2.040710762685194e-05,1.975899067474529e-06
-0.000181069513928378,4.904511843051296e-05,-0.00023996199888642877,-3.464920519036241e-05,-1.0791805379994912e-05,-6.46406181203929e-06,8.513013744959608e-05,0.00026305526989744976,4.867122788709821e-05,2.559694621595554e-06,2.4475132931911503e-05
-8.402507410210092e-05,7.365142664639279e-06,2.7610389224719256e-05,2.4608481908217072e-05,-9.488067007623613e-06,-3.5842649594997056e-06,-2.1845717128599063e-06,3.646495822096085e-05,-1.0321786731992688e-06,3.320307678222889e-05,-2.8937887918800698e-05
-0.0005132428450451698,4.46909834863618e-05,-3.486671812424902e-05,4.890120180789381e-06,6.978929377510212e-05,5.1870979405066464e-05,7.881166493461933e-05,0.00011301674385322258,4.3163458940398414e-05,0.0001070956695912173,3.478065355011495e-05
-0.00040425707993563265,5.462593981064856e-05,-1.927957055158913e-05,3.533888593665324e-05,5.319270712789148e-05,4.8653819249011576e-05,4.9515995669935364e-05,5.9539345784287434e-05,3.4527471143519506e-05,4.515632645052392e-05,4.298617204767652e-05
-0.00012586626144184265,1.7140591808129102e-05,-1.578162300575059e-05,1.9742023141589016e-05,1.1547345593498903e-05,1.3727145301345445e-05,1.0682560969144106e-06,6.89232001604978e-06,3.924317206838168e-05,1.648507668505772e-05,1.580195885253488e-05
-4.373722185846418e-05,1.1914609785890207e-05,5.203899490879849e-06,2.4681578906893265e-05,-1.993939804378897e-06,7.9355468187714e-06,-3.1401868909597397e-06,6.716778443660587e-06,-6.8095196184003726e-06,1.4421821106225252e-06,-2.2137210180517286e-06
-0.00012395547673804685,1.1726501270459266e-05,-2.908560742298505e-05,3.824447048828006e-06,3.893788561981637e-05,2.890704126912169e-05,2.2142226953292266e-05,1.7049926100298762e-05,1.572197788846097e-05,7.520274721173337e-06,7.210797775769606e-06
-8.488651474181097e-05,3.3156611607410014e-06,-6.088018835725961e-06,-2.5016470317495987e-06,1.2580163001985056e-05,5.781605977972504e-06,1.3257472346595023e-05,6.644747827522224e-06,2.6397191049909452e-05,1.860253541963175e-05,6.896805643918924e-06
-6.360971565300133e-05,-3.0200535920954508e-06,-1.1180159162904602e-06,1.6580437659285963e-05,1.0165036883336143e-05,1.2707839573522506e-05,1.1819137398560997e-05,1.6771915738900134e-05,-1.2513966339611216e-05,1.022626884150668e-05,1.9911190065613482e-06
-4.251332757121418e-05,4.124516181036597e-06,-1.384986717312131e-06,-1.5156583685893565e-06,2.3177549337560777e-06,9.248808510164963e-06,7.219056897156406e-06,2.6021290068456437e-05,-3.1082019177119946e-05,1.1512399851199007e-05,1.6052163118729368e-05
-3.6914927477482706e-05,1.9925571905332617e-05,1.0323078640794847e-06,1.6903960840863874e-05,-1.0252825632051099e-05,8.800233445072081e-06,-1.3172010767448228e-05,1.3928438420407474e-06,5.682886694557965e-07,2.0783823856618255e-05,-9.067266887541336e-06
-4.760607407661155e-05,7.1360536821885034e-06,-5.467807113745948e-07,-3.662034941953607e-08,2.9537491172959562e-06,1.1496497791085858e-05,-1.5417144823004492e-06,1.250374498340534e-05,-1.3963104173342344e-05,1.764702028594911e-05,1.1957228252867935e-05
-2.942845719644538e-05,1.2912810575471667e-05,-1.234633373314864e-07,7.869597311582766e-06,-3.12432530336082e-06,1.8239352357340977e-06,1.97657664102735e-06,-3.6759981867362512e-06,1.1002815654137521e-05,4.366938810562715e-06,-3.600429408834316e-06
-4.19109105678217e-05,1.4764632851438364e-05,1.1196490959264338e-05,1.86541674338514e-05,-5.302870704326779e-06,5.223703624324116e-06,-9.287733064411441e-06,6.147199201222975e-06,-1.0032200407295022e-05,2.225492244178895e-05,-1.170740165434836e-05
-3.444687581577455e-05,1.9179607079422567e-05,9.049991604115348e-06,1.4553590396815252e-05,-1.4997285688878037e-05,-1.0970261428155936e-06,-2.071414860438381e-05,5.661986051563872e-06,-2.7965311346633825e-06,4.404265564517118e-05,-1.843596237449674e-05
-3.968547480326379e-05,1.4680417507406673e-05,-3.568543434084859e-07,9.326013923782739e-06,1.2106202689210477e-06,4.331454874773044e-07,2.794658939819783e-07,7.815495791874127e-06,-1.4456911912930082e-05,2.039457467617467e-05,3.5950614574176143e-07
-3.215726337657543e-05,1.6874487386075998e-05,8.889235800779716e-06,1.8075754269375466e-05,3.964727966376813e-06,-4.54781289249695e-06,-6.4708281115599675e-06,6.8868687321810285e-06,-1.9194507331121713e-05,7.102666131686419e-06,5.766731305811845e-07
-4.018418076157104e-05,1.2380889188534638e-05,3.1827896691538626e-06,1.0904988471338584e-05,-1.1136240118503338e-05,-1.0252398396914941e-07,-1.5206687749014236e-05,1.9344481131611246e-05,5.541830432775896e-06,2.408234831818845e-05,-8.807693802737049e-06
-3.394391660549445e-05,1.6524409602425294e-05,1.0827038749994244e-05,2.178219165216433e-05,-1.2944328318553744e-05,1.9757676028575588e-07,-1.3106823189446004e-05,6.5231295138801215e-06,-1.4095304663896968e-05,2.2120309267847915e-05,-3.884285092681239e-06
-4.7775225539226085e-05,1.652015953368391e-05,-7.381942396023078e-06,2.5926565285772085e-06,1.4337565517053008e-06,1.1916435141756665e-05,-1.054352196661057e-07,2.464268618496135e-05,-1.1242694654356455e-05,1.4130515864962945e-05,-4.73091313324403e-06
-4.454831469047349e-05,8.601434501542826e-06,-8.641159183753189e-07,1.2854336546297418e-06,4.281390289406772e-06,3.6455891176956357e-06,5.995345418341458e-06,5.8291861932957545e-06,7.693338034187036e-06,4.996920495159429e-06,3.0837948088446865e-06
-3.125972671114141e-05,7.440554327331483e-06,-6.2402441471931525e-06,3.2658699637977406e-06,-2.217230417045357e-06,5.8324262681708205e-06,-4.7019562998684705e-06,6.232459782040678e-06,2.4628129722259473e-06,2.716837843763642e-05,-7.983343550677091e-06
-5.379761387303006e-05,1.930997700583248e-05,4.265581651452521e-06,9.311042049375828e-06,-2.617086124701018e-06,1.597930349817034e-05,-1.044393749793926e-05,2.0364901956781978e-05,-1.482352217863081e-05,2.2153393729240634e-05,-9.702038369141519e-06
-2.8426044082152657e-05,3.339143131597666e-05,5.845604391652159e-07,2.1519117581192404e-05,-1.3433886124403216e-05,7.202650976978475e-06,-2.319070273415491e-05,2.618225244077621e-05,-6.050452611816581e-05,3.6085564715904184e-05,5.895853973925114e-07
-8.76291833264986e-05,-2.6704640958996606e-05,-9.044769649335649e-05,-0.0001625184622753295,-1.665892341407016e-05,-1.9300039639347233e-05,-2.5115445168921724e-05,6.648673661402427e-06,-7.215073310362641e-05,0.000523457521921955,-2.9581038688775152e-05
-2.1825609110237565e-05,3.693017424666323e-05,4.92424896947341e-06,2.090383429731446e-05,-1.3366306802709005e-05,-1.3206770745455287e-05,-1.12920026822394e-05,-1.0583094990579411e-05,6.424675120797474e-07,1.4887325960444286e-05,-8.014268587430706e-06
-8.06373791419901e-05,5.997594053042121e-05,7.3381615948164836e-06,8.322826761286706e-05,-2.1829939214512706e-05,5.799564860353712e-05,-2.3039632651489228e-05,-0.00010647188173606992,2.0769879483850673e-05,1.5658666598028503e-05,-1.2987731679459102e-05
-7.457539140887093e-05,5.157240229891613e-05,-1.5750507373013534e-05,3.168069311243471e-05,8.577682137911324e-06,7.349814495682949e-06,5.26632334185706e-06,-1.6594089629506925e-05,-4.453162546269596e-06,5.28649161424255e-06,1.639743231862667e-06
-9.118152365772403e-05,8.31609054330329e-05,8.633945981273428e-06,4.6967892558313906e-05,1.974889642042399e-06,8.078211465090135e-06,-5.703397619072348e-06,-2.5817113055381924e-05,-3.6737113987328485e-05,-2.717941242735833e-06,1.3341249086806783e-05
-2.6079414965352044e-05,2.7558970032259822e-05,1.319688180956291e-05,2.4136013507813914e-05,-1.4571904102922417e-05,-1.7270504031330347e-06,-1.9160625015501864e-05,-3.6116605315328343e-06,3.6998417272116058e-06,9.300352076024865e-06,-1.2741405043925624e-05
-3.3344392250000965e-05,0.00010385221685282886,-1.170226460089907e-05,-3.180411113135051e-05,-9.147011496679625e-06,4.94382948090788e-06,1.0714618611018523e-05,-2.358712663408369e-06,-0.00014309786638477817,0.00011056770745199174,1.3759956800640794e-06
-3.941427848985768e-05,-1.1976659152423963e-05,-2.388312350376509e-05,3.7152549339225516e-06,-1.370715835946612e-06,2.253821730846539e-05,-3.0035114832571708e-05,4.897018698102329e-05,1.1119660484837368e-05,2.7715904252545442e-05,-7.379334874713095e-06
-3.8627462345175445e-05,2.6305473397769674e-05,-2.414820482954383e-05,-5.0048838602378964e-06,-5.383371899370104e-07,1.117921419790946e-05,-2.7180794859305024e-06,2.3851742298575118e-05,-2.126230174326338e-05,2.0749310351675376e-05,1.0213518180535175e-05
-0.00013498132375389105,0.00015253374476742465,-9.496334496361669e-05,2.7274433776369733e-05,2.7999268468192895e-06,2.547769690863788e-05,4.258522565692147e-06,-2.6506413632887416e-06,-2.888679773604963e-05,6.529479378514225e-05,-1.6156997901362047e-05
-6.510027924377937e-05,5.852878530276939e-05,-1.2849690392613411e-05,3.883113276970107e-05,-1.3941938959760591e-05,3.585384547477588e-06,-2.701455741771497e-05,2.4313187282132276e-05,-2.8558729411543027e-05,3.238282442907803e-05,-1.0176119701554853e-05
-5.948707439529244e-05,6.461369412136264e-05,-0.00010679183105821721,-5.3003066568635404e-05,2.1021285647293553e-05,2.3278946173377335e-05,8.076642188825645e-06,3.0479817951345467e-05,1.6408952433266677e-05,5.183471421332797e-05,3.5679186112247407e-06
-3.17144367727451e-05,3.706750885612564e-05,-6.530940027005272e-06,1.6019526810850948e-05,-8.563425581087358e-06,1.213825157719839e-06,-1.0846826285160205e-05,1.1188358143954247e-05,-1.611273364687804e-05,2.7918135856452864e-05,-1.9638988305814564e-05
-6.186240239003382e-05,6.90427750669187e-05,2.1563086193054914e-05,5.893438355997205e-05,-1.02107735528989e-05,2.3462525859940797e-05,-8.660982348374091e-05,1.0958174357256212e-05,2.1486121113412082e-06,-1.8648075638338923e-05,-8.778494702710304e-06
-1.4923336777883378e-05,2.420375267320196e-05,-2.373736492700118e-06,1.2063358440173033e-05,-2.5320539407402975e-05,5.040305950387847e-07,-1.8548767911852337e-05,1.9992979332528193e-05,-1.8756984900392126e-05,1.6280827821901767e-05,6.8784181053160864e-06
-1.4935068975319155e-05,5.972753933747299e-05,3.7441738172105943e-06,1.826214361244638e-05,-2.9285495656949934e-05,-2.227973163826391e-05,-3.2312374969478697e-05,4.772809461428551e-06,-2.6959291062667035e-05,6.350954208755866e-05,-2.424424246783019e-05
-2.053438242910488e-05,2.8324537197477184e-05,-3.7563396517725778e-06,1.4464809055425576e-05,-6.165884940401156e-06,5.4184214377528406e-06,-1.6791354482847964e-05,1.4063114235796093e-05,-3.885572550643701e-05,2.839817989297444e-05,-4.565376343634853e-06
1.3972494343761355e-06,4.7799547246540897e-05,4.224446456646547e-05,4.650143273465801e-05,-2.6815249839273747e-05,-1.041382802213775e-05,-4.0251044993055984e-05,-9.567842425894924e-06,-5.1641945447045146e-05,1.3554006727645174e-05,-1.2806791346520185e-05
-1.9404587419558084e-05,4.687371438194532e-05,1.6243225218204316e-05,3.6798334804188926e-05,-1.2505259974204819e-05,1.4046384194443817e-05,-3.9631584513699636e-05,1.6060198959166883e-05,-4.1226639950764365e-05,2.9597917091450654e-05,-4.6851704610162415e-05
-4.5871113798057195e-05,2.4709547687962186e-05,9.973122359951958e-06,2.254630089737475e-05,1.2757804825014318e-05,2.0323221406215453e-05,-1.3513205203707912e-05,2.7238261509410222e-05,-8.577324115321971e-05,2.4345979909412563e-05,3.263321559643373e-06
-1.7162873817255786e-05,3.543125876603881e-05,4.334924597060308e-08,1.564988724567229e-05,-1.1953138255194062e-05,-5.06825813317846e-06,-2.1660456695826724e-05,1.0404500926597393e-05,-2.0528522327367682e-05,4.087429351784522e-05,-2.60300421359716e-05
-3.442970978539961e-05,3.5425126952759456e-05,-2.0844624486926477e-05,2.0977338408556534e-06,-2.472916335705122e-06,5.833607247041073e-06,-1.51756399873193e-05,2.96594998872024e-05,-4.096160137123661e-05,4.412324597069528e-05,-3.2547241062275134e-06
-4.699401506513823e-05,7.042524885036983e-05,-1.8332946638111025e-05,1.7519836433166347e-05,-2.2339012275551795e-05,4.07714833272621e-06,-2.373911138420226e-05,1.209231334131644e-05,-5.441605026135221e-05,8.327694013132714e-05,-2.157035214622738e-05
-1.3997275345900562e-05,3.399418892513495e-05,-9.35977936933341e-06,5.355107077775756e-07,-1.9821695786959026e-06,1.4841780284768902e-06,-3.543341932754629e-06,2.9017694487265544e-06,-1.2818050208807108e-05,1.9932670966227306e-05,-1.714770132821286e-05
-2.131411531536287e-05,4.7184625145746395e-05,-1.3066574382492036e-05,8.356029525202757e-06,-1.9258737552263483e-05,4.5966216930537485e-06,-3.175542724420666e-05,1.8301715044799494e-05,-3.19275072797609e-05,6.78568753755826e-05,-2.8973499865969643e-05
-2.951154874608619e-05,6.400705569831189e-05,-1.6384564787585987e-05,7.052283649500168e-06,-1.3023422638980264e-05,-2.6995928124051716e-06,-3.18169313686667e-05,2.420272539893631e-05,-4.392823393573053e-05,6.526677316287532e-05,-2.316454150275149e-05
-4.580096629069885e-05,8.762574680076796e-06,-5.287474550641491e-05,-3.9636062865611166e-05,1.831241934269201e-05,3.033597477042349e-05,3.271570130891632e-05,2.0726941784232622e-05,-7.0890807819523616e-06,2.8707957426377106e-05,5.839284312969539e-06
-6.8187777287676e-05,3.145704431517515e-05,-3.706367533595767e-05,-1.0145216947421432e-05,1.3146350283932406e-05,4.8527982471568976e-05,2.5330402422696352e-05,2.0507679437287152e-05,-3.690774406095443e-05,4.937103767588269e-05,-3.603607819968602e-05
-4.979641016689129e-05,1.02704725577496e-05,-1.974301994778216e-06,-6.555474101332948e-07,1.2802460332750343e-05,1.8077450704367948e-05,-6.706587555527221e-06,2.598143237264594e-05,-1.1188340067747049e-05,-9.848844456428196e-06,1.3038214547123061e-05
-4.2805740577023244e-05,5.7029314973533474e-05,4.0819846958584094e-05,3.1578321795677766e-05,-2.4947681595222093e-05,-1.4986409951234236e-05,-3.238831050111912e-05,-1.9254348444519565e-05,-3.4488764868001454e-05,3.572602508938871e-05,3.71775240637362e-06
-0.00010130618102266453,6.412155380530749e-05,-0.00016878877067938447,-6.334762292681262e-05,6.169702646730002e-05,4.927620648231823e-05,1.532207124910201e-05,2.4050990759860724e-05,-7.249538612086326e-06,0.00011111013373010792,1.5114124835235998e-05
-0.0004347629947005771,5.410501216829289e-05,2.780836985039059e-05,5.2599862101487815e-06,6.910858792252839e-05,5.5291849093919154e-05,6.255982407310512e-05,-1.764939952408895e-05,7.543269020970911e-06,9.905410206556553e-05,7.168138654378708e-05
-0.0001297084236284718,3.262524296587799e-05,1.3199615295889089e-05,2.724341507587269e-05,4.372369403427001e-06,-8.005072231753729e-07,-3.880395524902269e-07,1.2305611562624108e-05,1.4773511793464422e-05,2.3239630536409095e-05,3.137573457934195e-06
-0.00020135033901169663,5.997110201860778e-05,4.1335644709761254e-05,8.537507164874114e-05,-2.0940226249877014e-05,-1.3256484635348897e-05,-1.12709067252581e-05,3.7913702726655174e-05,1.1822245141956955e-05,-5.7912100146495504e-06,1.619140448383405e-05
-9.018057426146697e-05,7.950087388053362e-05,1.8345781427342445e-05,8.651875396026298e-05,-2.2400501620722935e-05,-2.2629654381489672e-05,1.870839696493931e-05,-7.700604555793689e-06,-2.7605351533566136e-05,-3.573105732357362e-05,3.173938239342533e-06
-4.9173868319485337e-05,2.002253313548863e-05,-4.0377092773269396e-05,-1.2865559256169945e-05,1.4563613603968406e-05,1.4818390127402381e-05,9.478844731347635e-07,2.3354299628408626e-05,-1.1989341146545485e-05,4.030454424075458e-05,3.9459700929000974e-07
-9.313884038419928e-05,7.194027602963615e-05,4.0395436371909454e-05,0.0004884939407929778,1.0320552974008024e-05,-6.945813220227137e-05,-0.00013140834198566154,-0.0004668650435633026,5.04930540046189e-07,-5.657835572492331e-05,0.00020579355987138115
-0.00020190664145047776,0.00010923151785391383,-0.0002976956166094169,-0.00018500945589039475,0.00013584832595370244,0.00013190999300149997,0.00013943255544290878,6.0727472373400815e-05,-5.564601451624185e-05,0.00014282041593105532,2.028746712312568e-05
-0.0002072504285024479,0.00013103868695907295,-0.0003033462999155745,-0.00012926444833283313,7.629704123246484e-05,0.00010646837108652107,4.605617789366079e-05,9.507001232123002e-05,4.575567800202407e-05,0.00012727260400424711,1.1902611731784418e-05
-0.00011509832984302193,5.514034091902431e-05,-5.671818144037388e-05,3.0121562303975224e-05,3.3811465982580557e-06,2.1796362489112653e-05,-1.0593101251288317e-05,4.3145622271367756e-05,4.663025606532756e-06,2.5910609529944395e-05,-1.7490619939053431e-06
-8.111383522191318e-05,0.0002553421654738486,-3.133465179416817e-05,1.547519968880806e-05,-1.8334622836846393e-05,-4.390570757095702e-05,-1.6051796364990878e-05,-5.2221977966837585e-05,-5.684145071427338e-05,5.91465304751182e-05,-3.015986067111953e-05
-7.417615415761247e-05,0.00011139310663565993,-3.902644675690681e-05,3.650426515378058e-05,-9.619365940238822e-06,1.912877974064031e-05,-1.879090041256859e-05,-7.188158451754134e-05,7.089270457072416e-05,8.67976268636994e-06,-3.3104163776442874e-05
-7.739881766610779e-05,8.628866817161907e-05,-0.00032005303364712745,-0.00019364796753507107,9.429428973817267e-05,9.043897443916649e-05,6.968949128349777e-05,2.3663885258429218e-05,4.674936440096644e-05,0.00013971249063615687,4.026266196888173e-05
-4.270980025466997e-05,8.10641904536169e-06,-4.388076604300295e-05,-1.9928213532693917e-05,2.8448826014937367e-05,3.853629277728032e-05,6.471853339462541e-06,2.690873407118488e-05,-2.3446697923645843e-05,1.7610772829357302e-05,3.8825822912258445e-06
-2.596384729258716e-05,3.174805078742793e-05,-1.72195395862218e-05,8.491777862218441e-06,-1.0236331036139745e-05,-4.282145823708561e-06,-7.66742277846788e-06,6.149773525976343e-06,-3.699215085362084e-07,2.338508102184278e-05,-4.0354741486225976e-06
-7.34853219910292e-05,4.36607460869709e-05,-5.157262057764456e-05,8.745357263251208e-06,8.178448069884325e-06,2.4845023745001527e-05,6.870211109344382e-06,1.333366026301519e-05,-7.087069093358878e-06,3.161192489642417e-05,-5.100358976051211e-06
-4.925718894810416e-05,6.38111143871356e-05,2.2590204025618732e-05,7.488630944862962e-05,-1.8628737507242477e-05,3.874564754369203e-06,-2.1566796931438148e-05,-1.399285793013405e-06,-5.230266378930537e-05,-5.9355515986680984e-06,-1.607197100383928e-05
-0.0001655109881539829,0.00015124270066735335,-3.0571305615012534e-05,9.977922854886856e-05,-2.8106459922128124e-05,-1.6532403606106527e-05,-2.4470130938425427e-05,1.9416223949519917e-05,-4.661878301703837e-05,6.696005948469974e-05,-2.5588145945221186e-05
-6.769911124138162e-05,5.0343474867986515e-05,-4.293546226108447e-05,-4.1935469198506325e-05,1.926716140587814e-05,2.021178079303354e-05,1.0291347280144691e-05,2.890364521590527e-05,-1.899143899208866e-05,3.2125127745530335e-05,1.0418956662761047e-05
-5.31952309756889e-05,6.48611940050614e-05,4.087374691152945e-06,4.4176097617310006e-05,-1.756108304107329e-05,-8.290345249406528e-06,-2.377155806243536e-05,-1.5832190001674462e-05,1.8299269868293777e-05,9.093269909499213e-06,-2.1866793304070598e-05
-2.1741083401138894e-05,9.230166597262723e-06,-9.744613635120913e-06,7.078482667566277e-06,1.1051283308916027e-05,6.16468719272234e-06,7.196494607342174e-06,5.0094618018192705e-06,-1.1059530606871704e-05,2.614760887809098e-07,-3.4468257581465878e-06
-0.00016503279039170593,9.570182737661526e-05,-0.00016801122546894476,-3.405789902899414e-05,6.976282020332292e-05,4.35335241490975e-05,3.523202758515254e-05,5.8890691434498876e-05,1.3579483493231237e-06,3.4510972909629345e-05,2.8112168365623802e-05
-3.5064120311290026e-05,3.099833702435717e-05,-1.3377601135289297e-05,2.1599771571345627e-06,-2.3293818230740726e-05,-1.3564507753471844e-05,-2.830385710694827e-05,2.389381370448973e-05,-1.2255259207449853e-05,8.36979306768626e-05,-1.4890902093611658e-05
-3.0379423151316587e-05,1.4671959206680185e-05,-2.5292259124398697e-05,-1.2960943422513083e-05,1.3646704246639274e-05,1.76791281774058e-05,-1.990752764413628e-06,1.62971059580741e-05,-2.596616468508728e-06,1.708047420834191e-05,-6.155376013339264e-06
-3.3375078601238783e-05,1.5637143633284722e-05,-5.928372148744643e-06,6.059798579372e-06,2.9715079108427744e-06,4.616400474333204e-06,-7.377457222901285e-07,-6.636796570091974e-07,6.970835784159135e-07,5.725543815060519e-06,4.997397184069996e-06
-2.5373236780978914e-05,1.662295630922017e-05,-1.8749492255665245e-05,-5.455327368508733e-06,-7.1277063398156315e-06,-3.8300995583995245e-06,-5.753553750764695e-06,2.3771119685989106e-05,-1.4383122106664814e-05,5.320596847013803e-05,-1.2927505849802401e-05
-3.808576821029419e-06,3.452894452493638e-05,2.7161407558651263e-06,1.3050561619820655e-05,-2.402275367785478e-05,-2.1394201212387998e-05,-1.2283217301956029e-05,-4.721001346297271e-06,-2.730886080826167e-06,3.1205756386043504e-05,-1.2540765510493657e-05
-3.3181467458121006e-06,3.203696724085603e-05,7.470156106137438e-06,8.42333884065738e-06,-1.549464849404103e-05,-1.3931523199062212e-05,-5.103904186398722e-06,-7.209773229988059e-06,-6.670205721093225e-06,1.7738476117301616e-05,-1.3940736550921429e-05
-3.826185002253624e-05,2.536746478654095e-05,-5.000492819817737e-07,1.6173667646057766e-05,1.3472095133693074e-05,2.571571894804947e-05,-1.2411758604002898e-05,2.8150501748314127e-05,-7.945604920678306e-05,1.7693104382487945e-05,4.057157639181241e-06
-2.34387623549992e-05,3.7788074450872955e-05,2.1087456843815744e-05,3.175528581778053e-05,-2.1770699731860077e-05,2.7963320007984294e-05,-5.368928032112308e-05,3.755200862087804e-05,-7.282311253220541e-05,5.9387813962530345e-05,-4.381210851533979e-05
-2.3108617369871354e-05,2.1324377485143486e-05,2.148262979062565e-06,8.92591015144717e-06,4.387488388601923e-06,9.526786925562192e-06,-7.795214514771942e-06,1.0325281323275703e-05,-3.878950883517973e-05,1.4046102478459943e-05,-9.90871740214061e-07
-3.8756797948735766e-05,4.857559179072268e-05,-3.3053701372409705e-05,-1.5345098859143036e-05,-2.0133071302552707e-05,-1.0547552847128827e-05,-1.2330787285463884e-05,2.7707486424333183e-05,-3.1838580071053e-05,0.00010083529559778981,-1.5112783103177208e-05
-1.7216356354765594e-05,4.213567262922879e-05,-8.732360583962873e-06,7.567176908196416e-06,-2.6599186639941763e-05,-1.2398762123666529e-05,-2.6120254915440455e-05,1.5183937421170413e-05,-2.9022963644820265e-05,6.65347670292249e-05,-1.1331673022141331e-05
