Fp1,F7,T7,P7,O1,Fp2,F8,T8,P8,O2,Cpz
-8.2231497799512e-05,-6.370249229803449e-05,7.232556527014822e-07,1.6685873561073095e-05,3.308571831439622e-05,-6.2657438320457e-05,1.3294414202391636e-05,3.0951459052630526e-05,3.734722827175574e-05,4.3136639760632534e-05,3.336684767418774e-05
-2.6501329557504505e-06,-4.575890488922596e-05,-3.108270220764098e-05,-1.3630782177642686e-05,-5.628297458315501e-06,2.400799530732911e-05,6.031474367773626e-05,1.5951155546645168e-05,2.9814825666107936e-06,4.8422680265503e-06,-9.34682634579076e-06
-8.885275383363478e-05,-0.00011944756988668814,-1.7395826944266446e-05,2.102048392771394e-05,4.206056837574579e-05,-5.149241769686341e-05,3.874160893246881e-05,3.951259895984549e-05,3.892552922479808e-05,6.181027856655419e-05,3.5117506172355206e-05
-4.4072257878724486e-06,-2.205921191489324e-05,-2.454052992106881e-05,-3.037418264284497e-05,-1.7697413568384945e-05,1.9162042917741928e-05,6.333213423204143e-05,2.462322936480632e-05,2.041606876446167e-06,7.0918899197636165e-06,-1.7172335901705083e-05
-1.674891791481059e-05,-2.8865756576124113e-05,-9.404915545019321e-06,-2.7679543563863263e-06,-9.004752428154461e-07,2.835440682247281e-08,2.660205791471526e-05,8.132521998049924e-06,6.721224963257555e-06,5.963199328107294e-06,1.1240656476729782e-05
1.0486034511814069e-05,-2.7740478799387347e-05,-1.9452424567134585e-05,-3.093092982453527e-05,-3.0736647204321343e-05,4.174365494691301e-05,6.77730276947841e-05,2.3689328372711316e-05,-6.303987674982636e-06,-1.7648246739554452e-05,-1.0879329863655585e-05
-1.007128958008252e-05,-7.23809839655587e-05,-4.03728483888699e-05,-1.5365052149718395e-05,-8.801969670457765e-06,4.0763619836070575e-05,8.861910828272812e-05,3.0237626560847275e-05,4.990985871700104e-06,1.3521857908926904e-06,-1.89713759937149e-05
-7.092138912412338e-05,-9.55392815740197e-05,-1.351253069969971e-05,7.894053965173953e-06,3.1195419978757855e-05,-3.413265949347988e-05,2.8939474304934265e-05,3.7732519558630884e-05,3.5882478186977096e-05,6.298967127804644e-05,9.472237707086606e-06
-1.9428958694334142e-05,-3.959373316320125e-05,-1.3094954283587867e-05,2.243098151666345e-06,3.8741181924706325e-06,5.41683220944833e-07,3.696573094202904e-05,1.0593612387310714e-05,5.540525307878852e-06,1.968870492419228e-06,1.0390010629635071e-05
-5.6045503697532695e-05,-6.968934030737728e-05,-1.6942907222983195e-05,7.4112631409661844e-06,1.8654901680292824e-05,-2.5894230930134654e-05,2.1967168379433133e-05,2.9050881039438536e-05,3.002022663167736e-05,3.5071225283900276e-05,2.6396313842269592e-05
-1.1653297406155616e-05,-3.3549522413522936e-05,-1.224000152433291e-05,-7.652692147530615e-06,-8.89333023224026e-07,6.220445357030258e-06,2.6975968467013445e-05,7.566973181383219e-06,7.23279663361609e-06,3.4708296539065486e-06,1.4517832823912613e-05
-8.387416528421454e-06,-4.518919342899608e-05,-2.524653700675117e-05,-4.5157993326938595e-06,-1.3337845985006425e-05,8.097269414975017e-06,5.116998727316968e-05,3.398559192646644e-05,1.1532503776834346e-05,-1.2756518117384985e-05,4.647954483516514e-06
1.0915515076703741e-05,-1.476332522543089e-05,-2.9862148494430585e-05,-1.4312125813376042e-05,-1.3523222150979564e-05,1.7456909517932218e-05,2.514962397981435e-05,2.3608853553014342e-05,1.000261249828327e-05,-7.44537516084165e-07,-1.3928155340181547e-05
1.9967481819094246e-06,-1.652128514706419e-05,-1.247428872375167e-05,-3.984288696301519e-06,-1.0013527571572922e-06,2.3199942006613128e-05,3.451976408541668e-05,6.228885922610061e-07,-5.68607390505349e-06,-5.429182692751056e-06,-1.5242872450471623e-05
-8.998167231766274e-06,-4.663306572183501e-05,-1.1790269127232023e-05,-4.84414522361476e-06,-1.205207809107378e-07,1.1149031706736423e-05,3.08933958876878e-05,1.3495756036263629e-05,7.450851398971281e-06,4.484119756398286e-06,4.9130176194012165e-06
-1.1946400263695978e-05,-4.487108799366979e-05,-2.2419658080252702e-05,-1.6898241938179126e-05,-9.331322416983312e-06,1.529944347566925e-05,6.268803372222465e-05,2.319458826605114e-05,7.90265403338708e-06,-1.2990349205210805e-06,-2.318969677617133e-06
-2.9476541158146574e-05,-6.05027762503596e-05,-3.029652543773409e-05,-1.923048591834231e-05,-1.0447122349432902e-05,1.5617105361798167e-05,5.9749159845523536e-05,3.611062584241154e-05,2.1076734583402867e-05,8.370898285647854e-06,9.028924978338182e-06
-1.4576386092812754e-05,-3.707188443513587e-05,-2.0821438937446146e-05,-1.1195817933185026e-05,-6.220089744601864e-06,8.299091632579803e-06,4.614185672835447e-05,1.7930443391378503e-05,9.459851639803674e-06,4.603900805477679e-06,3.450476484090359e-06
-3.232589469348568e-05,-5.213601434661541e-05,-1.5291100680769887e-05,5.412821110439836e-06,7.035875910332834e-06,-6.360554834827781e-06,5.23932212672662e-05,2.578845275280628e-05,1.2663893357967027e-05,1.0417967359899194e-05,-7.5986685033058166e-06
-7.214242941699922e-06,-5.195024823478889e-05,-1.938219384101103e-05,-1.2468198292481247e-05,-7.789650794620684e-06,2.708642296056496e-05,5.7431554296272225e-05,1.694291586318286e-05,3.5014363675145432e-06,-6.449572538258508e-07,-5.5128421081462875e-06
-8.086839443421923e-06,-8.04118171799928e-05,-3.633534288383089e-05,-1.0144682164536789e-05,-7.5967492421114e-06,4.584419912134763e-05,7.823220221325755e-05,2.8157637643744238e-05,9.265042535844259e-06,2.0973711798433214e-06,-2.1021019165345933e-05
-1.7081320947909262e-05,-6.321691580524202e-05,-2.6712029011832783e-05,-3.6669398468802683e-06,-1.4356191968545318e-07,2.679079125300632e-05,3.819635787749576e-05,2.065218814095715e-05,6.895022124808747e-06,2.7052174118580297e-06,1.558119356559473e-05
2.0519726604106836e-05,-2.3134190996643156e-05,-3.961652964790119e-05,-2.905374458350707e-05,-2.4914166601774923e-05,4.880500091530848e-05,7.736461884633172e-05,6.870838660688605e-06,-9.571153213983052e-06,-1.4925680602573266e-05,-1.234471756106359e-05
-2.4931796360760927e-07,-5.106209937366657e-05,-2.6695889914662985e-05,-2.31989524763776e-05,-1.619627641957777e-05,3.3428112146793865e-05,6.502085207671371e-05,2.5153191927529406e-05,1.858832092693774e-06,-6.387345820257906e-06,-1.6711114767531399e-06
-2.3658717509533744e-06,-3.574127094907453e-05,-1.1394620287319412e-05,-5.65566506338655e-06,-9.493778634350747e-07,2.053852449535043e-05,3.825434578175191e-05,9.31179147301009e-06,2.777944700937951e-07,-8.755955605010968e-07,-1.1400054745536181e-05
0.0001059837595676072,-1.0800491509144194e-05,-5.5051139497663826e-05,-5.769692961621331e-05,-5.479472201841418e-05,0.00014383394955075346,9.1124337814108e-05,-1.508612149336841e-05,-4.0693719711271115e-05,-4.712022200692445e-05,-5.9698699033106095e-05
6.770742402295582e-06,-3.702963726937014e-05,-2.5172008463414386e-05,-1.3276877098178375e-05,-9.595150913810357e-06,3.105028281424893e-05,4.0820479625836015e-05,1.1086926519965346e-05,1.7417399362784636e-06,-3.326643877699098e-06,-3.0698558930453146e-06
-9.08709716895828e-06,-2.3768752726027742e-05,-6.4999526330211665e-06,-3.083987849095138e-06,-2.7093597054772545e-06,1.3799058251606766e-06,2.847720134013798e-05,1.442293842046638e-05,4.398696546559222e-06,2.92047843686305e-07,-3.821641257673036e-06
-8.007660653674975e-06,-5.203725231694989e-05,-2.4417195163550787e-05,-1.4131427178654121e-05,-8.509186507410504e-06,2.159870109608164e-05,4.953753523295745e-05,2.3263403818418738e-05,1.1811473314082832e-05,7.277336521838151e-06,-6.3857301881853346e-06
-5.278517164697405e-06,-5.4821619187350734e-05,-2.431575285299914e-05,-1.1374501355021494e-05,-1.1225864000152797e-05,2.4220443265221547e-05,5.9595547895696654e-05,2.2048765572435514e-05,9.191671779262833e-06,-1.2692721611529123e-06,-6.770899062757962e-06
-1.7540824501338648e-05,-3.1972738725016825e-05,1.523515038570622e-07,8.819461072562262e-07,-4.961648301105015e-07,4.417072375417774e-06,3.306891267129686e-05,2.0539133402053267e-05,-1.5093908132257638e-06,-3.8119633245514706e-06,-3.728333581420884e-06
1.502704617450945e-05,-3.289068445155863e-05,-3.0395519388548564e-05,-2.1035922145529184e-05,-2.129391759808641e-05,4.63407604911481e-05,6.542284063471016e-05,8.298158718389459e-06,-7.755998922220897e-06,-9.56647636485286e-06,-1.2150284078416007e-05
-3.87294230677071e-05,-7.474401718354784e-05,-1.105455396555044e-05,3.399386514502112e-06,4.296923293622967e-06,1.2839346709370147e-05,6.0310062508506235e-05,2.8160052352177445e-05,1.1314466064504813e-05,1.1060947144869715e-05,-6.8531878696376225e-06
-2.8152808226877823e-05,-4.4258257730689365e-05,-2.9290758902789094e-06,6.625144123972859e-06,8.976376193459146e-06,-7.450493285432458e-06,1.5640711353626102e-05,1.276492071156099e-05,1.3401424439507537e-05,1.152891945821466e-05,1.3853136351826834e-05
-6.51090158498846e-06,-3.769963700506196e-05,-1.330993472947739e-05,-1.2369937394396402e-05,-1.1325842933729291e-05,3.77693613700103e-05,5.5993717069213744e-05,7.590296263515484e-06,-5.278277058096137e-06,-6.6734792198985815e-06,-8.185358638002072e-06
-2.0932251572958194e-05,-4.1172821511281654e-05,-1.4820254250480502e-05,-5.278143135001301e-06,-7.833717063476797e-06,1.2470831052269205e-05,5.834814854921433e-05,2.329624703634181e-05,3.4627528293640353e-06,-3.749631105165463e-06,-3.7911590879957657e-06
-4.755138979817275e-05,-7.440274021064397e-05,-2.4648243424962857e-05,-7.151138561312109e-07,1.1169214303663466e-05,-7.558164725196548e-06,5.0646594900172204e-05,2.5552647457516287e-05,2.470040510615945e-05,1.8372640624875203e-05,2.443415178277064e-05
-1.0097237463924102e-05,-2.7031765512219863e-05,-3.1320723792305216e-07,-1.367163349641487e-06,-5.018375304643996e-06,1.769165555742802e-05,4.020887081424007e-05,8.599168722867034e-06,-4.104711479158141e-06,-2.5019753593369387e-06,-1.6065256886577117e-05
2.6540712497080676e-05,-3.902292883140035e-05,-3.2327070584869944e-05,-1.9872948655574874e-05,-1.107341540773632e-05,6.794542969146278e-05,5.6712569858063944e-05,-7.808241207385436e-06,-1.7982615531764168e-05,-1.1472159712866414e-05,-1.163933029602049e-05
-3.491987536108354e-05,-5.239712959337339e-05,-1.0169069071253034e-05,8.33756064366753e-06,9.112236057262635e-06,-1.2796585110663727e-05,2.3855233848735224e-05,2.1052179363323376e-05,1.2679460724029923e-05,1.401314648319385e-05,2.1232843209872954e-05
-5.312506982591003e-05,-0.00014141137990009156,-4.465932170205633e-05,-6.534402018587571e-06,9.408554433321115e-07,2.7117543140775524e-05,0.00012904876530228648,4.400163250650735e-05,1.992797433558735e-05,1.3533039691537851e-05,1.1160358553752303e-05
-1.3390411368163768e-05,-4.934403295919765e-05,-2.402811878710054e-05,-1.142512701335363e-06,4.102530510863289e-07,9.999923349823803e-06,3.0386374419322237e-05,1.4962039983856812e-05,9.079391020350158e-06,9.913816029438749e-06,1.3153272561794438e-05
1.0062802175525576e-05,-8.828551835904364e-05,-4.538743223747588e-05,-2.95045536518046e-05,-1.822916055971291e-05,7.849326539144386e-05,0.0001180556500912644,1.9539459572115447e-05,-4.566597681332496e-06,-1.36940411721298e-05,-2.6483878173166886e-05
-1.91973231267184e-06,-3.56475820808555e-05,-2.29434845095966e-05,-1.325167886534473e-05,-1.0362329703639261e-05,2.113707705575507e-05,3.866684005515708e-05,1.5288165286619915e-05,8.223664735851344e-06,4.576516403176356e-06,-3.767454472836107e-06
-2.6003235689131543e-06,-2.8398901804393972e-05,-1.2236716429470107e-05,2.4014916562009603e-06,2.1445889615279157e-06,1.375482497678604e-05,2.1145189748494886e-05,8.141800094563223e-06,4.861700290348381e-06,5.181806045584381e-06,-1.4395458038052311e-05
-1.972706741071306e-05,-3.58309771399945e-05,-1.5315727068809792e-05,-4.180827090749517e-06,4.537163476925343e-06,-1.8241989891976118e-06,2.016701182583347e-05,1.822062199607899e-05,1.2066033377777785e-05,9.429704732610844e-06,1.2458271157811396e-05
-8.24666494736448e-06,-4.9284992201137356e-05,-2.5250668159060297e-05,-4.427827661857009e-06,-1.8081263988278806e-06,2.8000467864330858e-05,6.644473069172818e-05,1.3380961718212347e-05,-3.314104105811566e-06,-3.5709076655621175e-06,-1.1922867088287603e-05
-1.8092436221195385e-05,-3.164498230034951e-05,-8.87684836925473e-06,-2.3706888896413147e-06,-1.2714008335024118e-07,-4.651476047001779e-06,2.5793701752263587e-05,1.5353962226072326e-05,7.631614607817028e-06,5.926316589466296e-06,1.105797946365783e-05
-4.301844001020072e-05,-3.5022840165765956e-05,-1.0143619419977767e-05,-4.178502074125845e-06,1.9781964510912076e-06,-2.6748510208562948e-05,3.709145403263392e-05,2.979520604640129e-05,2.1276391635183245e-05,1.9208961248295964e-05,9.761701676325174e-06
-2.4332150132977404e-05,-5.041599342803238e-05,-9.597628604751662e-06,5.2929863159079105e-08,9.170636985800229e-06,5.311048880685121e-07,3.1310381473304005e-05,9.025098734127823e-06,4.932332558382768e-06,7.5313264460419305e-06,2.1791961444250774e-05
-2.63467627519276e-05,-7.833968629711308e-05,-2.8877783734060358e-05,2.506703772997554e-06,8.11775635156664e-06,1.2876495475211414e-05,4.3520372855709866e-05,1.943508868862409e-05,1.5917199561954476e-05,1.2682223768933909e-05,1.8508395896787988e-05
1.3397524526226334e-05,-3.023101635335479e-05,-2.189985457334842e-05,-1.3274944649310783e-05,-1.3338283679331653e-05,3.2696589187253267e-05,5.520032027561683e-05,6.590844350284897e-06,-1.0046329407487065e-05,-1.355251697532367e-05,-5.5423333833459765e-06
1.6335718100890517e-05,-8.649415758554824e-05,-5.0350707169855013e-05,-2.894404678954743e-05,-2.4146182874051902e-05,7.219611688924488e-05,9.902290275931591e-05,2.1661287973984145e-05,-4.508976417127997e-06,-6.859815584903117e-06,-7.912135060905712e-06
-1.79549624590436e-05,-5.325819665813469e-05,-2.727749233599752e-06,5.839794539497234e-06,8.73951660196326e-06,4.541338057606481e-06,1.6280941053992137e-05,1.4295750474957458e-05,1.081822347259731e-05,8.779868380770495e-06,4.6454783841909375e-06
-1.1780404747696593e-05,-2.9523554076149594e-05,-1.9973482267232612e-05,-1.3923097412771313e-05,-4.873736543231644e-06,1.7056745491572656e-05,4.743226782011334e-05,3.081086083511764e-05,4.444113073986955e-06,-1.8984228518093005e-06,-1.7771289549273206e-05
-7.69468010730634e-05,-0.0001016555097521632,-1.6410145690315403e-05,1.6484284969919827e-05,2.027612072197371e-05,-2.9557114430645015e-05,9.000161935546203e-05,4.6373957616197004e-05,2.5815676508500474e-05,2.679684575923602e-05,-1.1789352356572635e-06
2.6386851459392346e-06,-7.212493437691592e-05,-4.08164594318805e-05,-9.638257324695587e-06,-4.289439857529942e-06,5.455824953060073e-05,7.471426579286344e-05,1.213913674291689e-05,-9.338104973721784e-07,-8.332727929882822e-06,-7.914712114143185e-06
-9.941356597664708e-05,-0.00011028977405658225,-1.1686219806961162e-05,1.755224957378232e-05,1.7169244529213756e-05,-3.34481355821481e-05,7.309274269573507e-05,5.409456480265362e-05,3.936598773179867e-05,3.195295494151651e-05,2.1609949271805817e-05
-3.7595618778141215e-05,-6.819242844358087e-05,-2.64531054199324e-05,-2.7770518897796137e-06,7.629103880191224e-06,4.380873690479348e-06,5.446600334835239e-05,3.429029311519116e-05,1.9048107787966728e-05,1.8057761053569266e-05,-2.853930254786974e-06
-1.6287183825625107e-05,-3.9215625292854384e-05,-1.6370758203265723e-05,-2.0367779143271036e-06,-5.564579623751342e-07,9.360519470646977e-08,2.2309576479528914e-05,1.797789809643291e-05,1.3985961231810506e-05,8.62879187479848e-06,1.1470969184301794e-05
-6.83805110384128e-05,-8.179739779734518e-05,-1.0610607432681718e-05,1.468850314267911e-06,1.1153260857099667e-05,-2.4509466584277106e-05,6.378621128533268e-05,4.712788299343629e-05,3.242250369339672e-05,2.2073131276556524e-05,7.266145075845998e-06
-5.137367224961054e-06,-2.7839669201057404e-05,-1.1444345545896795e-05,-3.586980483305524e-06,-3.742220940239349e-06,7.873038839534274e-06,2.4154126549547072e-05,1.1101587915618438e-05,5.060648391008726e-06,1.1811471267719753e-06,2.380033720328356e-06
-9.408620826434344e-06,-4.1825796870398335e-05,-2.5777007977012545e-05,-1.5177571185631678e-05,-9.003699233289808e-06,2.154408866772428e-05,5.9325895563233644e-05,2.7694015898305224e-05,5.35440631210804e-06,1.998741936404258e-07,-1.2925591363455169e-05
-2.4090687929856358e-05,-5.413204144133488e-05,-1.9647411590995034e-05,-1.1630567541942582e-05,-3.841311524865887e-06,2.0021991076646373e-05,5.3294095778255723e-05,2.672098344191909e-05,1.1923837973881746e-05,9.664147455623606e-06,-8.283032229883247e-06
1.1503354471642524e-05,-5.110474921821151e-05,-2.9112699849065393e-05,-1.61447233040235e-05,-1.0784928235807456e-05,4.203516255074646e-05,5.16702907589206e-05,1.0725913966780354e-05,1.3492026482708752e-06,-3.153867510263808e-06,-6.982949571465724e-06
-6.251096056075767e-05,-5.617345777864102e-05,5.633433829643764e-06,2.00516551558394e-05,2.559068161644973e-05,-4.8569723730906844e-05,1.914029780891724e-05,3.472239586699288e-05,2.514990046620369e-05,2.2785414330428466e-05,1.4180357538862154e-05
2.1299092622939497e-06,-4.238251676724758e-05,-3.3284280107181985e-05,-2.1571230035988265e-05,-1.4018731462783762e-05,4.107430322619621e-05,6.57380423945142e-05,1.866507500380976e-05,-6.940099410712719e-07,-3.020901885975036e-06,-1.2635657185455784e-05
-6.508555088657886e-06,-3.4156132642237935e-05,-1.27199491544161e-05,-3.7274676287779585e-06,-8.379283826798201e-07,6.614311132580042e-06,2.5703600840643048e-05,1.3015042895858642e-05,8.148216693371069e-06,3.306417511339532e-06,1.162439730251208e-06
7.979472775332397e-05,-3.3174654163303785e-05,-6.574960025318433e-05,-5.4395265578932595e-05,-4.463427137579856e-05,0.00012402467291394714,7.654600085515995e-05,-1.8962833358671105e-05,-2.9991888823133195e-05,-3.029371418961091e-05,-3.1631780075258575e-06
3.6201845432515256e-05,-7.955754699651152e-05,-6.869960452604573e-05,-3.780859736934872e-05,-3.502733488858212e-05,9.848420086200349e-05,0.00011444618576206267,1.2568347301566973e-05,-7.818101039447356e-06,-1.6268720173684414e-05,-1.6520674762432463e-05
-3.366536111570895e-05,-4.0439328586217016e-05,-7.1928807301446795e-06,9.334795322502032e-06,1.0513464076211676e-05,-1.2357304512988776e-05,2.0658289940911345e-05,1.0254130756948143e-05,1.3558219507103786e-05,1.473922202421818e-05,1.4596746041206643e-05
-3.729457966983318e-05,-4.973130819507787e-05,-1.1231753887841478e-05,6.924092303961515e-07,7.3901628638850525e-06,-2.654480340424925e-06,4.12305553254555e-05,2.0005951228085905e-05,1.4675339116365649e-05,1.260389581148047e-05,4.313815225032158e-06
-4.887587328994414e-05,-3.0288992434179818e-05,1.4357898180605844e-05,9.61228579399176e-07,9.409074664290529e-06,-3.3933782106032595e-05,2.0268555090297014e-05,2.6958445232594386e-05,1.516257225375739e-05,1.2983361102669733e-05,1.2997515113966074e-05
-8.13180668046698e-05,-4.4932079617865384e-05,2.0983028207410825e-05,3.0316390166262863e-05,3.195913222953095e-05,-6.488596409326419e-05,7.233900760184042e-06,3.082931107201148e-05,2.7873308340531366e-05,2.7100113584310748e-05,1.4840929338788555e-05
-5.016973318561213e-05,-7.980338159541134e-05,-1.7567446775501594e-05,6.894421858305577e-06,1.2292454186990653e-05,-1.4067146366869565e-05,6.563240458490327e-05,3.373352274138597e-05,2.0666600448748795e-05,1.698498545010807e-05,5.4033166634326335e-06
4.4815842557e-06,-1.9679631805047393e-05,-2.1789454876852687e-05,-1.3700603403776768e-05,-1.2271343166503357e-05,2.3294924176298082e-05,5.201300928092678e-05,1.3380934433371294e-05,-3.513629053486511e-06,-9.70857195170538e-06,-1.250721788892406e-05
-8.096084275166504e-05,-6.194613433763152e-05,5.563471688674326e-06,2.3779153707437217e-05,3.063547319470672e-05,-5.736279672419187e-05,3.3634219903433404e-05,3.6968431231798604e-05,3.066847057198174e-05,2.771199342532782e-05,1.1308562534395605e-05
1.52892098412849e-05,-4.1859027987811714e-05,-2.2421604853661847e-05,-2.4168428353732452e-05,-2.3076454453985207e-05,4.206217636237852e-05,5.659910129907075e-05,2.2065625671530142e-05,3.684815965243615e-06,-1.0447978638694622e-05,-1.772743689798517e-05
-1.2603512004716322e-05,-4.833037564822007e-05,-1.788505824151798e-05,-1.110652374336496e-05,-7.669836122659035e-06,1.4148590707918629e-05,4.947501020069467e-05,2.2543799275354104e-05,8.324878763232846e-06,1.907681507873349e-06,1.1953425200772472e-06
6.3738416429259814e-06,-3.773149728658609e-05,-2.3022759705781937e-05,-2.0857027720921906e-05,-1.5124315723369364e-05,3.7782408981001936e-05,5.99493096160586e-05,1.5117157317945384e-05,-8.555822660127888e-06,-9.78184667133064e-06,-4.149444635004329e-06
1.541382516734302e-06,-5.061501360614784e-05,-2.936447435786249e-05,-2.3462759372705477e-05,-1.1793790690717287e-05,4.5903007048764266e-05,8.091650306596421e-05,1.5060544683365151e-05,-6.893741556268651e-06,-8.010599231056403e-06,-1.3281058727443451e-05
-1.4175134765537223e-05,-3.4431100630172295e-05,-3.5232806112617254e-06,3.7621258002218383e-06,3.7059066926303785e-07,3.7268173684879002e-06,1.2256914942554431e-05,1.3674042008915421e-05,7.637767794221872e-06,4.559519993563299e-06,6.141738140286179e-06
1.1640360298770247e-05,-1.2028874152747449e-05,-1.5590655948471976e-05,-1.6764965948823374e-05,-1.3053863540335442e-05,2.9451464797602966e-05,4.2232588384649716e-05,4.338125336289522e-06,-8.88217198280472e-06,-7.437726310399739e-06,-1.3904280422138982e-05
-2.7998856239719316e-05,-0.00011916466246475466,-5.258928194962209e-05,-1.1155132597195916e-05,7.697599357925355e-07,6.128520544734783e-05,9.659147644924815e-05,2.1869601823709672e-05,1.1248733244428877e-05,1.0374262274126522e-05,8.768888619670179e-06
1.131490330408269e-05,-1.5216818155749934e-05,-1.997113372453896e-06,-3.9669334910286125e-06,-5.101795977680013e-06,1.8251505935040768e-05,2.4590273369540228e-05,-2.5001679659908405e-07,-6.989195298956474e-06,-7.23354060028214e-06,-1.3401268660118149e-05
-7.705933967372403e-06,-3.462691529421136e-05,-1.386622375321167e-05,2.0403949747560546e-06,7.189109965111129e-07,5.071458872407675e-06,1.2788790627382696e-05,1.3926928318142018e-05,7.1139863848657114e-06,4.3922059376200195e-06,1.014639565255493e-05
-3.244819072278915e-05,-6.508809565275442e-05,-2.4611239496152848e-05,-7.694151008763583e-06,3.666091743070865e-06,3.648425490609952e-07,5.914000030315947e-05,3.143641424685484e-05,1.9252507286182663e-05,1.413101304592601e-05,1.8508118273530272e-06
-2.2257750970311463e-05,-3.287860090495087e-05,-4.980370249541011e-07,-9.549489732307848e-07,1.7245010894839652e-06,1.8903551790572237e-06,3.285618140580482e-05,1.8248001424581162e-05,7.1355566433339845e-06,3.336525878694374e-06,-8.601783520134632e-06
-5.5783129937481135e-06,-9.261927743864362e-05,-5.155952021596022e-05,-2.0545052393572405e-05,-8.012129455892136e-06,6.247644159884658e-05,9.609346534489305e-05,1.8713066310738213e-05,7.313560217880877e-06,1.8101111436408246e-06,-8.092354960353987e-06
-9.749412129167467e-06,-2.3744836425976246e-05,-1.0303681847290136e-05,-6.1468017520383e-06,-2.745160600170493e-06,1.163954584626481e-05,2.898920592997456e-05,8.931254342314787e-06,6.043497705832124e-06,4.00933095079381e-06,-6.922936336195562e-06
-8.431912647210993e-06,-2.686782318050973e-05,-1.936565968208015e-05,-1.319832688295719e-05,-5.073912006992032e-06,1.1410298611735925e-05,3.6451445339480415e-05,1.637541527088615e-05,4.231777438690187e-06,1.1986658137175255e-06,3.270033630542457e-06
-1.4610850485041738e-06,-6.215408666321309e-05,-2.9209722015366424e-05,-1.883811182779027e-05,-1.4866753190290183e-05,4.845224611926824e-05,8.425604346484761e-05,2.0011481865367386e-05,-3.7460819442003412e-06,-5.68131463296595e-06,-1.676261990724015e-05
-4.936938239552546e-06,-4.7108231228776276e-05,-2.8707383535220288e-05,-1.1026981383110979e-05,-3.884683792421129e-06,2.307863678652211e-05,5.1687113227671944e-05,2.2900145268067718e-05,1.0783578090922674e-05,-7.2220291258418e-07,-1.2063049780408619e-05
-1.2822054486605339e-05,-4.666764198191231e-05,-1.184784605356981e-05,-8.165788585756673e-06,-1.3233631761977449e-05,2.1475057565112365e-05,5.053363838669611e-05,2.4465118258376606e-05,9.490796401223633e-06,-4.646665274776751e-06,-8.580980363603885e-06
2.734326699282974e-06,-1.9355101358087268e-05,-1.0594358400339843e-05,-1.2598820376297226e-05,-1.2377145139907952e-05,3.060069684579503e-05,4.679670928453561e-05,1.06724519355339e-05,-6.322566150629427e-06,-8.312685167766176e-06,-2.124350612575654e-05
4.892405286227586e-06,-1.0909665434155613e-05,-1.5121245269256178e-05,-1.0864815067179734e-05,-8.717517630429938e-06,1.9110840185021516e-05,2.89935360342497e-05,4.438280484464485e-06,-1.8369646568316966e-06,-3.5389412005315535e-06,-6.445912845265411e-06
8.125294698402286e-06,-1.3880806363886222e-05,-2.3640192239327007e-05,-2.2471305328508606e-05,-1.795777563984302e-05,2.51297011573115e-05,5.4197523240873124e-05,2.1263648704916704e-05,-1.6895064618438482e-06,-8.087215064733755e-06,-2.0989367612855858e-05
-7.22699969628593e-05,-0.00011853758405777626,-3.543032562447479e-05,-2.8455406209104694e-07,1.2285134175726853e-05,-3.724096131918486e-06,9.381613926962018e-05,4.823818562726956e-05,3.0392845019378e-05,2.8020287572871894e-05,1.7493966879555956e-05
-1.0743407983682118e-05,-7.095246292010415e-05,-3.203896903869463e-05,-2.0076610326213995e-05,-1.4307747278508032e-05,5.1821569286403246e-05,9.043978661793517e-05,2.2931955754756927e-05,-1.671094651101157e-06,-3.684384864754975e-06,-1.1718639598257141e-05
-3.45455264323391e-05,-5.248814159131143e-05,-6.301018402155023e-06,6.79503136780113e-06,2.2848580556456e-06,-8.810890903987456e-06,4.741385873785475e-05,3.244824952730596e-05,1.1459877896413673e-05,5.67060305911582e-06,-3.926907083950937e-06
-8.909351890906692e-05,-0.00013145519187673926,-2.4857980861270335e-05,7.986796163095278e-06,2.1145840037206654e-05,-8.215228490371373e-06,0.00011859044025186449,6.069074515835382e-05,2.9796809940307867e-05,2.327157199033536e-05,-7.860283176341909e-06
-2.4612141714897007e-05,-4.670912312576547e-05,-1.548858494970773e-05,2.480986040609423e-06,5.227255314821377e-06,4.559909939416684e-06,3.672745879157446e-05,1.977167630684562e-05,1.5693582099629566e-05,8.916595106711611e-06,-6.567612217622809e-06
-8.553010820833151e-05,-0.00012913764476252254,-3.016913524334086e-05,1.3311528164194897e-06,1.3910541383665986e-05,4.101873855688609e-06,0.0001000988959276583,4.987841566617135e-05,3.2546577685366174e-05,3.316366746730637e-05,9.80576533038402e-06
-1.2098044408048736e-05,-8.886969669674727e-05,-5.251852712717664e-05,-2.9644608048329246e-05,-1.7640952137298882e-05,5.4207645007409155e-05,0.0001352322069578804,2.7817077807412716e-05,-4.346514742792351e-06,-1.1229287565583945e-05,-9.09307345864363e-07
-1.387402880936861e-05,-3.7141340726520866e-05,-2.171193966660212e-05,-8.009314115042798e-06,1.3931639841757715e-07,7.63868956710212e-06,2.04979060072219e-05,1.8111124518327415e-05,1.810224785003811e-05,6.137586751719937e-06,1.0109747563546989e-05
-6.282578215177637e-05,-5.646392310154624e-05,8.052722250795341e-06,1.953613627847517e-05,2.321852844033856e-05,-3.781500527111348e-05,4.2172163375653327e-05,3.7989240809110925e-05,1.930853250087239e-05,2.1146778635738883e-05,-1.4319392676043208e-05
-8.906951188691892e-05,-0.00011046070903830696,-2.6011870886577526e-05,1.4815507711318787e-05,3.2843718599906424e-05,-4.690022751674405e-05,6.369122729665833e-05,5.692797276424244e-05,4.6276289140223525e-05,4.516475928539876e-05,1.272284521292022e-05
-1.8581388303573476e-05,-3.472744811006123e-05,-1.8659678971744142e-05,-7.450425755450851e-06,-7.111588047337136e-07,5.764664138041553e-06,4.30962500104215e-05,2.219495490862755e-05,9.275597221858334e-06,8.423097682452863e-06,-8.624461315775989e-06
-7.764942711219192e-05,-7.321176144614583e-05,-9.134878382610623e-06,1.625636321023194e-05,2.6368938051746227e-05,-4.330264073360013e-05,3.882465171045624e-05,3.7000378824814106e-05,3.348130121594295e-05,3.5251074223197065e-05,1.6116002399257923e-05
-1.0893870580730436e-05,-3.741075488505885e-05,-1.836846377045731e-05,-1.0824926903296728e-05,-6.949544740564306e-06,1.7244680293515557e-05,4.274948059901362e-05,1.9866847651428543e-05,5.58879673917545e-06,1.980990418815054e-06,-2.9832317522959784e-06
-2.9570076549134683e-05,-4.837506367039168e-05,-2.1592941493508988e-05,-1.0573457529972075e-05,-4.512237865128554e-06,1.0443609426147304e-05,4.942102013671956e-05,2.785250126180472e-05,1.1130846587548149e-05,4.5018383190154054e-06,1.1273961391111698e-05
-1.9505112504702993e-05,-3.5942799513577484e-05,-1.863158558990108e-05,-4.170629154032213e-06,5.95270694248029e-06,1.6869325918378308e-06,2.6616244213073514e-05,1.2680265172093641e-05,1.3041460078966338e-05,9.148459184871172e-06,9.12406062525406e-06
-3.287397009898996e-05,-4.303189689380815e-05,-1.0548907994234469e-05,8.477531309836195e-06,9.62851208896609e-06,-1.4995309356891084e-05,1.7594883047422627e-05,1.888223778223619e-05,1.6092438386294816e-05,1.3457292425300693e-05,1.7317189133336797e-05
-4.7351695684483275e-06,-1.9695193259394728e-05,-1.8967412501069703e-05,-1.4363553873408819e-05,-8.168182944245928e-06,1.4941693279979518e-05,3.522686711221468e-05,1.2812413842766546e-05,5.910250820306828e-06,5.192923708818853e-07,-3.481005933281267e-06
-3.2752175684436224e-05,-5.3068395573063754e-05,-1.8841342580344644e-05,3.7826521293027326e-07,1.0576262866379693e-05,-1.2798336683772504e-06,4.5158847569837235e-05,2.9168169476179173e-05,1.7985565136768855e-05,1.3759181456407532e-05,-1.1084544894401915e-05
-3.954811654693913e-05,-5.855904964846559e-05,-1.5104798876564018e-05,4.079372956766747e-06,6.2474337028106675e-06,-5.388035788200796e-06,5.814467658638023e-05,1.836978208302753e-05,9.308514336225926e-06,8.730447063953761e-06,1.3719774926812534e-05
5.2533425332512707e-05,2.63269612332806e-06,-2.308796774741495e-05,-3.393122460693121e-05,-3.301530705357436e-05,7.615429058205336e-05,5.398685789259616e-05,-1.1001558959833346e-05,-2.826849595294334e-05,-3.113068305538036e-05,-2.4872033463907428e-05
-5.434055856312625e-05,-5.706048432330135e-05,-2.2033873392501846e-05,-4.085311957169324e-06,1.5616024029441178e-07,-1.5225443348754197e-05,6.750213833583985e-05,3.518223184073577e-05,1.8934596482722554e-05,1.571938264532946e-05,1.5251167496899143e-05
6.736187060596421e-06,-3.024263605766464e-05,-3.422000645514345e-05,-3.4014644370472524e-05,-2.7050237122239196e-05,5.149658727532369e-05,8.697648445377126e-05,1.946255818552345e-05,-3.288619154773187e-06,-9.608508662495296e-06,-2.6247171973636796e-05
1.2614844308700413e-05,-1.4433083379117306e-05,-2.568255331425462e-05,-2.0504285203060135e-05,-1.163011256721802e-05,2.2404376068152487e-05,3.472392199910246e-05,4.511502993409522e-06,-5.271576810628176e-07,-4.0944069041870534e-06,2.6169527700403705e-06
-7.10455969965551e-05,-0.00011346948303980753,-1.4720013041369384e-05,1.5692889519414166e-05,2.2976086256676354e-05,-2.1831827325513586e-05,4.3755265323852655e-05,4.3469355659908615e-05,3.6517005355563015e-05,3.099525565630756e-05,2.7661068088491447e-05
-1.4659112821391318e-05,-3.874451522278832e-05,-1.620918101252755e-05,-3.1222525649354793e-06,1.8180726328864694e-06,5.056364898337051e-06,3.634197173596476e-05,1.7277915048907744e-05,5.943038104305742e-06,4.042792170366738e-06,2.2549047571374103e-06
-3.2171655220736284e-05,-3.706040479301009e-05,-1.106989407162473e-05,-5.679814421455376e-06,1.968282049347181e-06,-4.736997652798891e-06,4.0158558022085344e-05,2.8283907340664882e-05,1.3363581388148305e-05,1.3029821957388776e-05,-6.0853822105855215e-06
-7.297621777979657e-07,-2.886109632527223e-05,-2.4649090846651234e-05,-1.3971742902185724e-05,-6.4482323978154454e-06,2.3448212232324295e-05,4.2865797695412766e-05,1.1613887181738392e-05,6.038480933057144e-07,-2.185962330258917e-06,-1.6858571143529844e-06
-2.3835827050788794e-05,-2.5958471496778657e-05,-5.084708547542505e-06,2.016429789364338e-06,6.542394658026751e-06,-8.283665010822006e-06,1.9524258732417366e-05,1.0967660273308866e-05,8.26450195745565e-06,1.0399540769867599e-05,5.447885087050963e-06
-1.2370196600386407e-05,-2.6067244107252918e-05,-1.3640075849252753e-05,-1.0855249911401188e-05,-1.1295857575532864e-05,4.718208401754964e-06,3.227813067496754e-05,1.6565757505304646e-05,9.768625659489771e-06,3.003931169587304e-06,7.893968358985148e-06
-0.00015462556984857656,-0.00011912152876902837,-4.618016191670904e-06,3.6679079585155705e-05,5.029646786169906e-05,-9.919996955431998e-05,6.795830631745048e-05,6.303442114585778e-05,5.486832537826558e-05,5.862551529389748e-05,4.61029704865723e-05
-7.54610009607859e-05,-5.034404603065923e-05,-7.718699635006487e-07,1.629644430067856e-05,2.9095721401972696e-05,-5.152998710400425e-05,2.5581650334061123e-05,4.291085178920184e-05,3.0198500098777004e-05,2.6845505999517627e-05,7.178232408477925e-06
-6.81862911733333e-06,-7.115970402082894e-05,-3.8389922792703146e-05,-2.517465441087552e-05,-2.0580965838234988e-05,5.4959326234893524e-05,8.676840479893144e-05,2.0023222390364026e-05,3.5736984500545077e-06,-2.530688561819261e-06,-6.700893209199421e-07
-3.83007682103198e-06,-3.652185114333406e-05,-2.4144190319930203e-05,-8.431014066445641e-06,1.4613251551054418e-06,2.726992534007877e-05,4.194979555904865e-05,1.045914336827991e-05,7.838016244932078e-07,6.848531484138221e-07,-9.681711617304245e-06
-1.697753759799525e-05,-5.087745012133382e-05,-2.5647579604992643e-05,-1.6190277619898552e-05,-1.0298721917934017e-05,3.099193327216199e-05,8.254744943769765e-05,2.328402661078144e-05,-2.6255693228449672e-06,-6.128214408818167e-06,-8.078062819549814e-06
-0.00010790529995574616,-0.00011109077604487538,-9.833272997639142e-06,2.3267243705049623e-05,3.1651348081140895e-05,-6.066301102691796e-05,7.776567508699372e-05,4.5284294174052775e-05,3.5805775951303076e-05,3.6983026802772656e-05,3.873499281326076e-05
-3.009773718076758e-05,-3.381659553269856e-05,-1.353861989628058e-05,-6.227983249118552e-06,-4.514350621320773e-06,-4.044359229737893e-06,6.662562168457953e-05,1.744447581586428e-05,3.1651889003114775e-06,2.6939160306937993e-06,2.310448508069385e-06
9.7833890322363e-06,-7.572820868517738e-05,-5.51278708371683e-05,-3.859804974126746e-05,-3.077694350395177e-05,6.701282109133899e-05,0.0001335068664047867,2.6352548047725577e-05,-7.314319191209506e-06,-1.3635582035931293e-05,-1.5474641713808523e-05
-5.1473432904458605e-05,-9.138132736552507e-05,-2.6993062874680618e-05,3.4360764402663335e-06,1.3150454833521508e-05,-3.7280333344824612e-06,5.697409505955875e-05,3.623491511461907e-05,2.688775657588849e-05,2.4076569388853386e-05,1.2815979516744846e-05
-6.275149644352496e-07,-1.6474982658110093e-05,-1.2510843589552678e-05,-1.4676152204629034e-06,-4.708599590230733e-07,1.5013210941106081e-05,3.083750561927445e-05,5.23212474945467e-06,-3.6244946386432275e-06,-2.7981768653262407e-06,-1.3108348866808228e-05
4.1945953853428364e-05,-3.7644198528141715e-05,-4.1375944874744164e-05,-4.074983587543102e-05,-3.6720477964991005e-05,8.52184061841399e-05,8.844843432598282e-05,3.880890290020034e-06,-1.3914213923271745e-05,-2.274396229040576e-05,-2.6345053811382968e-05
2.848408985300921e-05,-2.4280289153466583e-05,-3.27435955114197e-05,-4.344754097473924e-05,-4.254507939549512e-05,8.827675446809735e-05,8.980926213553175e-05,1.1798851119237952e-05,-2.1192475287534762e-05,-3.525881106725137e-05,-1.8901162718520936e-05
-2.4301210942212492e-05,-3.95959650631994e-05,-1.6954601960605942e-05,-1.4719366390636424e-05,-1.041874247675878e-05,5.0089693104382604e-06,5.7705277868080884e-05,2.1866155293537304e-05,7.66312859923346e-06,3.175620804540813e-06,1.057073484389548e-05
-3.763518179766834e-05,-4.37507733295206e-05,-1.817981592466822e-05,-1.1454064861027291e-05,1.5601926861563697e-07,-1.7796537576941773e-06,5.7860790548147634e-05,3.416691379243275e-05,1.8987677322002128e-05,9.41914004215505e-06,-7.791048176386539e-06
-6.903929534018971e-05,-6.768280763935763e-05,-1.1153224477311596e-05,1.6175647033378482e-05,2.726059847191209e-05,-3.4430926461936906e-05,2.634126394696068e-05,2.582117394922534e-05,2.8802824999729637e-05,2.9531668587878812e-05,2.837308420566842e-05
-2.2504355001728982e-07,-3.519750498526264e-05,-2.8839384413004154e-05,-2.059099369944306e-05,-1.0564351043740317e-05,2.8462489353842102e-05,4.7592107875971124e-05,1.9328768757986836e-05,3.712458124027762e-06,-1.8835644652881456e-06,-1.7949810171558056e-06
-3.3357493521180004e-05,-5.149213757249527e-05,-1.5454573713213904e-05,-6.624077173000842e-06,-1.414974576618988e-06,-2.616658093756996e-06,4.788114165421575e-05,2.6265181077178568e-05,1.34751735458849e-05,7.094023203535471e-06,1.6244398011622252e-05
-7.442041896865703e-05,-5.8582107158144936e-05,4.691040885518305e-06,1.729341647660476e-05,2.3568328288092744e-05,-5.34601913386723e-05,2.23730894504115e-05,3.253048907936318e-05,2.9256593734316994e-05,3.0148698897392023e-05,2.6601064291753573e-05
5.589360625890549e-05,-2.9737649583694292e-05,-4.245953186909901e-05,-3.61571355824708e-05,-3.3808771149779204e-05,9.461188165005296e-05,5.5834048453107243e-05,-5.605364322036621e-06,-1.838128764575231e-05,-2.9191090106905904e-05,-1.0998706784448586e-05
-4.0293629353982396e-05,-4.4724021790898405e-05,-2.0336879970273003e-05,-1.264537604583893e-05,3.0977562346379273e-06,-8.048995368881151e-06,6.263483555812854e-05,3.4794594284903724e-05,1.8805239960784093e-05,1.5098590665729716e-05,-8.382111218452337e-06
-2.633399935803027e-05,-5.4924019423197024e-05,-1.3527736427931814e-05,-9.425704547538771e-06,-6.507285434054211e-06,1.4334665479509567e-05,6.627836773986928e-05,2.41503439610824e-05,5.658711415890139e-06,1.0669818948372267e-06,-7.703251867496874e-07
-1.5215842722682282e-05,-3.1990744901122525e-05,-1.5443956272065407e-05,-6.614623650591511e-06,-1.340143171546515e-06,4.6171808207873255e-06,3.629704224294983e-05,1.9707296814885922e-05,4.451776476344094e-06,1.3199933164287359e-06,4.212027306493837e-06
-2.5570002435415518e-05,-3.7165739968259004e-05,-1.4637791991845006e-05,-1.3376568290368596e-05,-1.344805741609889e-05,8.827486453810707e-06,5.267696570854241e-05,2.8410176582838176e-05,9.431572834728286e-06,2.8018122293360648e-06,2.0501422142160663e-06
-3.451542215771042e-05,-6.164664591779001e-05,-2.7909472095188903e-05,-1.0042733549653349e-05,-3.7906684156041592e-06,9.911607776302844e-06,6.210953051777324e-05,3.610133171605412e-05,1.8069889847538434e-05,9.202400178764947e-06,2.5101871869992465e-06
-3.069508238695562e-06,-2.6682173029257683e-05,-1.4967931747378316e-05,-4.29964211434708e-06,2.0058660084032454e-06,1.6010948456823826e-05,2.7912555196962785e-05,1.0071660653920844e-05,-2.9292123144841753e-06,-2.2875965441926382e-06,-1.7649631445237901e-06
-0.00010666908929124475,-8.293750215671025e-05,-4.400001671456266e-06,2.815143420775712e-05,3.865223652610439e-05,-7.298737909877673e-05,1.9590110241551884e-05,4.96765806019539e-05,4.902533510175999e-05,4.613107921613846e-05,3.576718972908566e-05
2.590828535176115e-05,-2.995285285578575e-05,-2.5316819119325373e-05,-2.1522501072013256e-05,-2.1329749415599508e-05,6.251281411095988e-05,6.0536522141774185e-05,1.008647859634948e-05,-1.4583913753085653e-05,-2.1591968106804416e-05,-2.4746293092903215e-05
-2.8427024290067493e-05,-3.1891350033674826e-05,-6.188780389493331e-06,2.6741918190964498e-06,6.835723525000503e-06,-7.324739272007719e-06,2.7793932986241998e-05,1.2220447615618468e-05,9.62329329468048e-06,1.1800809943451895e-05,2.8834911063313484e-06
-1.741500454954803e-05,-3.9501930586993694e-05,-1.2047527775393974e-05,6.634902092628181e-06,9.08345464267768e-06,3.439090505708009e-06,2.2145150978758465e-05,6.253187166294083e-06,6.7316086642676964e-06,7.397176887025125e-06,7.2798884502844885e-06
-7.521330189774744e-05,-9.782462984730955e-05,-2.960413712571608e-05,-1.2042519301758148e-06,8.543728881704737e-06,-1.6218581549765076e-05,9.042039528139867e-05,3.773848311539041e-05,2.2154056750878226e-05,2.0899461560475174e-05,4.0308777897735126e-05
-1.4713278687850107e-05,-4.162702134635765e-05,-2.696864612516947e-05,-1.092596630769549e-05,-4.1002111856869305e-06,1.87601526704384e-05,6.413073970179539e-05,1.509778212493984e-05,9.334739843325224e-07,1.2855662134825252e-06,-1.8725918948803155e-06
-3.266707517468603e-05,-7.026191087788902e-05,-2.3796660570951644e-05,-9.028626891449676e-06,3.869758984365035e-07,8.870146302797366e-06,6.72448986733798e-05,2.471782499924302e-05,1.5574778899463126e-05,8.471963610645616e-06,1.0487686950000352e-05
-8.758715921430849e-07,-2.946140830317745e-05,-1.156265898316633e-05,-5.024739948567003e-06,-7.500839728891151e-06,3.071794253628468e-05,4.280063558326219e-05,3.993546670244541e-06,-8.943924711957152e-06,-9.774192449185648e-06,-4.368491090644966e-06
-5.2333430176076945e-06,-1.9534065359039232e-05,-7.934309905976988e-06,-1.1263061878707958e-05,-1.0550756798011207e-05,1.4606923286919482e-05,4.1123317714664154e-05,1.3800699434796115e-05,-3.6031865420227405e-06,-7.375509738949404e-06,-4.0367050360146095e-06
-6.3166771724354476e-06,-2.7286274871585192e-05,-2.5282224669354036e-06,-5.5335458455374464e-06,-1.2167267414042726e-05,1.914440144901164e-05,4.601351247401908e-05,1.7509463400955383e-05,-8.174816684913822e-06,-1.2896698535769247e-05,-7.763876965327654e-06
-5.8271023590350524e-05,-9.64589976319985e-05,-2.694492968657869e-05,2.062735802610405e-06,5.490539479069412e-06,-3.759443643502891e-06,7.678568363189697e-05,3.6463243304751813e-05,2.3994942239369266e-05,1.8306107449461706e-05,2.2331141735776328e-05
-0.0001197619567392394,-0.00011144758173031732,-1.5997970876924228e-05,2.655230514392315e-05,3.4862689972214866e-05,-6.380624154189718e-05,7.19966292308527e-05,5.707145464839414e-05,4.753169014293235e-05,4.470988096727524e-05,2.8289104193390813e-05
-2.0159641280770302e-05,-3.5880759241990745e-05,-8.05271884019021e-06,-6.959571692277677e-07,-2.23552888201084e-06,4.416486490299576e-06,4.027354589197785e-05,2.1851195924682543e-05,3.76760999643011e-06,-2.6082489057444036e-06,-6.759885735618809e-07
-3.698847285704687e-05,-7.01528369972948e-05,-2.982545720442431e-05,-7.1814056354924105e-06,4.319499566918239e-07,3.564000508049503e-06,5.3423318604473025e-05,3.121803092653863e-05,1.5169911421253346e-05,9.372148269903846e-06,3.096881027886411e-05
-9.199007763527334e-05,-5.789713759440929e-05,1.2200151104480028e-05,2.4355372488571447e-05,2.934074291260913e-05,-6.529906556806964e-05,2.3711741960141808e-05,4.106744199816603e-05,3.1713052521809004e-05,3.664233645395143e-05,1.61554453370627e-05
-0.00015818314022908453,-0.0001644360672798939,-3.4468143468302515e-05,9.226103429682553e-06,2.94797982860473e-05,-5.499924736795947e-05,0.00015162463023443706,9.536164725432172e-05,5.458373516376014e-05,4.8031633014034014e-05,2.377904820605181e-05
-8.684315253049135e-05,-8.391404480789788e-05,-1.385490395477973e-05,1.1173990060342476e-05,1.8703243881645903e-05,-3.4953591239172965e-05,7.8236073932203e-05,4.7229890697053634e-05,2.9229787287476938e-05,2.2706132028815773e-05,1.2286577430131729e-05
-2.4413443497905973e-05,-1.858560790424235e-05,-4.135707058594562e-06,-8.786820217210334e-06,-2.9368302421062253e-06,-1.0116933935933048e-05,4.3723233829950914e-05,2.0316767404437996e-05,8.993686833491665e-06,3.725522674358217e-06,-7.783871069477755e-06
-1.8118086700269487e-05,-2.2025018097338034e-05,-8.41849123389693e-06,-5.203039108891971e-06,-1.7340971680823714e-06,-1.5082605386851355e-06,3.909594124706928e-05,1.3441416285786545e-05,1.4768802429898642e-06,8.876131687429734e-07,2.1051419025752693e-06
-6.169895186758367e-05,-0.00010065860078611877,-2.5664066924946383e-05,4.710647317551775e-06,4.924091172142653e-06,7.135868827390368e-06,8.984802298073191e-05,3.671517606562702e-05,1.6590601262578275e-05,1.2085463822586462e-05,1.6011749266908737e-05
-1.3038956240052357e-05,-6.740147728123702e-05,-3.2093367735797074e-05,-1.6010942090360913e-05,-8.999096991146871e-06,4.1355220673722215e-05,6.676028715446591e-05,2.1283429305185564e-05,6.665925866400357e-06,8.07828655524645e-07,6.711479727528058e-07
8.02884460426867e-06,-3.567347812349908e-05,-2.3980173864401877e-05,-2.106943884427892e-05,-2.1655374439433217e-05,3.269540684414096e-05,4.700254612544086e-05,2.0321838746895082e-05,1.8077771528623998e-06,-3.608243787311949e-06,-3.8697080526617356e-06
1.730717440295848e-05,-6.11690466030268e-05,-3.38820236720494e-05,-2.081459331293445e-05,-1.373442319163587e-05,7.625677335454384e-05,9.624201993574388e-05,-2.4544942789361812e-06,-2.0203759504511254e-05,-1.573691088196938e-05,-2.181071727136441e-05
-2.1947158529656008e-05,-5.050242180004716e-05,-2.1036241378169507e-05,-3.916738023690414e-06,2.875718308814612e-06,1.0621355613693595e-05,4.599594831233844e-05,1.3352000678423792e-05,1.4107662536844146e-05,8.778060191616532e-06,1.671803602221189e-06
-2.5620865017117467e-05,-4.3145874315086985e-05,-1.1870084563270211e-05,8.129927664413117e-07,5.058909209765261e-06,2.677687916730065e-06,3.6475202250585426e-05,1.6888385175661824e-05,6.913375727890525e-06,7.559317509731045e-06,4.250955043971771e-06
-4.038765837321989e-06,-2.5625187845434994e-05,-1.1474226766949869e-05,-7.11146162757359e-06,-2.7610183792603493e-06,1.085476378648309e-05,2.0042445612489246e-05,9.086938916880172e-06,3.7961217458359897e-06,4.675732725445414e-06,2.554658976805513e-06
-1.2315613275859505e-05,-8.946733578341082e-05,-5.2703686378663406e-05,-3.083617957599927e-05,4.1612294808146544e-05,5.151919322088361e-05,8.851135498844087e-05,1.4045412171981297e-05,-7.473518053302541e-07,-6.473999746958725e-06,-3.144090442219749e-06
-1.0578898582025431e-05,-3.489400926781627e-05,-3.069451304327231e-05,-1.9794157196884044e-05,-1.196127175262518e-05,2.0368700916151283e-05,4.941549832437886e-05,2.3118564826063448e-05,4.8099327614181675e-06,8.348301889782306e-07,9.375324452776113e-06
-2.5496662601653952e-05,-5.0867001846199855e-05,-1.8150608411815483e-05,-1.9431890905252658e-06,-9.412360668648034e-07,1.2601596608874388e-05,6.298598782450426e-05,2.391264729340037e-05,3.009087777172681e-06,-4.37588278145995e-06,-7.347389328060672e-07
-1.153780431195628e-06,-2.734425106609706e-05,-2.2986742351349676e-05,-8.010459623619681e-06,-5.96315658185631e-07,1.4231922250473872e-05,2.769345883280039e-05,1.0495192782400409e-05,5.272496252928249e-06,2.8903805286972784e-06,-4.9190111894859e-07
-3.3872443964355625e-05,-8.108870565592952e-05,-3.114856463071192e-05,-9.411690371052828e-06,-1.8321379684493877e-06,1.6964013411779888e-05,8.308424639835721e-05,3.0710632245245506e-05,1.1375137091818033e-05,7.860593257191795e-06,7.3589176281529944e-06
-1.8715436453931034e-06,-3.356198067194782e-05,-9.041744306159671e-06,-2.5696625698401476e-06,-8.127144610625692e-07,2.0085976757400203e-05,2.619814404170029e-05,1.1100884876213968e-05,8.558872650610283e-07,-3.5607426980277523e-06,-6.822504474257585e-06
-1.3890099580748938e-05,-4.318449646234512e-05,-1.7935857457018756e-05,-1.700733332654636e-05,-1.4627532436861657e-05,2.1440117961901706e-05,6.570917003045906e-05,2.5394793738087174e-05,5.559904820984229e-07,-4.728804015030619e-06,-1.7259508240385912e-06
-1.888717815745622e-05,-6.816953919042135e-05,-3.240483965782914e-05,-1.153719449575874e-05,-6.555787877005059e-06,3.231269329262432e-05,6.874680411783629e-05,2.409905027889181e-05,9.18766363611212e-06,2.1888445189688355e-06,1.0194826245424338e-06
-2.0969961042283103e-05,-4.834231731365435e-05,-1.3489031516655814e-05,6.330393262032885e-06,4.373576302896254e-06,-3.6458550312090665e-06,3.5045519325649366e-05,1.371903408653452e-05,9.412275176146068e-06,6.302378096734174e-06,1.1263990018051118e-05
-1.899138806038536e-05,-6.791084524593316e-05,-3.040161209355574e-05,-2.5790229301492218e-05,-1.675739167694701e-05,3.286505580035737e-05,8.40798529679887e-05,4.129760964133311e-05,9.289016588809318e-06,-3.339545173730585e-08,-7.64668016017822e-06
-0.00012202310972497799,-9.377727838000283e-05,1.4737583740043192e-06,4.494282438827213e-05,5.888645500817802e-05,-9.193472942570224e-05,9.109116945182905e-07,4.6996276068966836e-05,5.59871295990888e-05,5.9082462030346505e-05,3.9455300793633796e-05
-1.9364625472917396e-05,-0.00012609788791451138,-6.80056155033526e-05,-3.751409303731634e-05,-3.32593053826713e-05,8.38353635117528e-05,0.00017706692051433492,5.68863988519297e-05,-3.262523932789918e-06,-1.4734259366377955e-05,-1.5550379885098664e-05
4.83564267597103e-05,-5.010891163692577e-05,-7.00203345331829e-05,-6.639746425207704e-05,-6.246959492273163e-05,0.00012464000974432565,0.00016914083971641958,2.0120172848692164e-05,-3.0051718624690693e-05,-4.3766674934886396e-05,-3.944275567846489e-05
-3.576717153919162e-05,-2.2494727090816014e-05,-6.23543110123137e-06,-6.7902501541539095e-06,2.656294782354962e-06,-1.8492255549062975e-05,4.041740885440959e-05,2.1647511630362715e-05,1.6143619177455548e-05,1.0566859032223874e-05,-1.6518583834113088e-06
2.249783938168548e-05,-2.141416734957602e-05,-2.1527082253669505e-05,-1.830209839681629e-05,-1.8357640328758862e-05,5.150652941665612e-05,5.2823351325059775e-05,2.705655788304284e-07,-1.2470833553379634e-05,-1.3134772416378837e-05,-2.189169072153163e-05
-4.279179665900301e-05,-5.619172952719964e-05,-2.6585163595882477e-05,-1.6162157407961786e-06,1.0708878107834607e-05,-1.1645726772258058e-05,4.624770917871501e-05,2.097868537020986e-05,2.0075040538358735e-05,2.356432014494203e-05,1.725599906876596e-05
-6.994782734182081e-05,-7.438865134190564e-05,-9.660108844400384e-06,1.2636397968890378e-05,1.4858387203275925e-05,-2.578438670752803e-05,6.042476115908357e-05,3.150221914438589e-05,1.8244450984639116e-05,1.4644067050539888e-05,2.747069447650574e-05
-3.845311584882438e-05,-8.78296068549389e-05,-3.644233765953686e-05,-6.268314791668672e-06,5.4627357712888625e-06,1.750997944327537e-05,6.766416117898189e-05,3.937019346267334e-05,2.213752941315761e-05,1.5450594219146296e-05,1.3981871234136634e-06
-0.0001051086546794977,-8.392084055230953e-05,8.92825482878834e-07,3.0692807740706485e-05,3.8534569284820464e-05,-6.970717367948964e-05,2.96102007268928e-05,5.306337516230997e-05,4.0915587760537164e-05,3.738113355211681e-05,2.7646162152450415e-05
-3.0250426789280027e-05,-4.192815777059877e-05,-1.0010514188252273e-05,7.511922376579605e-06,7.864837243687361e-06,-4.3495092540979385e-06,1.7945048966794275e-05,1.0507286333449883e-05,1.346776116406545e-05,1.1912143236258999e-05,1.73296076582119e-05
-1.5030589565867558e-05,-3.620074858190492e-05,-1.4162709703668952e-05,-1.644640178710688e-06,5.626286565529881e-06,7.011414709268138e-06,1.8950249796034768e-05,1.7201284208567813e-05,1.1034454473701771e-05,1.0612350706651341e-05,-3.3973542485910002e-06
-5.279206743580289e-05,-0.00011040019001029577,-3.818972027147538e-05,-6.88474847265752e-06,1.367003278573975e-06,1.453149252483854e-05,9.768078871275065e-05,4.248424738761969e-05,2.291412602062337e-05,1.9266653907834552e-05,1.0022414244303945e-05
-1.3420754839899018e-05,-3.299508080090163e-05,-1.5858678125368897e-05,-1.2061554571118904e-05,-1.0954946901620133e-05,1.5908482509985333e-05,5.4378469940274954e-05,2.3446259092452237e-05,4.1537732613505796e-06,-6.9169786911515985e-06,-5.6789893037034744e-06
-6.311300421657506e-05,-9.95918007902219e-05,-3.178009512794233e-05,1.4208320862962864e-05,1.9079511275776895e-05,-6.868680429761298e-06,6.163313537399517e-05,3.9098275010474026e-05,2.5790120162128005e-05,2.194575472458382e-05,1.9598463950387668e-05
-2.7359509886082378e-05,-4.4242662625038065e-05,-1.4073187685426092e-05,-5.2086179493926466e-06,-3.3361884561600164e-06,4.069743226864375e-06,5.162737215869129e-05,2.5368108254042454e-05,8.676662446305272e-06,3.5612711144494824e-06,9.170089469989762e-07
-8.194082738555153e-06,-1.6193454030144494e-05,-9.579883226251695e-06,-7.181493174357456e-06,-1.1222120065212948e-05,1.635288390389178e-05,3.228661353205098e-05,1.8019909020949854e-05,-2.8134936655987985e-06,-7.600262961204862e-06,-3.87461727768823e-06
-2.171908909076592e-05,-2.3799321752449032e-05,-9.760397460922832e-06,-7.557931439805543e-06,-1.1603272355387162e-05,1.1928627827728633e-06,4.305729817133397e-05,2.5924552915057575e-05,4.722658331957064e-06,-6.626669346587732e-07,2.053070602414664e-07
-2.016621147049591e-05,-4.898259794572368e-05,-1.4833628938504262e-05,-4.169434532741434e-06,8.032329787965864e-07,1.2485711749832262e-05,4.3229236496244994e-05,1.1327516403980553e-05,5.084940312372055e-06,2.2746989998267964e-06,1.294653247896349e-05
-3.3816594566360436e-05,-7.157994423323544e-05,-2.8521407784865005e-05,-1.6752578176237876e-05,-5.889277417736594e-06,1.7751434825186152e-05,7.683862713747658e-05,2.7784202529801405e-05,1.8033659330285445e-05,1.2585996046254877e-05,3.5658817978401203e-06
-5.294685979606584e-05,-6.021465378580615e-05,-1.8469054339220747e-05,-1.9340463950356934e-06,1.1884319860655523e-05,-1.255185270565562e-05,5.80255982640665e-05,3.55115898855729e-05,2.1743108845839743e-05,1.4989057490311097e-05,3.962791396361354e-06
9.369665349368006e-06,-2.260537803522311e-05,-1.5929856090224348e-05,-1.3052665508439532e-05,-1.3262802895042114e-05,3.01623331324663e-05,5.3157071306486614e-05,4.864559741690755e-06,-1.0129025213245768e-05,-1.230684847541852e-05,-1.0267046718581696e-05
-1.8561129948579946e-05,-6.732191855007841e-05,-2.849087786671589e-05,-1.8737327991402708e-05,-1.3805621847495786e-05,2.362754094065167e-05,8.72643395268824e-05,2.848050007742131e-05,3.9829381250910956e-06,-3.0032578592908976e-06,6.56481438454648e-06
-4.160384241913562e-05,-6.895746264490299e-05,-2.423295063636033e-05,-1.4975303656683536e-05,-6.750672355337883e-06,9.114872682403075e-06,0.00011001611710526049,3.8859900314491824e-05,3.0982118914835155e-06,8.005072231753729e-07,-5.36938068762538e-06
-2.2277701646089554e-05,-4.2085934182978235e-05,-1.6112335288198665e-05,-5.590078217210248e-06,-1.3297521945787594e-06,7.4993840826209635e-06,4.792594336322509e-05,1.7515317267680075e-05,1.0086564543598797e-05,6.469274012488313e-06,-2.100681740557775e-06
-7.257913239300251e-07,-4.025117777928244e-05,-3.274054870416876e-05,-2.2497363715956453e-05,-1.244651593879098e-05,3.314832065370865e-05,7.942133197502699e-05,1.5194005754892714e-05,-4.5623201003763825e-06,-8.90905357664451e-06,-5.630894520436414e-06
-2.505345514691726e-05,-4.0412219505014946e-05,-1.6863504015418584e-05,2.6357429305789992e-06,1.0702142162699602e-05,7.165555217625297e-06,3.891592950822087e-05,1.5439015896845376e-05,7.79076071921736e-06,3.8783837226219475e-06,-4.198352741013878e-06
-1.8067022665491095e-05,-4.009690928796772e-05,-1.232906799941702e-05,-1.4534136880683945e-06,-1.802882660939531e-06,9.048033689396107e-06,3.983619126302074e-05,7.976511199103697e-06,2.162555488016693e-06,2.313868918690787e-06,1.2412136584316613e-05
1.6419853636762127e-05,-1.4103818102739751e-05,-2.1219751033640932e-05,-1.5800348592165392e-05,-1.0029528311861213e-05,2.9731239919783548e-05,3.4996312933799345e-05,8.702520062797703e-06,-4.2987139750039205e-06,-7.59524482418783e-06,-1.680251443758607e-05
-1.6276816154459084e-05,-3.603485311032273e-05,-1.3098609997541644e-05,7.605513928865548e-06,4.886909664492123e-06,6.095509888837114e-06,1.7138932889793068e-05,1.3091574146528728e-05,5.174418731712649e-06,7.106971906978288e-06,4.3104455471620895e-06
-5.10716563439928e-06,-6.081798369450553e-05,-2.7045211936638225e-05,-1.1131796782137826e-05,-1.0024941730080172e-06,2.8454182029236108e-05,5.8478642131376546e-05,2.4453835521853762e-05,9.181772838928737e-06,5.02645707456395e-06,-2.0490235328907147e-05
1.3805854905513115e-05,-6.064634840186045e-05,-2.2908116079634055e-05,-1.9869376046699472e-05,-1.4383372217707802e-05,4.4865868403576314e-05,4.5995842810953036e-05,2.07926955226867e-05,2.7611640689428896e-06,-1.8403165995550808e-06,-8.573893865104765e-06
0.00010835580906132236,-3.752791599254124e-05,-7.522455598518718e-05,-5.877469948245562e-05,-5.6738327657512855e-05,0.0001561607605253812,9.456873522140086e-05,-9.564751508150948e-06,-4.281048495613504e-05,-4.5769280404783785e-05,-3.2675288821337745e-05
6.418562406906858e-06,-1.7853210010798648e-05,-9.578723620506935e-06,-6.910473530297168e-06,8.920887921703979e-07,1.757613426889293e-05,1.8991999240824953e-05,7.50007882288628e-06,-3.1962545108399354e-06,-3.553754140739329e-06,-1.0286443284712732e-05
-2.5745957827894017e-05,-5.285164115775842e-05,-1.979188994027936e-05,-1.0042137546406593e-05,-5.830372174386866e-06,9.578139724908397e-06,4.6317030864884146e-05,4.326585076341871e-05,1.584208439453505e-05,3.014551111846231e-06,-3.7556560528173577e-06
-1.0745150575530715e-05,-4.3419580833869986e-05,-3.158461686325609e-05,-1.4008459402248263e-05,3.5043749448959716e-06,1.6858045000844868e-05,3.5117423976771533e-05,1.2759417586494237e-05,8.449892902717693e-06,9.459375633014133e-06,1.3609276265924564e-05
-2.998409945575986e-05,-8.910056931199506e-05,-2.1297922558005666e-05,4.561439709505066e-06,1.6587595951023104e-05,1.6218586097238585e-05,4.212918520352105e-05,2.826024535806937e-05,2.0074199710506946e-05,1.913325968416757e-05,-6.581923116755206e-06
-1.172802194560063e-05,-2.727306195993151e-05,-3.800660806518863e-06,-5.426379857453867e-06,-2.1440948785311775e-06,1.2801046977983788e-06,1.6989334767458786e-05,1.5132396129047265e-05,7.783714067954861e-06,5.2223501825210406e-06,3.964321024341189e-06
-6.0209316870896146e-05,-0.00014029856629349524,-2.664762132553733e-05,3.5833791116601788e-06,1.3796632174489787e-05,-7.459286280209199e-06,6.54796494927723e-05,5.404976491263369e-05,3.76343941752566e-05,2.9262935640872456e-05,3.0808036171947606e-05
-0.00011940349577344023,-0.00016203381528612226,-1.8348462390349596e-05,1.7184632042699377e-05,3.221276347176172e-05,-3.2171901693800464e-05,9.386244710185565e-05,7.989798541530035e-05,4.800707392860204e-05,3.580031898309244e-05,2.4992450107674813e-05
-6.374152326316107e-05,-7.394017757178517e-05,-9.13407166081015e-06,1.0413937161501963e-05,2.172884853735013e-05,-3.57369972334709e-05,2.6236297344439663e-05,4.8551923100603744e-05,3.5971733268524986e-05,2.8293225568631897e-05,1.1356805316609098e-05
1.690128556219861e-06,-7.6895477832295e-05,-4.5140081965655554e-05,-2.5380790248163976e-05,-1.6732776202843525e-05,3.647963603725657e-05,7.754531634418527e-05,2.6918058210867457e-05,7.292169357242528e-06,7.446760719176382e-08,1.4149347407510504e-05
1.5174891814240254e-06,-4.00696098949993e-05,-1.8876757621910656e-05,-2.2592609866478597e-05,-1.2295042438381643e-05,2.085455753331189e-05,4.7907567022775766e-05,2.3554473045805935e-05,3.351914983795723e-06,-1.1615934454312082e-06,-2.190386794609367e-06
-2.3417160264216363e-06,-4.802126932190731e-05,-2.6306727704650257e-05,2.433826921333093e-06,3.477484824543353e-06,3.220427333872067e-05,3.9496457247878425e-05,1.1786680261138827e-05,3.675708285300061e-06,1.1382326192688197e-06,-1.7542956356919603e-05
-5.364930257201195e-05,-8.286268894153181e-05,-1.3381354619923513e-05,5.1080969569738954e-06,1.1895437637576833e-05,-1.0828844096977264e-05,4.6117472720652586e-05,4.4485244870884344e-05,2.8855918571935035e-05,2.4611668777652085e-05,-3.5164157452527434e-07
7.889046628406504e-06,-3.3292492844338994e-05,-2.215633685409557e-05,-1.4983338360252674e-05,-1.0167905202251859e-05,3.2841364372870885e-05,4.662196624849457e-05,1.0576313343335642e-05,-5.135593937666272e-06,-6.599185553568532e-06,-5.593838750428404e-06
-1.2848079677496571e-05,-7.219259532575961e-05,-2.8382966775097884e-05,-7.118623727819795e-06,-1.2511072782217525e-06,3.0239474654081278e-05,5.313653309713118e-05,2.2777247181693383e-05,6.670608456715854e-06,9.135611804822474e-07,8.05595118436031e-06
1.9047547539230436e-07,-2.580497857707087e-05,-1.0388161570062948e-05,-1.4254560937843053e-05,-1.0172381280426634e-05,1.605009276772762e-05,3.9487679714511614e-05,1.9059165879298234e-05,-1.4558494285665802e-06,-6.437188062591304e-06,-6.274294577224282e-06
7.38553944756859e-05,-1.2040832416460034e-05,-4.4971021907258546e-05,-4.475099194678478e-05,-3.7327592053770786e-05,0.00010083459164889064,6.210278115759138e-05,-5.671871349477442e-06,-2.2518740479426924e-05,-2.574232667029719e-05,-4.376938522909768e-05
-1.6158314792846795e-06,-2.5501015443296637e-05,-2.362514578635455e-05,-7.13230201654369e-06,-1.856396224297896e-06,1.879287583506084e-05,2.9604168934049824e-05,1.577436478328309e-06,6.476918770204065e-07,9.05368051462574e-06,5.4838437790749595e-08
