Cz,F7,F8,Fp1,Fp2,O1,O2,P7,P8,T7,T8,Cpz
-1.6054846128099598e-06,-3.701136120071169e-05,3.936512348445831e-05,5.677604633547162e-06,3.49059018844855e-05,-7.66207028846111e-06,-8.563429219066165e-06,-6.415461939468514e-06,8.25736606202554e-07,-2.0456053334783064e-05,1.4292280638983357e-05,-1.3352787391340826e-05
4.821113179787062e-07,-9.29244197322987e-05,5.964846786810085e-05,-4.8993715608958155e-05,4.225963493809104e-06,1.9657809389173053e-05,2.9353630452533253e-05,8.87304122443311e-06,3.64471297871205e-05,-2.7181853511137888e-05,3.186121846709966e-05,-2.144938025594456e-05
7.273702067323029e-06,-0.00010756598567240871,0.00010235361696686596,-6.221466264832998e-05,2.4244782252935693e-06,1.5985077510549672e-05,1.2395225667205523e-05,6.7585524448077194e-06,1.663879459101736e-05,-1.9452833839750383e-05,3.8609845432802103e-05,-1.3205818731876207e-05
-1.888419774331851e-05,-5.654584674630314e-05,6.567502350662835e-05,-6.010504876030609e-06,3.634304812294431e-05,-1.954226263478631e-06,8.361719665117562e-06,-6.690701638945029e-06,1.039782819134416e-05,-2.528913682908751e-05,1.949091711139772e-05,-2.489390863047447e-05
3.883092858814052e-06,-8.122480721795e-05,7.548077155661304e-05,-2.817153057321775e-05,2.5555422780598747e-05,4.883292831436847e-06,1.1856723631353816e-05,-9.778267099136428e-06,1.6950617919064825e-05,-3.586652110243449e-05,2.9446755434037186e-05,-1.3015547665418126e-05
4.124067345401272e-07,-2.378502904321067e-05,2.0903613403788768e-05,-8.080397492449265e-06,9.700968803372234e-06,6.494528292932955e-07,1.2018959068882396e-05,-9.842530744208489e-06,1.7540751144906608e-05,-1.8794657535181614e-05,1.806310547181056e-05,-1.878664102150651e-05
5.530441057999269e-06,-2.5137549528153613e-05,3.859307980746962e-05,8.159925528161693e-06,2.9649574855739047e-05,-1.0924770549536333e-05,-7.70530192539809e-06,-1.8212528630101588e-05,-3.376103450136725e-06,-2.539397064538207e-05,1.3956077054899652e-05,-5.138876531418646e-06
8.198376349355385e-06,-3.4726639569271356e-05,4.477781476452947e-05,1.5239202639349969e-05,3.893520261044614e-05,-1.4681152379125706e-05,-1.0848030115084839e-05,-2.0185633047731244e-05,-3.0772140462431707e-06,-2.7629214713442707e-05,1.2448230087613865e-05,-8.450941777482512e-06
1.2786144225174212e-05,-3.387985816516448e-05,5.139703080203617e-05,3.456776812527096e-05,7.01105127518531e-05,-2.185583252867218e-05,-1.2025510386592941e-05,-3.4304494874959346e-05,-1.3050912457401864e-05,-3.872685101669049e-05,-5.328151928551961e-07,-1.4485183783108369e-05
6.445063263527118e-06,-9.37830118346028e-05,9.767505980562419e-05,-3.88632088288432e-05,2.9421873477986082e-05,-2.557471773911857e-06,1.637901095818961e-05,-1.606203477422241e-05,2.1072144477329857e-05,-3.755968464247417e-05,3.489262053335551e-05,-1.7060352547559887e-05
6.72335636409116e-06,-5.991066063870676e-05,5.90267991356086e-05,-4.6628040763607714e-05,6.213304004631937e-08,7.782353009133658e-06,9.695886774352402e-06,2.713791218411643e-06,1.5660586086596595e-05,-1.3156276509107556e-05,2.5659583570813993e-05,-7.629514954032857e-06
1.22253370591352e-05,-7.517600352002773e-05,7.136903877835721e-05,-4.2315792825320386e-05,1.1786640243371949e-05,5.373226485971827e-06,1.0700691291276598e-05,-8.20599802864308e-06,1.8052799077850068e-05,-2.7102188141725492e-05,3.2322695915354416e-05,-9.030449291458353e-06
1.1263759631674475e-05,-7.312963498407044e-05,7.311672379728407e-05,-2.4202821805374697e-05,2.9286214157764334e-05,-1.1321972124278545e-06,3.479475708445534e-06,-8.46315197122749e-06,6.470387234003283e-06,-2.7393573873268906e-05,2.293712714163121e-05,-1.2232318113092333e-05
1.3669384770764736e-05,-8.50353972055018e-05,8.429871013504453e-05,-1.6403452264057705e-05,4.28669936809456e-05,-1.1972436823270982e-05,6.717048563587014e-06,-1.9886921108991373e-05,1.6418143104601768e-05,-4.143842579651391e-05,2.6398270165373106e-05,-1.5631913811375853e-05
1.2474944924178999e-05,-8.147361586452462e-05,8.550749771529809e-05,5.136686013429426e-06,6.025337324899738e-05,-9.60993403964494e-06,-1.0850470516743371e-05,-1.732901137074805e-05,-5.463609795697266e-06,-3.6940166410204256e-05,1.2778944181945917e-05,-1.44846353578032e-05
-2.2274693378676602e-05,-2.5771322725631762e-05,1.938983632499003e-05,-7.243796062539332e-06,2.242519394712872e-05,1.264998559236119e-06,1.0923644367721863e-05,-1.0223613571724854e-05,2.9161369184294017e-05,-2.5152854504995048e-05,3.007386658282485e-05,-2.2572624402528163e-05
8.71419786108163e-06,-0.00011117438407381997,0.0001362287330266554,-2.0348848352114146e-05,6.118782675912371e-05,-1.9023964341613464e-05,-6.627385801039054e-06,-2.749270697677275e-05,1.3991617947795021e-05,-5.427456011375398e-05,4.4139305828139186e-05,-2.5319840005977312e-05
-5.78772664994176e-06,-7.769879266561475e-05,8.924337271309923e-05,1.4950313925510272e-05,6.89349508320447e-05,-1.34659394461778e-05,-4.8006641009124e-06,-2.1200909031904303e-05,-1.4658353393315338e-06,-4.2914592995657586e-05,1.3472909756728768e-05,-1.9267084553575842e-05
2.0075282691323082e-05,-0.00012124581553507596,0.0001263921003555879,-5.8688141507445835e-05,3.0435752705670893e-05,-8.965853339759633e-07,8.934332981880289e-06,-1.256680116057396e-05,2.472646087881003e-05,-4.3220221414230764e-05,4.722093672171468e-05,-2.116730138368439e-05
-1.8920026150226477e-06,-0.00010760030818346422,0.00012727458943118108,-5.0839540563174523e-05,3.521253711369354e-05,-7.099275990185561e-06,9.744224826135905e-06,-1.952859565790277e-05,2.9660578547918703e-05,-4.23827063968929e-05,5.600560439233959e-05,-2.8555103767757828e-05
1.499143945693504e-05,-0.00010426662629470229,0.00010541304800426587,-1.9237821106798947e-05,5.73866673221346e-05,-8.087434252956882e-06,-1.6656740626785904e-06,-1.7657748685451224e-05,-1.055581378750503e-06,-3.407615531614283e-05,2.211073660873808e-05,-1.3854846830696488e-05
1.4197310235886107e-05,-8.971273564384319e-05,8.314307160617318e-05,-2.1221919951130985e-05,3.5095545626973035e-05,-6.6768275246431585e-06,3.1382687666337006e-06,-1.3939611335445079e-05,1.4668536095996387e-05,-3.494711836538045e-05,2.8792112061637454e-05,-1.2536634130810853e-05
1.5383099025712e-05,-0.00011223011642869096,9.97550127976865e-05,-5.7809112604445545e-05,1.457078678868129e-05,9.019849812830216e-06,1.8573793852283416e-05,-5.540708571061259e-06,2.592686689695256e-05,-3.2609902518743183e-05,3.994119435901666e-05,-1.4980762170324624e-05
4.408174390846398e-06,-6.006910371070262e-05,6.610077616642229e-05,1.119725232001656e-05,5.468757626658771e-05,-1.1514551715663401e-05,-2.506963632242787e-06,-1.995550019273651e-05,-3.0060409699217416e-06,-3.5092826692562085e-05,1.0605848814293495e-05,-1.4854641676720348e-05
-2.243702965643024e-05,-1.618871687014689e-05,3.7819235330971424e-05,1.3626682630274445e-05,3.595979433157481e-05,-5.186251655686647e-06,-1.61620619110181e-05,4.630435796570964e-06,-1.5207375327008776e-05,-2.0450534066185355e-07,-1.740607331157662e-06,-1.4909600693613356e-05
9.224569566868013e-06,-8.73634544404922e-05,9.393524305778556e-05,-2.5290020403190283e-05,3.299500713183079e-05,-8.964254675447592e-06,3.3054461709980387e-06,-1.6925561794778332e-05,1.2031732694595121e-05,-2.8380802177707665e-05,2.984837988151412e-05,-1.4416281828744104e-05
1.9557426014671364e-05,-0.00018202282808488235,0.00018693754827836528,-3.134062535536941e-05,9.538886661175638e-05,-2.05942960747052e-05,2.3749307729303837e-06,-2.8652185420696696e-05,6.5247716065641725e-06,-6.442317317123525e-05,4.288946911401581e-05,-2.663990107976133e-05
-5.281121957523283e-06,-2.492038402124308e-05,3.9956353248271625e-05,9.121510117893195e-06,3.0189029985194793e-05,-1.2266996236576233e-05,-2.5368062210873177e-06,-2.1127741092641372e-05,7.172572509261954e-06,-2.078017359963269e-05,1.741948835842777e-05,-1.6945728475548094e-05
1.3714393389818724e-06,-6.80717930663377e-05,8.624113837640834e-05,-2.6993196115654428e-05,2.7388358716962102e-05,-1.2269154694877216e-05,-5.718191118830873e-06,-4.1758152633519785e-06,-3.5487300920067355e-07,-1.1746092241082806e-05,1.7642005786910886e-05,-3.313824890938122e-06
1.1595794376262347e-05,-0.00011316452309984015,0.0001035489576679538,-8.471555520372931e-05,-1.3488797094396432e-05,1.7326205806966755e-05,2.7836027953753728e-05,1.210753134728293e-05,3.305527889096993e-05,-2.2679987068841e-05,5.1569941206253134e-05,-2.299087418577983e-05
9.184977216136758e-06,-0.0001791460090316832,0.0001811937581805978,-0.00010738834680523723,1.10321348074649e-05,1.1903933682333445e-05,2.7402047010127717e-05,-3.8188045436982065e-07,4.560854722512886e-05,-4.338887629273813e-05,7.50346812310454e-05,-3.1054978080646833e-05
6.965324246266391e-06,-0.00014666789502371103,0.00016577513997617643,9.455345207243226e-06,0.00011404567885620054,-1.6876419067557435e-05,-4.958523277309723e-06,-4.460518607629638e-05,3.0750015866942704e-07,-8.285903277283069e-05,3.4887476431322284e-05,-3.546940710208446e-05
4.487543264986016e-06,-0.0001228698019986041,0.0001296242407988757,-9.149527068075258e-05,-2.0763473003171384e-06,1.7587808997632237e-05,2.5496663511148654e-05,4.905285095446743e-06,3.120325868621876e-05,-2.6815509045263752e-05,5.189470903133042e-05,-2.194257831433788e-05
-7.672029823879711e-06,-2.3516804503742605e-05,5.966638127574697e-05,-4.917405021842569e-06,2.318055749128689e-05,-2.3335358491749503e-05,-1.06977940959041e-05,-2.6406144570501056e-05,1.6534586393390782e-05,-2.463426835674909e-05,4.854475241700129e-05,-2.674647833345034e-05
7.6071938792665605e-06,-8.826688826957252e-05,9.125091332862212e-05,-1.2365521115498268e-05,4.1076805246120784e-05,1.0218400348094292e-06,-1.037433321471326e-06,-6.9286461439332925e-06,-2.4072614053238794e-06,-3.398172520974185e-05,1.7085454828702495e-05,-1.3054728242423153e-05
2.331066752958577e-06,-9.801176929613575e-05,0.00011094174806203227,-4.6876082706148736e-05,2.8994142439842108e-05,-7.706965334364213e-06,7.431841595462174e-06,-1.8987703242601128e-05,2.7476796276459936e-05,-3.957754313432815e-05,6.594204387511127e-05,-3.195757562934887e-05
1.432143335478031e-06,-0.0001440893938706722,0.00014106401454228035,-1.9684517610585317e-05,6.809203659940977e-05,-3.936062739740009e-06,6.539124001392338e-06,-2.4455062884953804e-05,2.455666844980442e-05,-7.129777077352628e-05,5.1885554057662375e-05,-3.0106739131952054e-05
-4.857131443714024e-07,-5.1347391490708105e-05,6.44115061732009e-05,-4.944559032082907e-05,-4.524518772086594e-06,8.769229225435993e-06,1.4959443092266156e-05,-4.0408517634205054e-06,1.8173457647208124e-05,-1.4316849046736024e-05,2.8919703254359774e-05,-1.1072426843838912e-05
9.183079100694158e-06,-6.270531503105303e-05,8.050293581618462e-05,1.2623869793060294e-05,6.491139311037841e-05,-2.2096401153248735e-05,-1.5887824673654904e-05,-2.1081559680169448e-05,-1.010137015100554e-05,-3.4219199733342975e-05,7.069074797527719e-06,-8.198685122806637e-06
1.24612997751683e-05,-4.842003454541555e-05,4.5672509259020444e-05,4.8140300350496545e-06,3.5129714206050267e-05,-9.454564406041754e-06,-3.170971012877999e-06,-1.7436511825508205e-05,3.519221536407713e-06,-2.8287712041219493e-05,1.1247787369939033e-05,-6.07476249570027e-06
3.950935592911264e-06,-0.00010882165406655986,0.00014040204769116826,-2.0587194740073755e-06,8.260666027126717e-05,-2.637592206156114e-05,-9.111270657058412e-06,-3.7472638723556884e-05,5.740337655879557e-06,-5.6466977184754796e-05,3.843390913971234e-05,-3.0826716056253645e-05
-2.013913729115302e-06,-8.899298518372234e-05,0.00011876494954776717,3.2041007216321304e-06,7.255897685354284e-05,-1.6894537111511454e-05,-5.9816889006469864e-06,-3.054392527701566e-05,2.1540668058150914e-06,-5.035970650624222e-05,2.634158272485365e-05,-2.8236914886292652e-05
1.360430906061083e-05,-7.495314821426291e-05,6.67084186716238e-05,-4.35564955481027e-05,2.4636574380565435e-06,8.731881280255038e-06,1.9005503190783202e-05,-6.203165412443923e-06,1.220714125338418e-05,-2.242642494820757e-05,3.0631452091256506e-05,-6.213128969534409e-06
7.331381084441091e-06,-6.753410889359657e-05,4.096734664926771e-05,-7.553162868134677e-05,-4.713344787887763e-05,1.7592763470020145e-05,2.528556160541484e-05,1.725916354189394e-05,3.647557787189726e-05,-7.957148682180559e-07,4.680236634158064e-05,-7.192638804554008e-07
3.976089942625549e-06,-4.6188823972670434e-05,5.411607708083466e-05,-1.96122152829048e-05,1.1437952025517006e-05,1.1976076166320127e-06,4.1056728150579147e-07,-6.042444397280633e-06,9.312305792263942e-06,-1.9807122498605167e-05,2.0285404957576247e-05,-9.08539914235007e-06
4.492100174502411e-06,-8.578199776820838e-05,7.498615741496906e-05,-3.9459200706915e-05,1.2208811199343472e-05,5.197634664000361e-06,1.819121553126024e-05,-6.474666179201449e-06,2.4736060368013568e-05,-2.7900465283892117e-05,3.131975518044783e-05,-1.151540857335931e-05
3.916622290489613e-06,-8.857902889758407e-05,7.895247154010576e-05,-1.4143995201720827e-05,3.661867594928481e-05,9.164491757474025e-06,1.2800072909158189e-05,-8.029790933505865e-06,9.195869552058866e-06,-4.117318212593091e-05,1.966421041288413e-05,-1.838642015172809e-05
1.2749243524012854e-05,-8.374618846573867e-05,9.242287706001662e-05,-1.1008589353878051e-05,4.552841255645035e-05,-1.2625951967493165e-05,1.147593167161176e-06,-2.3837972548790276e-05,4.90079094106477e-06,-3.980420206062263e-05,2.6493855330045335e-05,-1.2219867812746088e-05
-5.6516113318139105e-06,-6.6322481870884076e-06,1.1991414339718176e-05,1.4752604329260066e-06,7.124563126126304e-06,-1.93520880742426e-06,-8.060453069447249e-07,-2.062003829905734e-06,2.9349552619351016e-06,-5.272180430893059e-06,4.8137576413864736e-06,-5.980652062476111e-06
1.552768389956327e-05,-0.00010386222504621401,0.00011888469680343405,-4.010801967524458e-05,3.2627171094645746e-05,-6.611378921661526e-06,3.0229354024413624e-06,-1.3345008483156562e-05,5.7966672102338634e-06,-3.529970308591146e-05,3.2191649779633735e-05,-8.82446693140082e-06
-8.800101113592973e-06,-4.63580662426466e-05,5.214002476350288e-05,-1.8487677834855276e-05,1.3963385754323099e-05,-4.263435656071124e-06,6.468711035267916e-06,-9.050760581885697e-06,1.5868266473262338e-05,-6.319280146271922e-06,1.7424247857888986e-05,-1.2585313925228547e-05
-1.0600975883789943e-05,-2.1164365080039715e-05,2.479536306054797e-05,-9.035532457346562e-06,5.025193331675837e-06,8.808688107819762e-06,5.834790727021755e-06,1.1152417300763773e-06,6.69766213512446e-06,-8.581777819927083e-06,9.114620752370683e-06,-1.200890937980148e-05
-7.887824267527321e-06,-3.6868163078906946e-05,3.821971949946601e-05,-1.4324753522032552e-05,5.161452975244174e-06,-1.936524654411187e-06,5.23453581990907e-06,-7.753574607249902e-06,2.079693877021782e-05,-1.5100000837264815e-05,2.913410025939811e-05,-1.4675905731564853e-05
4.979181085218443e-06,-0.00013139160728314891,0.00015011869618319906,-2.9424596164062677e-05,6.761406621080823e-05,-3.783432475756854e-06,-6.383629624906462e-07,-1.8848638092094916e-05,6.349902378133265e-06,-5.245828833722044e-05,3.6992598325014114e-05,-2.9509522846637992e-05
2.3656421035411768e-05,-7.752129022264853e-05,6.063649743737187e-05,-6.474255496868864e-05,-1.2105550013075117e-05,7.928537797852186e-06,2.011054721151595e-05,4.680103863563545e-06,1.7706912331050262e-05,-7.8577967315141e-06,2.5023928628797876e-05,2.4842447601258755e-06
-9.05690990293806e-06,-5.3786700846103486e-05,5.703938495571492e-05,-1.2458388937375275e-05,2.6835100925381994e-05,5.447954663395649e-06,-1.0634357749950141e-07,9.189354841510067e-07,1.1516749509610236e-07,-1.4697186998091638e-05,1.6899373392220696e-05,-1.715038843030925e-05
-1.1004567568306811e-06,-5.860794772161171e-05,5.987622034808737e-05,-5.5418845477106515e-06,3.833503069472499e-05,-3.957147285404972e-06,5.336962203728035e-06,-1.0339497293898603e-05,1.458591486880323e-05,-3.101491665802314e-05,1.6160678569576703e-05,-2.3732956265121175e-05
2.7254245651420206e-05,-6.626977301493753e-05,8.71632346388651e-05,-1.105304750126379e-05,4.447391074791085e-05,-2.6120671719809252e-05,-6.455634093072149e-06,-4.277215788306421e-05,2.201279585278826e-06,-3.273154470662121e-05,2.2851777089272218e-05,1.458380666008452e-06
1.6434006283816416e-05,-8.307595089718234e-05,7.50881117710378e-05,-1.0750699857453583e-05,5.003355909138918e-05,-5.843407961947378e-06,-3.773681555685471e-06,-1.0676614692783915e-05,3.289420419605449e-06,-3.4159662391175516e-05,1.2770157809427474e-05,-9.335236882179743e-06
-8.058570472257998e-06,-8.861547030392103e-05,0.00010172345355385914,-1.407953777743387e-05,5.2824141675955616e-05,-4.779971277457662e-06,3.0446964274233324e-06,-1.1740679838112555e-05,9.476161864085952e-06,-3.521553207974648e-05,2.4271185168345255e-05,-2.8849876798631158e-05
6.5179785906366305e-06,-2.9021348382229917e-05,2.2478056052932516e-05,-1.9408493471928523e-05,-2.946344466181472e-06,-3.264394763391465e-07,6.571523044840433e-06,-2.985831997648347e-06,1.0495228934814804e-05,-3.3087844713008963e-06,1.258565907846787e-05,-6.512036634376273e-07
-1.0165204912482295e-05,-4.0854192775441334e-05,4.336868823884288e-05,-3.141307172427332e-05,-6.264928515520296e-06,6.894662746503855e-06,1.7706596736388747e-05,2.948234850919107e-06,2.0244566265148478e-05,-9.154558938462287e-06,2.2867795905767707e-05,-1.6178587429749314e-05
6.595086119887128e-06,-7.518837992392946e-05,8.001195692486363e-05,-4.1287222074970487e-05,1.727091307657247e-05,1.3797307474305853e-07,1.536783270239539e-05,-1.6901350591069786e-05,2.6741990041045938e-05,-2.4609829893051938e-05,3.1950285119819455e-05,-2.008925571317377e-05
2.0398619653860806e-05,-2.9302810617082287e-05,3.531324000505265e-05,-1.3320669040695066e-05,1.7463885455981654e-05,-2.762944859568961e-06,-2.2535598418471636e-06,-6.997753359883063e-06,8.531478670192882e-07,-2.237672151750303e-05,1.0978546583828575e-05,-7.992980499693658e-06
3.1581962502968963e-06,-1.7437257156416308e-05,3.253758313803701e-05,-1.0685232155083213e-05,8.936850008467445e-06,-7.767228453303687e-06,-4.851722678722581e-06,-1.0396102993581735e-05,1.1418893109294004e-05,-1.4442809060710715e-05,2.1089736037538387e-05,-1.1560905932128662e-05
1.2200381661386928e-05,-5.00850728712976e-05,5.469970074045705e-05,-2.3679602804804745e-05,2.00445256268722e-05,-1.0678224327875796e-05,-5.77823357161833e-07,-1.3714733540837187e-05,9.823125083130435e-06,-1.3938127722212812e-05,1.9465775721982936e-05,-3.5599217227400004e-06
2.807764553836023e-05,-0.00011271742096141679,0.00010267973084410187,-4.942140071761969e-05,3.1319994832301745e-05,-1.7922184269991703e-07,1.8679667846299708e-05,-2.030656060014735e-05,2.453838624205673e-05,-4.842713042307878e-05,3.898093257248547e-05,-1.3224620488472283e-05
1.1950857697229367e-05,-5.585536564467475e-05,7.355460797953128e-05,-2.5648135306255426e-05,2.5621483928262023e-05,-1.6751618204580154e-05,-8.016335357297066e-06,-1.4005567834374233e-05,1.0305526302545331e-05,-1.9024359062314034e-05,2.2104414711066056e-05,-4.235504889038566e-06
1.1601450751186348e-05,-7.174034954005037e-05,6.705746363877552e-05,-2.5610002921894193e-05,2.228555422334466e-05,9.413907946509426e-07,5.452238610814675e-06,-8.194574093067786e-06,1.1929576629654548e-05,-2.8048691802950998e-05,2.2198551732799388e-05,-7.872613721815469e-06
5.892117087569204e-06,-4.405891127134964e-05,6.976092390686972e-05,-1.3144089962224825e-05,2.5307111968686513e-05,-1.2892196195934957e-05,-1.0399613984191092e-05,-1.0473297038515739e-05,-1.706092120912217e-07,-1.398438280375558e-05,1.218857869389467e-05,-8.025632496355684e-06
5.6425534467052785e-06,-0.00015791887381055858,0.0001716638889774913,-5.744236932514468e-05,6.592801764782052e-05,-1.1003983217960922e-05,1.3728919487476787e-05,-2.4127301912812982e-05,3.114406808890635e-05,-5.81813410462928e-05,5.496947915162309e-05,-3.440305408730637e-05
3.0799046726315282e-06,-1.962083115358837e-05,4.6131086492096074e-05,-5.738438630942255e-06,1.673364408816269e-05,-1.6031002360250568e-05,-1.180651406684774e-05,-1.5811916910024593e-05,8.713918759895023e-07,-8.321631867147516e-06,1.8691702280193567e-05,-8.177395102393348e-06
2.26181705329509e-05,-5.6772703828755766e-05,5.23278158652829e-05,-2.8090323212381918e-05,1.6483728813909693e-05,-3.1694185054220725e-06,-3.7570862332358956e-06,-1.3936004393144685e-05,1.4174800526234321e-05,-2.4911440050345846e-05,2.2593073992993595e-05,2.4393868898187065e-06
3.5968951124232262e-06,-2.0638585283450084e-05,2.3520056402048795e-05,-3.411950117993001e-06,1.3924624227001914e-05,-6.840510309302772e-06,-5.065648906565912e-06,-9.926992277087265e-06,5.1285250037835795e-06,-1.0112251601412936e-05,1.042192343447823e-05,-5.960863518339465e-07
9.641222959544393e-06,-4.838662414385908e-05,3.506646430651017e-05,-3.311541786388261e-05,-4.833758339373162e-06,6.69212067805347e-06,9.098395366891054e-06,2.633885287650628e-06,1.7291364429183886e-05,-1.2875261745648459e-05,2.3315530796708117e-05,-4.52791755378712e-06
-6.444686334816652e-06,-7.135381747502834e-05,0.00011345031816745177,-3.796625605900772e-06,7.015083065198269e-05,-2.016018333961256e-05,-1.2150470865890384e-05,-2.3619632884219754e-05,7.316089067899156e-07,-3.692997051985003e-05,1.699974427538109e-05,-2.6877115487877745e-05
5.5073669500416145e-06,-5.343323095985397e-05,4.957424971507862e-05,-1.3264198059914634e-05,2.4242249310191255e-05,-2.7580199457588606e-06,5.9176118156756274e-06,-7.1995455073192716e-06,6.5092372096842155e-06,-1.9817047814285615e-05,1.3048500477452762e-05,-8.327170689881314e-06
-4.98260922654481e-06,-1.5711315427324735e-05,3.974298215325689e-05,1.696784693194786e-06,2.7763925572799053e-05,-1.429066423952463e-05,-1.1258498034294462e-05,-1.1059596317863907e-05,1.4605337810280616e-06,-9.100457646127325e-06,7.791506050125463e-06,-1.2052592524014472e-05
1.3580806808022317e-06,-0.00010439995276101399,0.00011298179379082285,-5.037694609200116e-05,1.4380731954588555e-05,6.1675264078076e-06,9.1583106041071e-06,-4.237764755998796e-06,2.6227089620078914e-05,-2.8677819159383944e-05,3.9438873500330374e-05,-2.2019923108018702e-05
8.915936120956758e-06,-3.308456507511437e-05,2.8944054065505043e-05,-2.03774858533734e-05,5.490814146469347e-06,2.5394190856786736e-06,3.6177248148305807e-06,-1.708384388621198e-06,3.843231752398424e-06,-6.593127181986347e-06,7.000430741754826e-06,1.4119486877461895e-06
2.4330083761014976e-06,-2.9748706992904772e-05,3.8614723962382413e-05,-1.908949116113945e-05,3.3560172596480697e-06,6.375024895532988e-06,4.479116910260927e-06,-1.330486566075706e-05,7.358954007941065e-06,-1.3921289792051539e-05,1.500633652540273e-05,-1.5588248061249033e-06
1.0451849220771692e-05,-2.9901048947067466e-05,3.8318103179335594e-05,6.277191914705327e-06,3.232471044611884e-05,-7.0968523004921735e-06,-6.537144656704186e-07,-1.0997576282534283e-05,-8.099759838842147e-06,-2.1615854734591267e-05,-4.154087946517393e-06,-4.852957317780238e-06
1.7613572481423034e-05,-6.835237854829757e-05,6.838105059614463e-05,5.9405938372947276e-06,5.7229337883768494e-05,-8.847779753295981e-06,-7.76767592469696e-07,-2.1419079530460294e-05,-8.063826044235611e-06,-3.9145418668340426e-05,6.778664555895375e-06,-9.33796491153771e-06
2.1637260942952707e-06,-1.757231802912429e-05,3.0188050004653633e-05,4.1719613363966346e-07,1.5161665942287073e-05,-9.687843885330949e-06,4.131024979869835e-06,-1.9149817489960697e-05,1.9216603959648637e-05,-3.109690715064062e-05,1.9540247194527183e-05,-1.3311623661138583e-05
3.506311259116046e-07,-4.0166951293940656e-05,5.284943517835927e-05,1.4687448128825054e-06,3.232692415622296e-05,-4.816368345927913e-06,-4.29694409831427e-06,-1.2114956462028204e-05,3.1378694984596223e-06,-2.415370454400545e-05,9.133516869042069e-06,-1.37181928607788e-05
-9.71289762219385e-06,-2.912329728133045e-05,4.097254713997245e-05,1.302902592215105e-05,3.7766680179629475e-05,-6.423216518669506e-06,-2.2488817990051757e-06,-1.1692233783833217e-05,-3.668103545351187e-07,-2.0894328372378368e-05,5.620982165055466e-06,-1.692757086857455e-05
-7.5155330705456436e-06,-2.7087245598522713e-05,5.4934356739977375e-05,1.951480226125568e-05,4.959756552125327e-05,-1.8172887848777464e-05,-1.863906527432846e-05,-1.6011458342291007e-05,-7.863445262046298e-06,-1.7567125723871868e-05,4.345383331383346e-06,-1.5535343209194252e-05
-8.360516972061305e-06,-2.3842028213039157e-05,3.21690217788273e-05,-1.4174732427818526e-06,1.6720062149033765e-05,1.5547899749890348e-06,2.580057753220899e-06,-2.2571205136046046e-06,3.0825344765617047e-07,-1.1551398074516328e-05,7.833359859432676e-06,-1.373700888507301e-05
-7.518051234001177e-06,-3.722681685758289e-05,4.092147446499439e-05,-5.520474473996728e-06,2.2833337880001636e-05,-1.9444159988779575e-06,4.7928126036822505e-06,-3.279013981227763e-06,5.878920319446479e-06,-1.301190241065342e-05,8.792720109340735e-06,-1.4718593774887268e-05
-1.5366889556389651e-06,-3.3723645174177364e-05,4.310367694415618e-05,-1.1712277228070889e-06,3.573942922230344e-05,-8.881217127054697e-06,-1.5011339655757183e-06,-1.2709206657746108e-05,2.985297840041312e-06,-2.1147576262592338e-05,8.854801535562729e-06,-1.0012508482759586e-05
6.194808065629331e-06,-5.319896081346087e-05,7.127971639420139e-05,1.4399258247976832e-05,5.794842763862107e-05,-1.519449051556876e-05,-1.163775846180215e-05,-2.125900937244296e-05,-2.0064935597474687e-06,-3.786762954405276e-05,6.089233352213341e-06,-1.474709938520391e-05
7.590850145788863e-06,-8.598346676080837e-05,9.403757667314494e-05,-2.5745272978383582e-05,4.7742451252386076e-05,-6.690469717796077e-06,6.554223318744334e-06,-1.1037166132155107e-05,1.0610449862724636e-05,-3.9626382204005495e-05,1.556309462102945e-05,-1.3015885087952483e-05
-1.164789227914298e-05,-4.818484103452647e-05,7.91101342656475e-05,7.47312742532813e-06,5.039081474933482e-05,-1.5510235243709758e-05,-1.7176296296383953e-05,-1.2069125887137488e-05,-1.949015768332174e-06,-2.162209489142697e-05,1.4797813378208957e-05,-2.3612390577909537e-05
7.023695388852502e-06,-6.580331864824984e-05,4.5644336751138326e-05,-6.0000099438184407e-05,-7.596793693664949e-06,1.627454298613884e-05,2.4681144623173168e-05,8.235870524231359e-06,2.1966696294839494e-05,-1.5284988762687135e-05,2.303520204804954e-05,1.8237124095321633e-06
-4.084498641532264e-06,-2.5582009129720973e-05,3.750997802853817e-05,-1.5589193935738876e-06,2.0304451027186587e-05,-4.3979736119581503e-07,5.749939191446174e-07,-9.852066568782902e-06,4.897433427686337e-07,-1.5511359606534825e-05,5.899914640394854e-06,-7.750430540909292e-06
7.4898614457197255e-06,-2.4563430997659452e-05,1.9940534912166186e-05,-4.3257496145088226e-06,1.0186625615915545e-05,-1.8176997400587425e-06,2.5060926418518648e-06,-1.102867486224568e-05,9.136165772360982e-06,-1.2738957593683153e-05,1.1086011284078268e-05,-5.87077693126048e-06
7.712266096859821e-06,-4.617578883880924e-05,4.647427090276324e-05,1.3099452189635485e-07,3.344077686051605e-05,-4.932199544782634e-06,4.960326350555988e-06,-2.419013162580086e-05,1.0642182132869493e-05,-2.9903176255174913e-05,1.6272307675535558e-05,-1.4431832596528693e-05
8.242582197226511e-06,-4.259630441083573e-05,6.854848106740974e-05,4.849220204050653e-06,5.314570080372505e-05,-2.6102732590516098e-05,-9.054225301952101e-06,-3.346156336192507e-05,7.677763051106012e-06,-2.972337188111851e-05,2.0963453607691918e-05,-2.2489002617476217e-05
1.608799584573717e-05,-2.5849914891296066e-05,3.355336230015382e-05,1.1536642432474764e-05,2.9907148928032257e-05,-2.0585378933901666e-05,-2.23138404180645e-05,-2.2065278244554065e-05,-1.5861239148762252e-06,-1.7444928744225763e-05,1.727746166579891e-05,1.4828583516646177e-06
-4.276265826774761e-06,-9.291839796787826e-05,8.868020995578263e-05,-2.8815909900004044e-05,2.8777230909327045e-05,1.0542148629610892e-06,9.971606004910427e-06,4.243538569426164e-07,1.2160483493062202e-05,-2.323468288523145e-05,3.3683894798741676e-05,-2.5506744236736267e-05
2.103036217704357e-05,-0.0001090573950932594,0.0001200864271595492,-5.752049833063211e-05,1.7496368855063338e-05,6.089945827625343e-06,1.3753272757099921e-05,-1.0659402960300213e-05,1.584063238624367e-05,-3.277499672549311e-05,3.542739466411149e-05,-1.9712108837666165e-05
8.940362931753043e-06,-5.9817468354594894e-05,5.294369975672453e-05,-2.583043396953144e-05,2.27579478178086e-05,1.2904793038615026e-06,1.4172587270877557e-05,-5.713523933081888e-06,1.2983894521312322e-05,-2.5089513712828193e-05,1.5757359278723015e-05,-1.2395392275266204e-05
2.298636400155374e-05,-3.4636495911399834e-05,1.4836339687462896e-05,-1.4795829429203877e-05,5.038206836616155e-06,6.890099939482752e-07,1.5124538549571298e-05,-1.434862178939511e-05,1.7007023757287243e-05,-2.9469220635292004e-05,1.7129643140378903e-05,4.390449248603545e-07
-2.5766148610273376e-06,-5.0679365813266486e-05,5.71163727727253e-05,-3.171653406752739e-05,1.0472132998984307e-05,-2.2939627797313733e-07,-4.100510750504327e-06,4.0142763282347005e-06,3.246070718887495e-06,-7.114995241863653e-07,1.3241669876151718e-05,1.9233948478358798e-06
2.1335857571358474e-05,-9.491041237197351e-05,8.39404201542493e-05,-4.910814641334582e-05,1.538769902253989e-05,5.031412257494594e-06,8.804745334600739e-06,-3.3343530958518386e-06,2.0011738058656192e-05,-2.7900206077902112e-05,2.503280575183453e-05,-4.291559889679775e-06
6.932888254596037e-06,-2.663784925971413e-05,2.8665194079735556e-05,-1.2816557500627823e-05,1.0463190392329125e-05,-4.527886833471939e-06,-9.307113941758871e-07,-7.189904977167316e-06,5.1344028406674624e-06,-8.928583383749356e-06,1.3399404053870967e-05,-3.5635853237181436e-06
3.4624399631866254e-06,-2.883556589949876e-05,4.0038257793639787e-05,-1.2761308425979223e-05,1.5871532013989054e-05,-7.605868972859753e-06,-1.1861620805575512e-06,-1.2970035186299356e-05,8.644624131193268e-06,-1.3660273452842375e-05,1.458073393223458e-05,-5.57837802261929e-06
1.2056591231157654e-05,-2.8025593564962037e-05,2.1384254068834707e-05,-3.699279113789089e-05,-2.0775467419298366e-05,8.04703995527234e-06,6.5663109580782475e-06,5.21405218023574e-06,8.071171350820805e-06,4.3343970901332796e-07,1.2349966937108547e-05,1.1671027095871978e-05
7.191042413978721e-06,-2.430050244583981e-05,5.9418107412057e-05,1.4898294466547668e-05,4.5501637941924855e-05,-2.88126298073621e-05,-2.0886975107714534e-05,-2.928995127149392e-05,-8.204501924069518e-06,-2.3655751647311263e-05,1.3874150170067878e-05,-5.732918907597195e-06
6.584483003280184e-06,-5.342600434232736e-05,3.800907597906189e-05,-1.0094372555613518e-05,1.8565004779702576e-05,7.877724783611484e-07,1.3179605957702734e-06,2.469536639182479e-06,1.6954189050011337e-05,-2.8961127100046724e-05,1.86662755368161e-05,-1.0872793609451037e-05
-1.710517926767352e-05,-0.00010608677803247701,0.00011456815627752803,-2.086500421683013e-05,4.615258887952223e-05,-1.7821494111558422e-06,5.552131028707663e-06,-6.915216545166913e-06,2.5121297085206606e-05,-4.343316146560028e-05,3.9549464418087155e-05,-3.475614539638627e-05
-6.9689358497271314e-06,-3.782417479669675e-05,3.322331031085923e-05,-2.842287790372211e-05,-4.149478627368808e-06,9.07522098714253e-06,9.325266091764206e-06,5.6717008192208596e-06,1.5355010759776633e-05,-1.5664409147575498e-06,2.0163619410595857e-05,-1.3882211533200461e-05
8.851524398778565e-06,-9.85171882348368e-05,0.00010778767318697646,-2.1319446204870474e-05,4.610712676367257e-05,-7.76391811996291e-06,2.2807457753515337e-06,-1.6047304143285146e-05,1.2837120721087558e-05,-4.531193644652376e-05,2.9612980142701417e-05,-1.851737852121005e-05
-3.9783183183317306e-06,-7.663747601327486e-05,9.734410559758544e-05,6.943854714336339e-06,6.24716321908636e-05,-1.2052709507770487e-05,-1.500992766523268e-05,-1.8757275711323018e-05,2.4707739498808223e-06,-3.957188437198056e-05,1.248491298611043e-05,-1.5707690181443468e-05
-1.1286392918918864e-05,-2.7477590833768772e-05,3.428125364735024e-05,5.104971023683902e-06,2.528450636418711e-05,-5.758148290624376e-06,-1.9740923562494572e-06,-7.061575615807669e-06,5.620251158688916e-06,-1.248219655280991e-05,9.14701968213194e-06,-1.339800473942887e-05
8.421977327088825e-06,-3.9728554838802665e-05,3.944436957681319e-05,-8.723088285478298e-06,2.189697397625423e-05,-8.086028628895292e-07,-5.449232958198991e-07,-4.991375135432463e-06,-1.2028230607086243e-06,-1.8643756448000204e-05,6.145229008325259e-06,-1.2654268175538164e-06
3.0707360565429553e-07,-3.094123985647457e-05,5.144685155755724e-05,1.0323850801796652e-05,3.488149343411351e-05,-5.489677960213157e-06,-8.885369879862992e-06,-9.811689324124018e-06,-7.90443186815537e-06,-2.547216126913554e-05,2.5415866957700928e-06,-1.0996285936926142e-05
3.84631266570068e-06,-2.3105577611204353e-05,2.373994266235968e-05,9.827863323152997e-07,1.5574664757878054e-05,-6.790223125108241e-06,5.657804692305035e-06,-1.051518484018743e-05,3.028475845212597e-06,-1.2003812116745394e-05,2.0082734408788383e-06,-2.4234641387010925e-06
-8.140671980072511e-06,-4.295244798413478e-05,5.990175122860819e-05,8.918991625250783e-06,4.779475602845196e-05,-4.828609121432237e-06,6.721705972267955e-06,-2.346424025745364e-05,5.141368092154153e-06,-4.0590161916043144e-05,1.8051185975309636e-05,-2.655363095982466e-05
1.4726174413226545e-06,-3.4790765084835584e-05,3.391702995259038e-05,-2.3718744159850758e-06,1.6263759789580945e-05,-8.577686003263807e-06,5.576666808337905e-07,-7.621359145559836e-06,1.2054102171532577e-05,-1.5074499060574453e-05,1.3440694146993337e-05,-9.269686415791512e-06
3.6834376260230783e-06,-7.983397335920017e-05,8.22379079181701e-05,-4.559470608000993e-05,6.9520810939138755e-06,5.329346322469064e-06,8.450580821772746e-06,-1.2082537068636157e-06,2.2474050183518557e-05,-2.3747956220177002e-05,3.7941953934250705e-05,-1.6684477486705873e-05
8.92029558485774e-06,-2.6332690140407067e-05,3.167721843055915e-05,-1.261737429558707e-05,2.6044162950711325e-06,-8.855014129949268e-06,-1.912670995807275e-06,-8.302387868752703e-06,1.0087598184327362e-05,-1.72217460203683e-05,3.0457402317551896e-05,-8.505045116180554e-06
-7.543758442807302e-06,-3.536185340635711e-05,6.198771006893367e-05,8.54544521189382e-06,4.1472867224001675e-05,-1.3233273989499139e-05,-7.009694172666059e-06,-1.805668807719485e-05,-4.556346539175138e-06,-2.4459607175231213e-05,1.1238499382670852e-05,-1.3023302926740143e-05
-1.925616402331798e-06,-4.61071940662805e-05,6.406643024092773e-05,1.1538865237525897e-05,5.4911262850509956e-05,-1.3404142919171136e-05,-1.0759385872916027e-05,-1.2892579434264917e-05,-3.898731847584713e-06,-3.545744220900815e-05,1.2982553244000883e-05,-1.9054023823628086e-05
-1.204690374834172e-05,-2.6416563741804566e-05,2.628627680678619e-05,-9.82762216494848e-06,7.159268989198608e-06,3.562522437050575e-06,2.622241595418018e-06,8.118599907902535e-07,1.1623225873336196e-05,-6.9739471655339e-06,1.3466737680545293e-05,-1.026709389861935e-05
1.3707172570320836e-06,-5.1279446324770106e-05,4.356570684649341e-05,-2.075775591947604e-05,7.46852083466365e-06,6.001478823236539e-06,1.3499432498065289e-05,-6.992386261117645e-06,2.2933348191145342e-05,-2.5768827072170097e-05,1.989811744351755e-05,-9.938906032402883e-06
-8.08939284979715e-06,-4.1723762478795834e-05,5.015642659600417e-05,-8.288254321087152e-06,2.6181254725088365e-05,-4.542367605608888e-06,3.702010872075334e-06,-1.1427007621023222e-05,8.801580406725407e-06,-1.3540726172323048e-05,1.9543530470400583e-05,-2.0773291907971725e-05
-7.236876626848243e-07,-1.7145054698630702e-05,2.2993945094640367e-05,2.7140217753185425e-06,1.6351342310372274e-05,-5.595891821030818e-06,-6.498152174572169e-06,1.2370992408250459e-07,-5.434143986349227e-06,-5.525255801330786e-06,9.322266123490408e-07,-2.1930582079221494e-06
9.747292551764986e-06,-0.00010966094669129234,0.00010793469709824421,-3.329179162392393e-05,3.331540574436076e-05,-7.134049155865796e-07,-5.645404826282174e-06,-5.967012384644477e-06,1.053570443332319e-05,-3.260363655499532e-05,3.671759077406023e-05,-1.0368492439738475e-05
-2.4079827198875137e-06,-1.3505781225831015e-05,2.5101883693423588e-05,9.940634299709927e-06,2.0039860828546807e-05,-7.703802111791447e-06,-7.6129945227876306e-06,-1.018778948491672e-05,-4.3523493786779e-07,-1.1163430826854892e-05,4.471527063287795e-06,-6.536892215081025e-06
9.48799629441055e-06,-1.1763739621528657e-05,1.717931081657298e-05,1.2142302352913248e-05,2.1939549810667813e-05,-7.403613153655897e-06,-8.601796707807807e-06,-7.512925549235661e-06,-6.567267291757162e-06,-1.1587116205191705e-05,-5.80095411351067e-06,-1.5117487208726743e-06
-6.881494698518509e-07,-1.775147688931611e-05,2.306272335772519e-05,1.7477339497418143e-05,3.4273950859642355e-05,-8.40569236970623e-06,-1.09070294911362e-05,-7.052173714328092e-06,-6.609765364373743e-06,-1.5363496459031012e-05,-8.383858585148118e-07,-7.197844098527639e-06
-4.375142907520058e-06,-2.0971010712855787e-05,4.518900618677435e-05,9.359452860735473e-06,3.114020000793971e-05,-1.880879040072614e-05,-9.41437724577554e-06,-2.1157994154918924e-05,3.910399755113758e-06,-1.7067052610286737e-05,1.6517341919097817e-05,-1.4322032484415104e-05
2.704598500713473e-06,-1.669921448410605e-05,2.3625379526492907e-05,-3.1647073228668887e-07,1.3445105651044287e-05,-6.6925765906944434e-06,-5.283703231384607e-06,-5.765876267105341e-06,3.1415553394253948e-06,-8.55151188261516e-06,4.357142188382568e-06,-3.964428969993605e-06
-6.373915027779731e-06,-1.140157019108301e-05,3.960601497965399e-05,4.611378244590014e-06,2.884354307752801e-05,-1.5394376532640308e-05,-1.2806938457288197e-05,-1.3098017006996088e-05,-5.647420948662329e-07,-1.1210355751245515e-05,9.426012638868997e-06,-1.1637032002909109e-05
7.806781695762766e-06,-3.531604579620762e-05,6.116393888078164e-05,-2.894503268180415e-06,4.0119435425367556e-05,-2.2663611844109255e-05,-1.7683900296106003e-05,-2.2909619474376086e-05,-4.222121788188815e-06,-2.035013494605664e-05,2.6813806471182033e-05,-9.864023923000786e-06
1.6642203490846441e-06,-3.2712358006392606e-05,4.854805865761591e-05,-1.518614999440615e-05,1.177056105916563e-05,-5.070484327518443e-06,-4.110131158086006e-06,-4.952678182235104e-06,3.830339665000793e-06,-9.27530254557496e-06,1.4218353953765472e-05,-8.724426606931956e-06
2.6618045012583025e-06,-7.403291238006204e-05,6.617171675316058e-05,-2.7377587684895843e-05,1.4774107853554597e-05,7.356569312833017e-06,1.1346789960953174e-05,6.760910764569417e-08,1.690493354544742e-05,-2.760068036877783e-05,2.4520509214198682e-05,-1.4792861293244641e-05
-4.631704996427288e-06,-7.458430991391651e-05,6.667741035926156e-05,-2.560235861892579e-05,2.3102542741071375e-05,1.0037963420472806e-05,6.346126951939368e-06,1.2326669320827932e-06,1.4185119653120637e-05,-2.5058728169824462e-05,2.339378170290729e-05,-1.5098509265953908e-05
-2.3394511572405463e-06,-1.3700231647817418e-05,2.552947717049392e-05,2.9488246582332067e-06,1.654719471844146e-05,-9.674701004769304e-06,-7.926932767077233e-06,-6.181256139825564e-06,-3.2444431781186722e-06,-4.270194949640427e-06,6.446785846492276e-06,-4.135074050282128e-06
5.284027224661259e-07,-2.9121481929905713e-05,3.208459384040907e-05,5.746092028857674e-07,2.025368758040713e-05,-3.7596018955809996e-06,5.757291319241631e-06,-1.0350473701237206e-05,1.0283760616403015e-05,-2.901478910644073e-05,1.2942341527377721e-05,-1.0178342563449405e-05
2.536030933697475e-06,-4.400452326080995e-05,5.8943462136085145e-05,5.718782318808735e-06,4.5457582928065676e-05,-1.1418433786047899e-05,-4.501065461681719e-06,-1.818800410546828e-05,-6.170116648718249e-07,-2.9541069125116337e-05,5.721169600292342e-06,-1.0106918239216611e-05
-2.601267453883338e-06,-3.8997050523903454e-05,6.14090592989669e-05,2.769981620076578e-06,3.888745675340033e-05,-1.036917331020959e-05,-1.0065397873404436e-05,-1.1785517244788934e-05,-2.8917543204443064e-06,-2.7939131513221582e-05,1.4639772416558117e-05,-1.3056977991254826e-05
1.986741062864894e-05,-6.521409704873804e-05,6.031693555996753e-05,-3.0318043627630686e-05,1.686787527432898e-05,3.4018311936279133e-06,7.6199417264888325e-06,-9.41572204737895e-06,7.772681783535518e-06,-2.126551407855004e-05,1.59985970640264e-05,-5.631896556224092e-06
6.5250198986177566e-06,-2.7997579309158027e-05,2.0561348719638772e-05,-1.5360589713964146e-05,1.96924611373106e-06,1.426336211807211e-06,4.642651219910476e-06,1.467657853027049e-07,6.455071343225427e-06,-1.9774324755417183e-06,6.285413292062003e-06,-2.6762527340906672e-06
-4.868722044193419e-06,-3.072466552112019e-05,2.462621682752797e-05,-2.0285495338612236e-05,-7.578098006888467e-07,6.87747137817496e-06,5.9359999795560725e-06,3.440485897954204e-06,6.097116738601471e-06,3.96743507735664e-06,9.541157851344906e-06,-3.8491889426950365e-06
-8.488344519719249e-06,-6.28314627419968e-05,6.457634299295023e-05,-7.106048087734962e-06,2.369249068578938e-05,-2.5362614906043746e-06,2.6450543373357505e-06,-5.921395768382354e-06,1.1408535101509187e-05,-2.4903047119551047e-05,2.696810224733781e-05,-1.7503964954812545e-05
-1.7616904187889304e-05,-9.03551590454299e-05,0.00010356541679357179,1.0453612048877403e-05,6.526897141156951e-05,-1.795422849681927e-05,1.6675548977218568e-06,-2.29037138979038e-05,1.6093723843368934e-05,-4.83505009469809e-05,3.201217032255954e-05,-3.1880944789008936e-05
9.645832051319303e-06,-7.004043800407089e-05,5.370674989535473e-05,-1.2233222150825895e-05,3.574878428480588e-05,-5.022822733735666e-06,2.0467133708734764e-05,-2.3640317522222176e-05,2.436764134472469e-05,-4.146533547100262e-05,2.5447936423006468e-05,-1.6981940007099183e-05
8.521418749296572e-06,-0.00012115921708755195,0.00012473990500438958,-6.004226162303894e-05,2.0395038518472575e-05,9.217611477652099e-06,2.2158381625558832e-05,-1.0626479166830904e-05,3.923412918993563e-05,-5.1536987484723795e-05,5.862407670065295e-05,-3.952562201448018e-05
4.373770480015082e-06,-7.222365093184635e-05,8.244688069680706e-05,-2.281549515714687e-05,3.116247415846374e-05,8.191927918232977e-07,2.035150828305632e-06,-4.019889729534043e-06,5.759996213328122e-06,-2.771284016489517e-05,2.1319227016647346e-05,-2.1144820493645966e-05
-2.1167716113268398e-06,-8.547699326300062e-05,7.088618258421775e-05,-1.1233317763981177e-05,3.751477379410062e-05,3.450702024565544e-06,1.8473839645594126e-05,-4.271952775525278e-06,1.411611401636037e-05,-4.0142509760698886e-05,2.2067933969083242e-05,-2.3268003502607826e-05
8.746061894271406e-06,-9.843154475674964e-05,0.00012759186211042106,-7.3767071171459975e-06,5.813087773276493e-05,-2.7177900847163983e-05,-1.4029030808160314e-05,-3.389163794054184e-05,1.753387959979591e-05,-4.9515503633301705e-05,5.4642434406559914e-05,-3.6222794733475894e-05
7.09533060216927e-06,-9.695317021396477e-05,9.450886136619374e-05,-2.9707785415666876e-05,3.091229700658005e-05,5.135498497566005e-07,3.6588957073036e-06,-8.137721124512609e-06,1.8395196548226522e-05,-3.521498729242012e-05,3.457539696682943e-05,-1.9645869087980827e-05
2.062380372080952e-05,-9.800182624530862e-05,0.00011939471619371034,-6.58521071272844e-06,5.537718027426308e-05,-1.9411499579291558e-05,-6.821442539717282e-06,-3.3849842111521866e-05,1.037896026900853e-05,-5.277399048964071e-05,3.493955716749042e-05,-2.3270404199138284e-05
1.8533760339778382e-05,-6.775641122658271e-05,8.425238638665178e-05,-3.8023472370696254e-08,3.0494877137243748e-05,-1.6521646841738402e-05,-1.357309884042479e-06,-2.9993601913247403e-05,3.0595084581364063e-06,-3.866537304020312e-05,2.9134841042832704e-05,-1.1143008123326581e-05
6.031249085935997e-06,-8.477383266836114e-05,8.822496374705224e-05,-2.8171040867164265e-05,4.6981525315459294e-05,-6.6946844299309305e-06,1.4947547015253804e-05,-2.2682161329612427e-05,2.6220436666335445e-05,-5.218114523675155e-05,4.2351575757493265e-05,-3.0254432203946635e-05
2.619824272187543e-06,-6.349724321808026e-05,6.73781657951622e-05,-1.8869487391270923e-05,3.185108198522357e-05,3.1724082418804755e-06,4.789430931850802e-06,-6.658277015958447e-06,7.054245998006081e-06,-3.333723310561254e-05,1.7261675438362545e-05,-1.176459170437738e-05
2.3376387616735883e-06,-0.00010838875095942058,0.00014052897313376889,2.238918295915937e-05,9.857073382590897e-05,-2.794080023704737e-05,-1.629327016416937e-05,-3.9788977915122814e-05,1.2955420061189216e-06,-6.647358532063663e-05,3.391914742678637e-05,-4.015583181171678e-05
-4.3684940465027466e-07,-9.37165787036065e-05,8.79185608937405e-05,1.6810927263577469e-06,5.8700601584860124e-05,-5.5197421033881255e-06,7.208936949609779e-06,-1.6923171642702073e-05,1.2599014553416055e-05,-4.7027824621181935e-05,2.140377500836621e-05,-2.588781717349775e-05
1.7000992556859273e-05,-6.166642742755357e-05,5.3494341955229174e-05,3.6948836168448906e-06,3.7127873838471714e-05,-3.4642206259150043e-06,-6.4460573412361555e-06,-1.2877561857749242e-05,6.934592647667159e-06,-3.594631016312633e-05,1.3534287973016035e-05,-1.1386396636225982e-05
1.593580782355275e-05,-9.137407596426783e-05,0.00010052013840322616,-2.457223217788851e-05,3.7708985018980457e-05,-8.041727369345608e-06,-1.4816386510574375e-05,-1.4146624835120747e-05,2.1851654224747108e-05,-4.086169155925745e-05,4.11690489272587e-05,-2.3372895157081075e-05
-8.57997565617552e-06,-4.248096047376748e-05,6.74587552111916e-05,3.620989082264714e-05,6.133639317340567e-05,-2.415682865830604e-05,-2.0499554921116214e-05,-2.6459966647962574e-05,-1.5760269889142364e-06,-3.5900160582968965e-05,2.0013117136841174e-05,-2.5364683096995577e-05
4.910677034786204e-06,-7.870018453104421e-05,6.866295234431163e-05,-4.362794243206736e-05,1.960692998181912e-05,6.417576514650136e-07,2.281563095607453e-05,-1.4405876754608471e-05,2.716854851314565e-05,-2.9652555895154364e-05,4.29388146585552e-05,-2.0358750134619186e-05
-2.909082922997186e-06,-4.227950739732478e-05,6.381266030075494e-05,-1.6599772607150953e-05,1.8929091311292723e-05,-9.272423994843848e-06,-3.6424953577807173e-06,-1.9626619177870452e-05,1.6967612282314803e-05,-2.072238112305058e-05,3.346702578710392e-05,-1.8124108464689925e-05
2.480936200299766e-05,-5.560221597988857e-05,6.689639326395991e-05,-2.610610863484908e-06,3.332632877572905e-05,-1.1846152801808785e-05,-7.192441444203723e-06,-2.531361678848043e-05,-3.038467184524052e-07,-4.0287529373017605e-05,2.442646257350134e-05,-6.302133442659397e-06
6.473620430824667e-06,-7.343261677306145e-05,6.456696428358555e-05,-3.053574164368911e-05,1.6660707842675038e-05,-1.9759809219976887e-06,1.3526643442673958e-05,-1.2499960803324939e-05,2.812538241414586e-05,-2.871373999369098e-05,3.900930278177839e-05,-2.1204578843025956e-05
4.685576072915865e-06,-4.8074483856908046e-05,5.633629163526166e-05,-1.0526072287575516e-05,3.003988103955635e-05,-7.759812206131755e-06,-4.2419515011715703e-07,-1.8671586417440267e-05,1.248309774837253e-05,-2.8748476324835792e-05,2.3161636818258557e-05,-1.2501856076596596e-05
1.560924920340767e-05,-7.879835538915358e-05,7.256351091200486e-05,-3.650361304607941e-05,4.807835239262204e-06,-1.2762681933509157e-06,1.987204313991242e-05,-6.792555950596579e-06,2.447984593345609e-05,-3.349210510350531e-05,3.2002968055167e-05,-1.2472555454223766e-05
-6.091080194892129e-06,-5.893295747227967e-05,6.511977153422777e-05,1.7893401945912046e-05,5.1279143917781767e-05,-8.697615839992068e-06,-5.982171842333628e-06,-1.7038400528690545e-05,1.2719656297122128e-06,-3.245053085265681e-05,1.571671464262181e-05,-2.208824298577383e-05
8.503072905341469e-06,-6.299128108366858e-05,6.569755169039126e-05,-3.426081184443319e-05,1.584490655659465e-05,-2.9575298867712263e-06,-6.015457984176464e-06,-5.406334821600467e-06,2.005074748012703e-05,-2.0867260900558904e-05,3.251686575822532e-05,-1.0114466476807138e-05
9.153506653092336e-06,-8.644812942293356e-05,8.074522065726342e-05,-2.495086869203078e-05,3.6378313780005556e-05,1.6291815825297817e-06,1.900901315821102e-05,-1.6161355063104565e-05,1.8638571873452747e-05,-4.378480070954538e-05,3.1268618386093294e-05,-2.54772753294219e-05
2.9430231734295376e-05,-5.421065179689322e-05,6.162185673019849e-05,-1.5378118860098766e-05,3.185394962201826e-05,-1.9584462279453874e-05,-7.3574756243033335e-06,-2.4356142603210174e-05,8.246022844105028e-06,-3.06698857457377e-05,2.5474291760474443e-05,-5.069612598163076e-06
-2.1303692392393714e-06,-5.644639168167487e-05,6.532963834615657e-05,3.180755811627023e-06,3.713614569278434e-05,-1.6323119780281559e-06,8.280630936496891e-07,-1.7304802895523608e-05,6.272983455346548e-06,-3.001255481649423e-05,1.8838026903722493e-05,-2.4059187808234128e-05
1.947805685631465e-06,-5.912738151891972e-05,5.306828848006262e-05,-5.109132666802907e-05,-7.880337761889677e-06,8.932759701707482e-06,1.4606820855078695e-05,4.075284778082278e-06,1.660722409724258e-05,-8.366916517843492e-06,3.1677363494964084e-05,-4.449585219390428e-06
2.3540826077805832e-05,-5.330043586582178e-05,5.486942973220721e-05,-4.1664538002805784e-05,5.625724952551536e-06,-9.280600806960138e-06,9.362858236272587e-06,-1.2649555173993576e-05,1.9982605863333447e-05,-1.9386033272894565e-05,2.589387986517977e-05,-2.9941616048745345e-06
1.5026813343865797e-05,-6.763532837794628e-05,8.181399243767373e-05,1.3407996220848872e-05,5.163172500033397e-05,-9.355534984933911e-06,-1.8839031781681115e-05,-2.0144617906225903e-05,-7.840850230422802e-06,-3.6279778214520775e-05,7.689978474445525e-06,-9.475362958255573e-06
2.9725642889388837e-06,-8.083768079814035e-05,8.780112148087937e-05,-2.8191232559038326e-05,3.242757884436287e-05,-2.1442953084260807e-06,6.011231732827582e-06,-8.998291889383836e-06,1.1790653843490873e-05,-3.055488195968792e-05,3.517267123243073e-05,-2.5449437544011744e-05
1.4286218629422365e-05,-5.887451888497708e-05,5.25969298905693e-05,-2.9951311830700433e-06,2.158069401048124e-05,-1.2305008851853927e-06,7.990973244886845e-06,-1.4371279121405678e-05,5.626865686281235e-06,-2.3927399979584152e-05,1.0214607300440548e-05,-1.0897456377279013e-05
1.166669630947581e-05,-5.317193426890299e-05,5.8176211723548477e-05,-5.016987756789604e-06,3.4499953926570015e-05,-9.333983143733349e-06,-8.05154718364065e-06,-1.1022472790500615e-05,4.331811396696139e-06,-2.9880069860155345e-05,1.8379095763521036e-05,-1.0576771728665335e-05
-7.7868057815067e-06,-8.317024185089394e-05,8.927195449359715e-05,5.738037543778773e-06,5.0385509894113056e-05,-3.7660502130165696e-06,-1.6571693777223118e-06,-1.8483560324966675e-05,1.2451921520550968e-05,-4.1207664253306575e-05,2.751267129497137e-05,-2.9288605219335295e-05
1.5243688721966464e-05,-0.00015105891543498728,0.0001498991587141063,-6.087118345021736e-05,3.925650753444643e-05,-9.469863471167628e-07,1.1213408356525179e-05,-1.717271970846923e-05,3.32394261022273e-05,-5.583235542871989e-05,6.275321948123747e-05,-2.572324865468545e-05
2.919650569310761e-06,-6.329248208203353e-05,5.9013542340835556e-05,-1.420991884515388e-05,4.061630534124561e-06,-1.5938380784064066e-06,1.4442893757404818e-05,-1.1103719771199394e-05,2.0299470179452328e-05,-2.606801990623353e-05,2.919765938713681e-05,-1.3666866834682878e-05
1.2369811656753882e-05,-9.792588389245793e-05,0.00011611048830673099,-4.013344550912734e-06,7.350212763412856e-05,-2.5752367491804762e-05,-1.6810337228889694e-06,-3.3546171835041605e-05,1.4535270111082355e-05,-5.9565734773059376e-05,3.844540026420873e-05,-3.247856545840477e-05
2.1120297788002063e-05,-6.008950367686339e-05,4.3921054384554736e-05,-3.172805872964091e-05,7.056589311105199e-06,2.389861037954688e-06,1.4884677966620075e-05,-5.495156074175611e-06,1.3528553608921356e-05,-2.415343215034227e-05,2.3827390123187797e-05,-5.262274726192118e-06
5.667081154570042e-06,-9.24268715607468e-05,0.00010219629075436387,-3.550320707290666e-05,3.8447825431831006e-05,-7.78968887971132e-06,4.827677003049757e-06,-2.3009595679468475e-05,2.9031290068814997e-05,-4.1924613469745964e-05,5.063698517915327e-05,-3.0153173611324746e-05
8.285206831715186e-06,-5.637936260427523e-05,7.897548857727088e-05,1.4027644283487462e-05,4.697907934314571e-05,-2.7594762144644847e-05,-1.6944406524999067e-05,-2.613404194562463e-05,7.72796011005994e-06,-4.066851033712737e-05,3.027963293789071e-05,-1.8553929947984216e-05
-2.610166120575741e-06,-8.749863263801672e-05,8.793676533969119e-05,-2.5526993340463378e-05,3.257809112255927e-05,-3.743271008715965e-06,2.208826877847514e-05,-1.6361766938643996e-05,3.5350753933016676e-05,-4.720661490864586e-05,3.433551319176331e-05,-2.934194344561547e-05
2.1913797354500275e-05,-0.00011776039991673315,0.00011171147707500495,-6.210312312759925e-05,2.3977504042704822e-05,-8.187057574104983e-07,1.032209752338531e-05,-1.493121658313612e-05,2.826116997312056e-05,-3.9155284525804745e-05,5.33069087396143e-05,-1.4724222580753121e-05
1.3850417417415883e-06,-7.85098832238873e-05,9.477790433720656e-05,-7.774171535857022e-06,6.646980091318255e-05,-1.884262564999517e-05,-1.0394594482932007e-05,-2.5279872943428927e-05,1.1192499187018257e-05,-4.565512699628016e-05,3.5439264593151165e-05,-2.280823991895886e-05
-1.468141363147879e-05,-5.3072326409164816e-05,6.754158312105574e-05,2.3634729586774483e-06,3.430780043345294e-05,-5.2334781912577455e-06,3.2678522075002547e-06,-2.0164725810900563e-05,1.867738791361262e-05,-3.5368261706025805e-05,2.6623924895829987e-05,-2.426182163617341e-05
-4.658744387597835e-06,-8.317024730786216e-05,9.454273822484538e-05,-1.2367358067422174e-05,3.706485040311236e-05,-5.684528332494665e-06,-2.379103079874767e-06,-1.4191656191542279e-05,1.8045782098852214e-05,-3.719074720720528e-05,4.1058528495341307e-05,-3.1069512260728516e-05
1.0895096124841075e-05,-5.658500776917208e-05,5.267371307127178e-05,-1.1099155017291196e-05,2.6692730898503214e-05,-3.7104737202753313e-06,4.587470854744424e-06,-1.2368332136247773e-05,7.63075877330266e-06,-2.9960893698444124e-05,1.7651448615652043e-05,-6.407353851045627e-06
1.895723494271806e-05,-9.682467498350888e-05,8.764430549490498e-05,-4.944117972627282e-05,7.957248271850403e-06,9.131622391578276e-06,1.9698632513609482e-05,-6.7527186615734536e-06,2.2047858919904684e-05,-2.7212333407078404e-05,2.937777117040241e-05,-1.4583767097064992e-05
-1.4313111478259088e-05,-4.882418443230563e-05,6.577171006938443e-05,2.482003765180707e-06,3.285992352175526e-05,4.7971116146072745e-06,-1.5227909898385406e-05,-1.1943097696587301e-05,1.6723720364097971e-06,-2.0188980215607444e-05,2.7892877824342577e-05,-2.497871537343599e-05
3.6546677620208357e-05,-5.384619453252526e-05,5.0459805606806185e-05,-1.0506753824301995e-05,2.530310030124383e-05,-1.2613179023901466e-05,-1.3035823940299451e-05,-1.8130160697182873e-05,-3.706750248966273e-06,-2.3487262296839617e-05,2.297030823683599e-05,4.6231889427872375e-08
3.9911395106173586e-05,-0.0001034042397805024,8.466633698844817e-05,-5.123318214828032e-05,3.180591284035472e-05,-7.662542884645518e-07,1.6023123180275434e-05,-1.870853520813398e-05,2.093573357342393e-05,-4.408374661579728e-05,3.205832945241127e-05,-7.20486968930345e-06
2.162089617741003e-05,-6.224012849997962e-05,4.8671859417481755e-05,-2.610890442156233e-05,2.4133414626703598e-05,-2.0297848095651716e-06,2.9033162718405947e-07,-1.0201315490121488e-05,1.145843444305683e-05,-2.0608444401659654e-05,2.1067051648060442e-05,-6.053411880202475e-06
1.2240461728652008e-05,-5.314354166330304e-05,5.7661996834212914e-05,-2.6960035029333085e-05,2.1752175598521717e-05,-4.679298683640809e-06,6.657172388457866e-06,-1.0607577223709086e-05,1.2485166280384874e-05,-1.8504651052353438e-05,1.1598656556088827e-05,-8.50052401801804e-06
3.726828708749963e-06,-6.384043808793649e-05,5.583112960039216e-05,-3.4227371543238405e-05,2.7046674858866027e-05,3.2700686460884754e-06,5.2583482101908885e-06,-5.211957841311232e-06,1.4379433196154423e-05,-1.786655207069998e-05,2.597280308691552e-05,-1.4338968867377844e-05
6.585199116670992e-06,-7.790792915329803e-05,8.709735084266867e-05,-5.265078470984008e-05,6.856894287921023e-06,6.2962205902294954e-06,2.4242635618065833e-05,-1.1297067430859897e-05,3.089180063398089e-05,-3.7732124837930314e-05,3.9554296563437674e-05,-2.193649424953037e-05
9.605490959074814e-06,-5.620068986900151e-05,5.022290497436188e-05,-5.0494781589804916e-05,-4.0839040593709797e-07,2.817617314576637e-06,1.0796656709999297e-05,-8.328864680606785e-06,2.5771148330022697e-05,-1.7037307770806365e-05,4.036998325318564e-05,-7.113770152500365e-06
1.08016997728555e-05,-0.0001291269509238191,0.0001373298691760283,-6.267195522013935e-05,6.413479059119709e-05,-1.1565120985324029e-05,7.2533130150986835e-06,-2.10533967219817e-05,3.2913971892867266e-05,-5.251269067230169e-05,5.3509018471231684e-05,-2.9012551976848044e-05
9.023411394082359e-06,-5.203504190376407e-05,5.377103661885485e-05,5.489032844252506e-06,3.462822598976345e-05,-1.03076135928859e-05,-8.909229791242979e-06,-1.8006889604293974e-05,6.865407158329617e-07,-2.2642178123533085e-05,1.3322321137820836e-05,-5.019617674406618e-06
1.2829970046368544e-06,-8.491572202729003e-05,9.214821977820975e-05,-3.846171080112981e-05,3.3032997635018546e-05,-2.632479805697585e-06,2.999066509801196e-06,-1.7975971786654554e-06,1.6665483599354047e-05,-2.8017306590299995e-05,2.7772492614985822e-05,-1.8076437299896497e-05
2.5450309294683393e-05,-5.858279519088683e-05,4.776618970936397e-05,-3.541672444384858e-05,2.0309758269831946e-05,-4.822689675165748e-06,-4.342319471106748e-06,-2.65350809058873e-06,1.0241278573630552e-05,-1.648406532694935e-05,2.2239024019654607e-05,-3.7044555938337e-06
7.885993454692652e-06,-6.961248345760396e-05,7.419496796501335e-05,-5.784665154351387e-05,1.3711064639210235e-06,-2.5620560109018697e-06,6.3853804022073746e-06,-5.516186121212741e-07,2.4017846499191364e-05,-8.852321116137318e-06,3.275439576100325e-05,-7.184555443018326e-06
-5.646157887895242e-06,-5.503284228325356e-05,8.876685569703113e-05,-1.6191406757570803e-06,5.582515768765006e-05,-2.3068152586347423e-05,-1.7776903632693575e-05,-1.3683682965393018e-05,7.397982244583545e-07,-2.532814960432006e-05,1.5765913303766865e-05,-1.894269507829449e-05
1.0916526662185788e-05,-4.69297228846699e-05,6.441116420319304e-05,-2.105840849253582e-05,6.140159166534431e-05,2.70675775482232e-05,2.24937966777361e-05,-1.9736414287763182e-05,1.0320171895727981e-05,-4.367288602225017e-05,-5.2189829148119316e-05,-1.3023559745306557e-05
-2.162295004382031e-06,-4.261721460352419e-05,6.627929178648628e-05,2.4006412786548026e-06,3.69298522855388e-05,-1.42026067351253e-05,-1.1527271226441371e-05,-1.6627275272185216e-05,3.828659828286618e-06,-2.089097415591823e-05,1.1288687346677762e-05,-1.2699497347057331e-05
-1.4680502317787614e-05,-6.061413841962349e-05,0.00010164387003896991,1.3952986591903027e-05,7.564254408976012e-05,-2.276466102557606e-05,-1.5065209481690545e-05,-2.9842975322935672e-05,3.3751803130144253e-06,-3.8892134398338385e-05,1.839313881646376e-05,-3.1148106700129574e-05
1.4256466329243267e-05,-4.434042421053164e-05,6.220726572792046e-05,-1.194310789287556e-05,3.605638045200976e-05,-2.0873001631116495e-05,3.2207271942752413e-06,-1.9801956113951746e-05,3.888347691827221e-06,-2.714271295189974e-05,9.738263997860486e-06,-5.266244215818006e-06
-4.801258455700008e-06,-9.953452172339894e-05,0.00014551346612279303,-2.337243631700403e-05,7.592892870889045e-05,-1.6642352420603856e-05,-1.1220181022508768e-05,-3.063390249735676e-05,1.6659284369779925e-05,-4.376485594548285e-05,3.0173461709637195e-05,-3.8305637644953094e-05
6.169557991597685e-06,-7.491618453059345e-05,7.48222300899215e-05,-5.098401379655115e-05,1.1009765330527443e-05,4.937942549076979e-06,2.1221345605226816e-05,-3.6110286600887775e-06,2.0578883777488954e-05,-2.364889132877579e-05,2.8627387109736446e-05,-1.420699777554546e-05
1.2556167575894506e-05,-8.615344449935947e-05,0.00010568196557869669,-8.685612101544393e-06,6.753803518222412e-05,-1.4629312772740377e-05,-1.3984566976432689e-05,-2.493138049430854e-05,9.122168421527022e-06,-4.821536822419148e-05,2.7418495847086888e-05,-2.5717145945236553e-05
9.762088666320778e-06,-6.28080494493588e-05,7.920069174360833e-05,-2.314618632226484e-05,3.580096017685719e-05,-5.523838808585424e-06,-6.038853598511196e-06,-1.6200899608520558e-05,1.0523453056521248e-05,-2.9497515384946382e-05,1.9446020019131538e-05,-1.1517865914356662e-05
-6.6481975409260485e-06,-5.026560441478978e-05,5.86081616802403e-05,-2.7158417651662603e-05,2.370215247537999e-05,2.562413214945991e-08,9.388263464416013e-06,9.192730999529886e-06,1.025301116897026e-06,-1.6019987015170045e-05,1.0264442607876845e-05,-1.2114467835999676e-05
-3.4762315124226006e-06,-4.511824772635009e-05,6.130348265287466e-05,3.223835847165901e-07,4.0280670873471536e-05,-1.2873498462795396e-05,4.49699473392684e-06,-1.5898766378086293e-05,5.8840848851104965e-06,-3.060599829041166e-05,1.7732859760144493e-05,-2.204773090852541e-05
-2.560234861448407e-06,-3.8480095099657774e-05,6.61154026602162e-05,3.6824640119448304e-06,4.666110999096418e-05,-1.2364069107206888e-05,2.7115241749697816e-06,-2.1644857952196617e-05,6.299383130681235e-07,-3.413163585719303e-05,9.804299224924762e-06,-2.0423849491635337e-05
-5.187831220609951e-06,-4.067927397954918e-05,6.886575010867091e-05,-2.8646268219745252e-06,4.551277379505336e-05,-1.0136732271348592e-05,-1.1249373983446276e-05,-1.1006024578819051e-05,-4.660128070099745e-07,-2.217060227849288e-05,9.639678410167107e-06,-2.02577239178936e-05
2.1007260784244863e-06,-4.902325190414558e-05,7.283122113221907e-05,4.8032516701823624e-06,5.046360445248865e-05,-2.1593356905214023e-05,-3.0155325703162816e-06,-2.4944291908468585e-05,3.4746827708431738e-06,-3.8101278278190875e-05,1.1623537432114972e-05,-8.61931175677455e-06
-1.0023459253716283e-05,-7.463923202521983e-05,9.727828171435249e-05,-2.272748406539904e-05,4.5234407707539503e-05,-1.7827005649451166e-06,-2.0723158229429828e-06,-1.5275562873284798e-05,1.3177379059925443e-05,-2.9544842618633993e-05,2.6557238300028985e-05,-2.61817081081972e-05
1.9550687284208834e-05,-6.0017171108484035e-05,6.10629983839317e-05,-2.9769246793875936e-05,2.125539685948752e-05,-1.069553627530695e-05,6.347649218696461e-06,-1.5269904110937205e-05,1.6108764157252153e-05,-3.0778137897868874e-05,2.754756496869959e-05,-5.343067641661037e-06
1.304522777445527e-05,-5.0028540499624796e-05,5.487141606863588e-05,-4.164773599768523e-06,5.301832243276294e-05,-9.37137366463503e-06,1.3137469068169594e-07,-2.0432682504178956e-05,3.2579769140284043e-06,-3.416460549487965e-05,8.804733511169616e-06,-1.496707682235865e-05
3.866974202537676e-05,-0.00011770074343075976,0.00010615784503897885,-9.21408245631028e-05,1.4517596127916477e-05,6.394993761205114e-07,1.4734804153704317e-05,-1.0382663276686799e-05,2.5405168344150297e-05,-4.131549576413818e-05,6.827925062680151e-05,-6.864183887955733e-06
6.035232217982411e-06,-6.069793289498193e-05,7.778870258334791e-05,-2.636010344758688e-05,1.7899587419378804e-05,-8.60084946907591e-06,-4.0525020494897035e-06,-1.6044640233303653e-05,1.5455327684321674e-05,-2.8766012491132642e-05,4.7936566261341795e-05,-2.0593376575561706e-05
7.279131750692613e-07,-5.860234523424879e-05,7.501452364522265e-05,-1.3293204574438278e-05,3.6215449654264376e-05,-1.3108435268804897e-05,-1.072003215085715e-05,-1.5771685951904146e-05,6.595864761038683e-06,-2.131531527993502e-05,2.6284795239917003e-05,-1.2027524917357368e-05
4.974152943759691e-06,-0.00011009414083673619,0.00010722368824644946,-2.9728572371823248e-05,5.7069411923293956e-05,-8.356535090570105e-06,1.089264435449877e-05,-2.2785033706895774e-05,2.6864582650887314e-05,-6.01251103944378e-05,5.386060001910664e-05,-2.979568853334058e-05
4.719538083008956e-06,-8.574112416681601e-05,9.01190574040811e-05,-5.315950693329796e-05,1.9514435962264542e-05,-4.979049208486686e-07,9.195248821924906e-06,-1.3906078265790711e-05,3.3061057365557645e-05,-3.483819091343321e-05,5.8521163737168536e-05,-2.6987694127456052e-05
-4.78155016025994e-06,-6.284467053774279e-05,6.605431222794778e-05,-2.831775327649666e-05,1.710548667688272e-05,-1.2959712876181584e-06,2.1455295609484892e-05,-1.1833211829070933e-05,2.7245138880971354e-05,-3.272488811489893e-05,3.413618821923592e-05,-2.4198373012040975e-05
-2.8504073270596564e-06,-6.212923108250834e-05,4.602238550432958e-05,-4.9211587793251965e-05,3.861590357701061e-06,7.667862234939093e-06,1.9388603050174424e-05,9.733759725349955e-06,2.8578051569638774e-05,-8.467634188491502e-06,3.120048768323613e-05,-2.3793882178324566e-05
1.1591691922774316e-05,-3.979816574428696e-05,6.446589941333514e-05,-2.375554231548449e-05,1.3358712749322876e-05,-1.1608896784309763e-05,-1.9909211914637126e-06,-1.6314517210958e-05,7.196853630375699e-06,-2.0203067293778076e-05,2.094919068440504e-05,-3.8912367017474025e-06
4.070647491971613e-06,-5.547681462303444e-05,6.088488635214162e-05,-3.761768948606914e-05,9.95874017917231e-06,-1.7515062609163579e-06,1.2220889402669854e-06,-5.8378618632559665e-06,1.4815082067798357e-05,-1.9947485725424485e-05,3.783540535096108e-05,-8.155495834216708e-06
8.608026746514952e-06,-8.782023724052124e-05,8.889478704077192e-05,-4.494288805290125e-05,2.5428200501664833e-05,-1.242465259565506e-07,5.90889152363161e-06,-1.27129733300535e-05,2.0782023057108745e-05,-3.2439883398183156e-05,5.1546041504479945e-05,-2.3127742679207586e-05
4.308200544755891e-06,-6.193031549628358e-05,7.861434278311208e-05,-2.1537201973842457e-05,2.6529453407420078e-05,-8.557059572922299e-06,1.7522597772767767e-06,-1.9645671727630543e-05,9.890186902339337e-06,-2.4682368803041754e-05,3.523674968164414e-05,-1.9978577029178268e-05
4.2197232232865645e-06,-5.510418941412354e-05,5.9918663509961334e-05,-2.413561151115573e-05,9.898362804960925e-06,-1.3781209418084472e-06,3.7516005590987334e-06,-3.2928546715993434e-06,9.17340275918832e-06,-1.886949576146435e-05,2.948258406831883e-05,-1.366406115543839e-05
6.623583885811968e-06,-6.237836532818619e-05,7.530967923230492e-05,-1.3802700721043948e-05,3.3241773962799925e-05,-8.472564559269813e-06,-1.9625681062507283e-06,-2.4316715098393615e-05,1.3205043842390296e-05,-3.818487675744109e-05,3.6951487345504574e-05,-1.6213778508245014e-05
-1.6312934349116404e-05,-6.461807788582519e-05,0.00010435474541736767,2.982087153213797e-05,9.55311297730077e-05,-3.590778487705393e-05,-2.9836622161383275e-05,-3.581872442737222e-05,-3.985908733739052e-06,-4.320739935792517e-05,3.3990906331382575e-05,-3.401019603188615e-05
1.5317696806960157e-05,-5.1334376621525735e-05,6.813810250605457e-05,-1.3835586742061423e-05,2.1217832454567542e-05,-1.5520675106017734e-05,8.070882131505641e-07,-1.8410443090033368e-05,4.5238942334435706e-06,-3.132818619633326e-05,3.072840672757593e-05,-1.0303754606866278e-05
6.056709025870077e-06,-6.0428035794757307e-05,4.516989065450616e-05,-3.853874159176485e-05,1.9723011519090505e-05,2.1921078314335318e-05,7.86099167271459e-06,1.4584393284167163e-06,8.734192306292243e-06,-1.8366188669460826e-05,1.3899091300118016e-05,-7.490439998036891e-06
4.650983100873418e-06,-6.240429615900212e-05,4.12590668474877e-05,-3.6736945276061306e-05,7.3294377784804965e-06,8.688115030963672e-06,1.7660005141806323e-05,5.784899371974461e-06,2.1564272174146026e-05,-2.0274322878321982e-05,2.525884929127642e-05,-1.278006175198243e-05
-2.363741231192762e-06,-4.265402276359964e-05,6.428624965337804e-05,-7.957258048918447e-06,2.669334890015307e-05,-1.6246702216449194e-05,6.06705725658685e-07,-1.3715248769585742e-05,2.4001489009606303e-06,-2.325604276620652e-05,2.6694474854593864e-05,-1.4487909993476933e-05
1.3908602795709157e-05,-9.450352081330493e-05,0.00011357219227647875,-5.088145610443462e-05,1.9314060864417115e-05,-9.315802799392259e-06,6.450878913710767e-06,-1.663033373233702e-05,2.7810388019133825e-05,-3.767116504604928e-05,5.420358593255514e-05,-2.625743036333006e-05
-8.667118208904867e-06,-8.082218755589565e-05,0.00011182793923580903,-4.6415621909545735e-05,5.859510929440148e-05,-1.5035274827823741e-05,-5.523800041373761e-06,-2.0816201072193508e-05,2.3502029762312304e-05,-2.419763177385903e-05,4.9476351705379784e-05,-4.192359710941673e-05
-2.487726078470587e-06,-7.789209848851897e-05,0.00010062946239486337,-5.614663677988574e-05,2.945510618701519e-05,1.4559975625161314e-07,7.182804893091088e-06,-1.2325627722020727e-05,2.202280438723392e-05,-2.8329871611276758e-05,4.4119513404439203e-05,-2.637332295307715e-05
1.2970509459364621e-05,-6.616702648898354e-05,7.611243199789897e-05,-3.83140272788296e-05,9.646360012993682e-06,-4.931553121423349e-08,1.937841261678841e-06,-8.369158422283363e-06,1.4055891824682476e-05,-2.221531337909255e-05,3.372034245785471e-05,-1.3328536624612752e-05
6.625229434575886e-05,4.419733886606991e-05,0.00017200697038788348,5.2717296057380736e-05,-0.0007775145350024104,5.9854835853911936e-05,6.147247040644288e-05,6.18183403275907e-05,7.944236131152138e-05,5.392062303144485e-05,7.512644515372813e-05,5.0705537432804704e-05
1.6389325196541904e-05,-4.981717393093277e-05,6.138744174677413e-05,-1.2860533388447948e-05,7.042408833513036e-05,-2.6251442250213586e-05,-1.3062906873528846e-05,-2.9449868634401355e-05,3.0666187740280293e-06,-2.6804769277077867e-05,3.361510971444659e-05,-2.663589758356011e-05
-0.0015429158229380846,-0.0015272405580617487,0.016913748811930418,-0.0015407984610646963,-0.0015214339946396649,-0.001538383192382753,-0.001524594088550657,-0.0015412869397550821,-0.0015656754840165377,-0.0015217394102364779,-0.0015506758936680853,-0.001539004617370665
1.9674907434819033e-05,-7.272311086126138e-05,7.002648271736689e-05,-3.54109286035964e-05,1.3220096207078313e-05,-2.9903706035838695e-06,3.536562189765391e-06,-3.774947799684014e-06,7.699818297624006e-06,-2.6656961381377187e-05,3.1228769330482464e-05,-3.830314994957007e-06
3.293545887572691e-06,-7.739919237792492e-05,9.478820084041217e-05,1.2694207498498145e-05,5.6630276958458126e-05,-1.7917611671691702e-05,-6.986008429521462e-06,-3.391230620763963e-05,8.85965800989652e-06,-5.509430957317818e-05,3.399992419872433e-05,-1.8956386497848143e-05
-1.8581736611622546e-06,-6.627500442846213e-05,7.020289967840654e-05,-4.087368324690033e-05,1.5594880551361712e-05,6.510967409667501e-06,7.158000698836986e-06,5.432752914202865e-08,1.4614072370022768e-05,-2.296156708325725e-05,3.289379310444929e-05,-1.5060513078424265e-05
9.479258096689591e-06,-7.341834270846448e-05,5.961312217550585e-05,-3.3511217225168366e-05,1.3641177019962925e-05,4.069902502124023e-06,1.2996000691600784e-05,-1.4515403563564178e-06,1.0294091680407291e-05,-2.1591229597106576e-05,2.8445388807085692e-05,-8.566612109461857e-06
2.2837010078546882e-06,-7.242870182722072e-05,7.64420998393689e-05,-4.3020324483222794e-05,1.938097489073698e-05,7.795143346811528e-06,1.052247398547479e-05,-1.0318873023607011e-05,2.26029795840077e-05,-3.2113662200572435e-05,3.682266878968221e-05,-1.7968483547292635e-05
3.477954578556819e-06,-6.447317969104915e-05,8.256016553787049e-05,7.47922246091548e-06,4.2272075233995565e-05,-1.3766626125288894e-05,-9.398964394335962e-06,-2.2489900857181055e-05,-3.709045358846197e-06,-3.4442414516888675e-05,3.0108533792372327e-05,-1.7617818912185612e-05
1.4249107437080966e-05,-7.866178566473536e-05,6.601127279282082e-05,-2.440949128867942e-05,1.621221690584207e-05,3.7156797816351173e-06,9.905052138492465e-06,-6.814025255152956e-06,1.230167299581808e-05,-2.9689577331737382e-05,2.6113877083844272e-05,-8.934001016314141e-06
-4.003843741884339e-06,-8.473014531773515e-05,0.0001030368366627954,-1.581104277192935e-05,4.773556247528177e-05,-1.2863298252341338e-05,2.2651968265563482e-06,-2.1164067220524885e-05,1.670045003265841e-05,-4.4952916141483e-05,4.071049625054002e-05,-2.692323141673114e-05
-9.492153367318679e-06,-0.00010091831973113585,0.00012885605156043312,-3.7616076497215545e-05,3.7755286484753015e-05,-3.376234076313267e-06,2.9967770558414486e-06,-1.895010746011394e-05,1.3679091352969408e-05,-3.547175037965644e-05,5.089556884740887e-05,-2.8358143822515558e-05
2.432400151519687e-05,-9.508685616310686e-05,9.41027064982336e-05,-4.869383565164753e-05,1.58471893882961e-05,-7.855925900912553e-06,1.4441459370573284e-05,-2.011585741001909e-05,2.7686275643645786e-05,-4.439598706085235e-05,4.918207741866354e-05,-9.435252195544308e-06
5.027676735380737e-06,-6.174080044729635e-05,8.491601693094708e-05,-8.286138836410828e-06,4.2010252855106955e-05,-1.8905849174188916e-05,-9.917135002979194e-06,-2.893050395869068e-05,2.666602426870668e-06,-3.689531104100752e-05,3.870873388223117e-05,-8.65354832058074e-06
6.724843728989072e-06,-9.894826871459372e-05,0.0001248192238563206,-1.7820602806750685e-05,5.758004044764675e-05,-1.4137267044134205e-05,-4.202793661534088e-06,-2.528509867261164e-05,5.4675587648489454e-06,-5.0537826609797776e-05,4.392341543280054e-05,-2.7583220798987895e-05
-1.5064839317346923e-05,-9.035119364853017e-05,0.00011571425511647249,-3.229999947507167e-05,2.550351518948446e-05,-3.952756742364727e-06,5.162365141586633e-06,-1.0219546993539552e-05,1.4667718460259493e-05,-2.9860308131901547e-05,5.244493416967089e-05,-3.174414177919971e-05
5.265024128675577e-06,-6.610080345126335e-05,7.184373498603236e-05,-4.286885632609483e-05,5.118807848703e-06,5.328390216163825e-06,6.78586411595461e-06,-2.3939765014802106e-06,1.4505659237329382e-05,-2.0744836547237355e-05,2.91880623990437e-05,-5.927069864242185e-06
2.086047550164949e-05,-8.382600753975566e-05,0.00010830929568328429,-2.985027549584629e-05,5.771038502278003e-05,-1.5949583485053154e-05,-6.442127187256119e-06,-2.5210594230884453e-05,2.1109362933202647e-06,-3.921818915841868e-05,2.5375346012879163e-05,-1.386965823257924e-05
-2.4554674382670783e-06,-9.318818774772808e-05,8.087216701824218e-05,-4.521458049566718e-05,3.6094024835620075e-05,9.303589280307278e-06,1.7595542885828763e-05,-2.4593427951913327e-06,2.0555860373860924e-05,-3.0173913728503976e-05,3.1241219403455034e-05,-2.217091014244943e-05
2.18646137000178e-05,-7.448390533681959e-05,6.402026156138163e-05,-3.6702276247524424e-05,1.3754490737483138e-05,-3.6688020372821484e-06,9.971449344448047e-06,-6.969178457438829e-06,1.9477634623399354e-05,-3.320981795695843e-05,3.4977906125277514e-05,-9.032377647599787e-06
3.721522261912469e-06,-7.501356822103844e-05,7.39890310796909e-05,-2.8316128918959294e-05,2.789713744277833e-05,3.000953995524469e-06,4.639801318262471e-06,-6.1205062706903846e-06,3.626611942308955e-06,-2.644090432113444e-05,2.8952555567229865e-05,-9.936505421137554e-06
-8.577405992582499e-06,-7.93522922322154e-05,9.856449560174951e-05,-1.754676668497268e-05,5.352291191229597e-05,-1.1068225603594328e-05,-8.934978040997521e-06,-3.1085363843885716e-05,1.850904254752095e-05,-3.7314977362257196e-05,5.0071765144821256e-05,-2.6788207833305933e-05
-1.0916927863036108e-05,-2.4136272941177594e-05,0.00021159405878279358,-2.3446308205166133e-05,-1.548078989799251e-05,-2.564960004747263e-05,-1.04414081079085e-05,-2.5499763523839647e-05,-1.2207681038489682e-05,-2.6939305939777114e-05,-9.74837814737839e-06,-2.712762579903938e-05
2.1664435166712792e-05,-0.0002483170756022446,1.5577757721985108e-05,2.5182040388926907e-05,1.83693045983091e-05,1.6857310129125835e-05,1.725020592857618e-05,3.9890680000098655e-05,5.736874300055206e-06,4.082018131157383e-05,1.7206467873620568e-05,2.9761823498120066e-05
1.2653461908485042e-05,-0.000133049115902395,0.0001256225577890291,-4.1380556467629503e-05,7.00350547049311e-05,-1.3058785953035112e-05,9.973820908726339e-06,-1.8286196336703142e-05,2.155933702852053e-05,-5.850152956554666e-05,5.5924460639289464e-05,-3.1492502330365824e-05
6.934707130312745e-06,-8.206121492548846e-05,9.127670637099072e-05,-9.203039780913969e-06,7.769823423586786e-05,-1.5294011348032654e-05,-1.9750393107642594e-06,-3.0085981961747166e-05,7.731345363026776e-06,-5.076843808637932e-05,3.699981243698858e-05,-3.1253081033355556e-05
1.203887268275139e-05,-7.717543212493183e-05,7.200555251074547e-05,-1.2804902326024603e-05,4.2474334804865066e-05,-8.636870461486978e-06,1.4798063148191432e-06,-1.4545003523380728e-05,1.0667992228263756e-05,-3.792636448451958e-05,2.6359122330177343e-05,-1.3937104995420668e-05
5.960510883085135e-06,-7.522252099079196e-05,7.6330282837489e-05,-3.1782480618858244e-05,3.5455618217383744e-05,-7.5061872735204815e-06,1.6476784821861656e-05,-1.9417698695178842e-05,2.808960562106222e-05,-3.95398898831445e-05,3.833361733995844e-05,-2.7177642891729192e-05
1.590713338828209e-06,-0.0001050929809025547,0.00010327014211952701,-1.9882350898114964e-05,5.667917139362544e-05,-4.612678367266199e-06,4.10159736929927e-06,-8.959015417531191e-06,1.240595338458661e-05,-4.7734692827816616e-05,3.3691690987325273e-05,-2.545754659877275e-05
-8.61219677972258e-06,-9.456789484829642e-05,8.578612619203341e-05,-2.860500171664171e-05,3.3936223189812154e-05,6.257385393837467e-06,1.2685939225320908e-05,-6.379506430675974e-06,2.4909444277909643e-05,-4.1469427742413245e-05,4.870201701123733e-05,-3.264311271777842e-05
4.689138677349547e-06,-9.783846462596557e-05,9.944196858668874e-05,-2.1262238448116477e-05,4.713864353789177e-05,-9.602403679309646e-06,4.973817340214737e-07,-1.6782954190830424e-05,2.2044178876967635e-05,-4.7605950555862364e-05,4.749834010908671e-05,-2.821763996507798e-05
1.5298487596737687e-06,-0.00011933174846490147,0.00011905974497494753,-6.747885890945327e-05,2.7515510737430304e-05,4.07456263928907e-06,7.452755198755767e-06,-3.948862286051735e-06,2.4713984203117434e-05,-3.2568124879617244e-05,6.472873110396904e-05,-2.5747549841526052e-05
3.674713661894202e-05,-8.388730930164456e-05,7.938500857562758e-05,-1.129556838463941e-05,5.584588143392466e-05,-1.0398003723821603e-05,-6.6500842876848765e-06,-1.991985300264787e-05,5.3756557463202626e-06,-4.565712492876628e-05,2.7812864573206753e-05,-2.7358597435522825e-05
5.046154115007084e-06,-8.252131374320015e-05,8.555181602787343e-05,-2.423880960122915e-05,4.39666858937926e-05,-7.349308361881413e-07,2.1738169380114414e-06,-1.7480184055784775e-05,8.782905297266552e-06,-3.888877108693123e-05,3.8921897612453904e-05,-2.057927122223191e-05
2.090191628667526e-07,-8.993058509076945e-05,0.00010452963397256099,-1.2769252407451859e-05,6.030167878634529e-05,-7.5070543061883654e-06,5.665542630595155e-06,-1.9421374474859476e-05,1.1640953289315803e-05,-4.975038245902397e-05,2.9988893857080257e-05,-3.295706665085163e-05
3.3863163935166085e-06,-0.00014034422906661348,0.00013493565597855195,-4.660290477431772e-05,7.006105602158641e-05,-1.2483383216022048e-06,1.2702344747594907e-05,-1.6456442608614452e-05,2.0847048290306702e-05,-5.867213980081942e-05,5.511532569357769e-05,-3.372368654552815e-05
6.853994591438095e-06,-0.00014523644131259061,0.00015128010272746906,-5.53891618437774e-05,7.088310042036028e-05,-8.679458460392198e-06,2.2909930521564092e-06,-2.9219772841315717e-05,2.605533290989115e-05,-5.560239446822379e-05,6.964546207655076e-05,-3.288176139903953e-05
1.2181676538602915e-05,-0.00010589790110770991,0.00011912975696759531,-4.216231172904372e-05,5.015107672079466e-05,-1.2471724403440021e-05,-5.254129973764066e-06,-2.093400712510629e-05,1.3102319144309149e-05,-3.9325024204117653e-05,5.055593737779418e-05,-1.9075670024903957e-05
1.1286384278719197e-05,-0.00014073184775043046,0.00014038162044016644,-6.062851753085852e-05,5.392750426835846e-05,-4.6306422518682666e-07,1.5389626923933974e-05,-1.4615357940783724e-05,2.1783929696539417e-05,-6.027585331480623e-05,5.865949583494512e-05,-2.4713910647733428e-05
-4.208175141684478e-06,-7.076583278831095e-05,0.00010558242684055585,-3.295635906397365e-06,5.342742952052504e-05,-2.1377526422838855e-05,-1.1463124337751651e-05,-2.3002105248970395e-05,1.2322283282628632e-06,-3.757172044061008e-05,3.3370668461429887e-05,-2.1928635078438674e-05
1.0741969163063914e-05,-0.00010298468987457454,0.00013987444253871217,-1.5097230175342702e-05,6.285204653977416e-05,-1.7305846540693892e-05,-1.785450967872748e-05,-3.138358715659706e-05,-6.923626415300532e-06,-5.332436012395192e-05,5.450889148050919e-05,-2.3103501916921232e-05
-3.833043308532069e-06,-8.590032848587725e-05,9.420955757377669e-05,-1.0467736046848586e-06,4.907421680400148e-05,1.5108993380863467e-06,-1.03708134702174e-06,-1.6435170891782036e-05,5.26247970356053e-06,-4.553407597995829e-05,2.529533276174334e-05,-2.1566011582763167e-05
-0.00018685771647142246,-0.0001752128118823748,0.00042114913958357647,-0.0002232414117315784,-0.0001849258715083124,-0.00021677107361028902,-0.0002955824966193177,-0.0001799612455215538,-0.0001744130568113178,-0.00017244572518393397,0.0015688581988797523,-0.00018059594731312245
1.573407007526839e-05,-0.00011994190299446927,0.00012098059778509196,-2.8870421374449506e-05,6.7519115759751e-05,-1.2659294725381187e-05,-5.561162652156781e-06,-2.168745540132022e-05,2.9827870093868114e-06,-4.9502956244396046e-05,4.968367557012243e-05,-1.8677049411053304e-05
1.2577148027048679e-05,-0.00011240319690841716,0.00010871578251681058,-5.188751083551324e-05,4.969439567048539e-05,1.2528809065770474e-06,3.8381263038900215e-06,3.7560032524197595e-06,2.923061401816085e-06,-3.8833899907331215e-05,3.915414163202513e-05,-1.878693456092151e-05
2.423679416097002e-05,-0.00011563631778699346,0.00010955028665193822,-3.674823437904706e-05,5.798593429062748e-05,-5.572375357587589e-06,7.16809336154256e-06,-2.537224645493552e-05,1.989048246286984e-05,-5.10001473230659e-05,4.11477585657849e-05,-2.5650027964729816e-05
6.8295186963496235e-06,-0.00012653899830183946,0.00011910878674825653,-5.126235009811353e-05,4.078854908584617e-05,-3.1823253721086076e-06,1.80118888835068e-05,-1.268048026759061e-05,3.215119068045169e-05,-4.715351133199874e-05,5.250870162853971e-05,-2.8580971957126167e-05
2.977365511469543e-06,-0.00013062818470643833,0.00013413041415333282,-4.0856353734852746e-05,5.34051450813422e-05,-3.8608012573604356e-06,5.30396141584788e-06,-1.078057846370939e-05,1.877372346825723e-05,-5.539386529562762e-05,6.359221151797101e-05,-3.66630447388161e-05
0.00032123830169439316,-0.00027821828552987427,0.0004248380137141794,9.981590483221225e-05,0.0003890053485520184,0.0004377712175482884,0.00027900080021936446,-0.003481121186268865,0.00042763451347127557,0.0004592149198288098,0.0005039795905759092,0.00041684083407744765
4.537666313808586e-06,-0.00016185082495212555,0.00017580758139956743,-4.987605097994674e-05,7.753998761472758e-05,-3.8677535485476255e-06,-3.5818007404486707e-06,-1.8443932276568376e-05,7.845758545954595e-06,-6.37244047538843e-05,6.624486195505597e-05,-3.063109306822298e-05
